timestamp,open,high,low,close,volume
2025-09-10 06:25:00+00:00,100.04571800946098,100.11023551541184,99.98120050351012,100.04571800946098,447.0
2025-09-10 06:26:00+00:00,100.04571800946098,99.96455968558396,99.81498180072404,99.889770743154,401.0
2025-09-10 06:27:00+00:00,99.889770743154,100.17644659633345,99.82810870633881,100.00227765133613,357.0
2025-09-10 06:28:00+00:00,100.00227765133613,100.25073955885345,100.03619073269643,100.14346514577494,162.0
2025-09-10 06:29:00+00:00,100.14346514577494,99.90939247575483,99.79224440632288,99.85081844103885,329.0
2025-09-10 06:30:00+00:00,99.85081844103885,100.0522676207586,99.25967890176473,99.65597326126166,419.0
2025-09-10 06:31:00+00:00,99.65597326126166,100.08662516900462,99.26354519771455,99.67508518335958,82.0
2025-09-10 06:32:00+00:00,99.67508518335958,99.73359009451458,99.52203817566435,99.62781413508947,129.0
2025-09-10 06:33:00+00:00,99.62781413508947,99.82836126734276,99.42224547832072,99.62530337283174,281.0
2025-09-10 06:34:00+00:00,99.62530337283174,99.57303891311606,99.42277659817317,99.49790775564462,211.0
2025-09-10 06:35:00+00:00,99.49790775564462,99.82375079806528,99.43473269315416,99.62924174560972,369.0
2025-09-10 06:36:00+00:00,99.62924174560972,100.06247551999388,99.42861609767237,99.74554580883313,230.0
2025-09-10 06:37:00+00:00,99.74554580883313,100.10744694936406,99.40340445075535,99.7554257000597,498.0
2025-09-10 06:38:00+00:00,99.7554257000597,100.3425318087438,99.50595023371754,99.92424102123067,184.0
2025-09-10 06:39:00+00:00,99.92424102123067,100.082226591222,99.9064511511782,99.9943388712001,212.0
2025-09-10 06:40:00+00:00,99.9943388712001,99.97020455790762,99.76086609486133,99.86553532638447,51.0
2025-09-10 06:41:00+00:00,99.86553532638447,100.15408901465496,99.68748868082879,99.92078884774187,161.0
2025-09-10 06:42:00+00:00,99.92078884774187,99.90449955933019,99.64984783311485,99.77717369622252,155.0
2025-09-10 06:43:00+00:00,99.77717369622252,100.20610572465759,99.61136284876832,99.90873428671296,393.0
2025-09-10 06:44:00+00:00,99.90873428671296,100.12188747170167,99.68061755830841,99.90125251500504,201.0
2025-09-10 06:45:00+00:00,99.90125251500504,100.06749662940186,99.67961213649326,99.87355438294756,141.0
2025-09-10 06:46:00+00:00,99.87355438294756,100.04435540911265,99.49883695238668,99.77159618074967,191.0
2025-09-10 06:47:00+00:00,99.77159618074967,100.05483827890858,99.85461450860338,99.95472639375598,303.0
2025-09-10 06:48:00+00:00,99.95472639375598,100.1922191796912,99.67090112152968,99.93156015061044,403.0
2025-09-10 06:49:00+00:00,99.93156015061044,99.97380962255365,99.76094151857113,99.86737557056239,490.0
2025-09-10 06:50:00+00:00,99.86737557056239,100.4694651714175,99.15981386674623,99.81463951908187,71.0
2025-09-10 06:51:00+00:00,99.81463951908187,99.9245299720097,99.8642094677656,99.89436971988765,428.0
2025-09-10 06:52:00+00:00,99.89436971988765,99.9916516063694,99.90663526919047,99.94914343777994,225.0
2025-09-10 06:53:00+00:00,99.94914343777994,100.21724945426153,99.80483255105328,100.01104100265741,413.0
2025-09-10 06:54:00+00:00,100.01104100265741,100.54762535402082,99.60375899740882,100.07569217571482,66.0
2025-09-10 06:55:00+00:00,100.07569217571482,100.68932119155009,100.10607764324426,100.39769941739718,331.0
2025-09-10 06:56:00+00:00,100.39769941739718,100.54235355084364,100.13067319017185,100.33651337050775,468.0
2025-09-10 06:57:00+00:00,100.33651337050775,100.57327099872033,99.94562501583287,100.2594480072766,67.0
2025-09-10 06:58:00+00:00,100.2594480072766,100.15033848334184,100.12394164427542,100.13714006380863,405.0
2025-09-10 06:59:00+00:00,100.13714006380863,100.48376290316318,99.97564999290961,100.2297064480364,101.0
2025-09-10 07:00:00+00:00,100.2297064480364,100.76886581756015,100.03030436419972,100.39958509087994,491.0
2025-09-10 07:01:00+00:00,100.39958509087994,100.56136975250281,100.20348252975653,100.38242614112967,384.0
2025-09-10 07:02:00+00:00,100.38242614112967,100.44928463813982,100.06271616720174,100.25600040267078,459.0
2025-09-10 07:03:00+00:00,100.25600040267078,100.54548404233384,99.71869247217202,100.13208825725293,453.0
2025-09-10 07:04:00+00:00,100.13208825725293,100.51153487472098,99.94817267592833,100.22985377532466,192.0
2025-09-10 07:05:00+00:00,100.22985377532466,100.34304798377283,100.34027296560095,100.34166047468689,237.0
2025-09-10 07:06:00+00:00,100.34166047468689,100.63039270434831,100.21649787216035,100.42344528825433,361.0
2025-09-10 07:07:00+00:00,100.42344528825433,100.41756843640543,100.2289238489651,100.32324614268526,128.0
2025-09-10 07:08:00+00:00,100.32324614268526,100.81186760867726,99.90451037723102,100.35818899295414,187.0
2025-09-10 07:09:00+00:00,100.35818899295414,100.90952865558346,99.84198353444204,100.37575609501275,94.0
2025-09-10 07:10:00+00:00,100.37575609501275,100.75318710035091,100.06418899158527,100.40868804596809,449.0
2025-09-10 07:11:00+00:00,100.40868804596809,100.76719260726946,100.31285218102022,100.54002239414484,161.0
2025-09-10 07:12:00+00:00,100.54002239414484,100.83757779200324,100.30991921160857,100.57374850180591,234.0
2025-09-10 07:13:00+00:00,100.57374850180591,100.67697697578268,100.67546701192296,100.67622199385282,253.0
2025-09-10 07:14:00+00:00,100.67622199385282,100.94305422955254,100.42980160890203,100.68642791922728,219.0
2025-09-10 07:15:00+00:00,100.68642791922728,100.83566828938405,100.62453768715477,100.73010298826941,400.0
2025-09-10 07:16:00+00:00,100.73010298826941,100.86289443750968,100.78817107431254,100.82553275591111,461.0
2025-09-10 07:17:00+00:00,100.82553275591111,100.88084168046353,100.32994963218806,100.6053956563258,307.0
2025-09-10 07:18:00+00:00,100.6053956563258,100.74086218623131,100.3734703069949,100.55716624661311,426.0
2025-09-10 07:19:00+00:00,100.55716624661311,100.49407477115484,100.47840974542608,100.48624225829046,99.0
2025-09-10 07:20:00+00:00,100.48624225829046,100.39447029561562,100.38551117245167,100.38999073403365,484.0
2025-09-10 07:21:00+00:00,100.38999073403365,100.4169951921444,100.28013878907832,100.34856699061136,102.0
2025-09-10 07:22:00+00:00,100.34856699061136,100.67185289880531,100.47583170863156,100.57384230371844,79.0
2025-09-10 07:23:00+00:00,100.57384230371844,100.46160496196453,100.42500932799791,100.44330714498122,60.0
2025-09-10 07:24:00+00:00,100.44330714498122,100.59795132469874,100.58064619523238,100.58929875996556,159.0
2025-09-10 07:25:00+00:00,100.58929875996556,100.59868774435486,100.07271413237058,100.33570093836272,426.0
2025-09-10 07:26:00+00:00,100.33570093836272,100.48633309180009,100.0842913260391,100.28531220891959,185.0
2025-09-10 07:27:00+00:00,100.28531220891959,100.55465031748915,100.06494530360794,100.30979781054855,405.0
2025-09-10 07:28:00+00:00,100.30979781054855,100.45281789488587,100.34326684182668,100.39804236835627,240.0
2025-09-10 07:29:00+00:00,100.39804236835627,100.57940122043593,100.43101509355881,100.50520815699737,96.0
2025-09-10 07:30:00+00:00,100.50520815699737,100.71496797895917,100.5347973089681,100.62488264396363,262.0
2025-09-10 07:31:00+00:00,100.62488264396363,101.10506846411398,100.03945309364853,100.57226077888126,154.0
2025-09-10 07:32:00+00:00,100.57226077888126,100.72638205018933,100.27868857451398,100.50253531235165,181.0
2025-09-10 07:33:00+00:00,100.50253531235165,100.80227887182396,100.46164453814619,100.63196170498507,282.0
2025-09-10 07:34:00+00:00,100.63196170498507,100.90991904292235,100.29625866420963,100.60308885356599,405.0
2025-09-10 07:35:00+00:00,100.60308885356599,100.53079820902039,100.29073367743112,100.41076594322575,314.0
2025-09-10 07:36:00+00:00,100.41076594322575,100.2524598164102,100.22797935761322,100.24021958701171,150.0
2025-09-10 07:37:00+00:00,100.24021958701171,100.58100056968667,99.62313088980866,100.10206572974766,372.0
2025-09-10 07:38:00+00:00,100.10206572974766,100.24620089447808,100.10728670103981,100.17674379775895,363.0
2025-09-10 07:39:00+00:00,100.17674379775895,100.50847386305482,99.88782154441849,100.19814770373665,156.0
2025-09-10 07:40:00+00:00,100.19814770373665,100.31177024387374,100.29218874701526,100.3019794954445,433.0
2025-09-10 07:41:00+00:00,100.3019794954445,100.34182024968727,100.13361707050196,100.23771866009461,429.0
2025-09-10 07:42:00+00:00,100.23771866009461,100.27909437323197,100.2440235870398,100.26155898013589,321.0
2025-09-10 07:43:00+00:00,100.26155898013589,100.56840397113106,100.1429703083815,100.35568713975628,183.0
2025-09-10 07:44:00+00:00,100.35568713975628,100.48104361601054,100.1372182145094,100.30913091525997,209.0
2025-09-10 07:45:00+00:00,100.30913091525997,100.62482432394341,100.13094078857702,100.37788255626022,247.0
2025-09-10 07:46:00+00:00,100.37788255626022,100.43835621679467,100.11817964522972,100.2782679310122,134.0
2025-09-10 07:47:00+00:00,100.2782679310122,100.24865653206174,100.19868983121412,100.22367318163793,187.0
2025-09-10 07:48:00+00:00,100.22367318163793,100.22159735047305,100.11100434594121,100.16630084820713,110.0
2025-09-10 07:49:00+00:00,100.16630084820713,100.16433290564522,99.80924238941971,99.98678764753247,119.0
2025-09-10 07:50:00+00:00,99.98678764753247,100.3862286972708,99.73347240281059,100.0598505500407,384.0
2025-09-10 07:51:00+00:00,100.0598505500407,100.23335663548124,99.74548907478103,99.98942285513114,107.0
2025-09-10 07:52:00+00:00,99.98942285513114,100.17476802090347,99.80782556364049,99.99129679227198,261.0
2025-09-10 07:53:00+00:00,99.99129679227198,100.42271612066921,99.7041409188113,100.06342851974026,243.0
2025-09-10 07:54:00+00:00,100.06342851974026,100.63872865148004,99.62221761049462,100.13047313098733,70.0
2025-09-10 07:55:00+00:00,100.13047313098733,100.30680392006562,100.15411809830354,100.23046100918458,424.0
2025-09-10 07:56:00+00:00,100.23046100918458,100.33586449427186,100.09544597483672,100.21565523455429,492.0
2025-09-10 07:57:00+00:00,100.21565523455429,100.48760527716003,99.81648223306702,100.15204375511352,337.0
2025-09-10 07:58:00+00:00,100.15204375511352,100.14036146543698,100.13977565154018,100.14006855848858,352.0
2025-09-10 07:59:00+00:00,100.14006855848858,100.0141024062901,99.75976630633932,99.88693435631471,154.0
2025-09-10 08:00:00+00:00,99.88693435631471,99.73332918456954,99.60736694960853,99.67034806708904,429.0
2025-09-10 08:01:00+00:00,99.67034806708904,99.74030182300834,99.20528460711517,99.47279321506176,402.0
2025-09-10 08:02:00+00:00,99.47279321506176,99.89815745972305,98.75005466014304,99.32410605993304,247.0
2025-09-10 08:03:00+00:00,99.32410605993304,99.61899123182003,99.14837826459676,99.3836847482084,367.0
2025-09-10 08:04:00+00:00,99.3836847482084,99.50239391885842,98.99518929844939,99.2487916086539,479.0
2025-09-10 08:05:00+00:00,99.2487916086539,99.41017637502767,98.97484224152598,99.19250930827683,321.0
2025-09-10 08:06:00+00:00,99.19250930827683,99.78509267705863,98.98692406125895,99.38600836915879,139.0
2025-09-10 08:07:00+00:00,99.38600836915879,99.59176154693984,99.07406060685463,99.33291107689723,198.0
2025-09-10 08:08:00+00:00,99.33291107689723,99.47655442066583,99.40916805077366,99.44286123571975,133.0
2025-09-10 08:09:00+00:00,99.44286123571975,99.31277255803282,99.29462000898336,99.30369628350809,199.0
2025-09-10 08:10:00+00:00,99.30369628350809,99.4757519772132,99.07044789219086,99.27309993470203,450.0
2025-09-10 08:11:00+00:00,99.27309993470203,99.35230807007142,98.91115839621318,99.1317332331423,135.0
2025-09-10 08:12:00+00:00,99.1317332331423,99.17543559268974,98.98722969765471,99.08133264517222,451.0
2025-09-10 08:13:00+00:00,99.08133264517222,99.27080273963601,99.14179658409505,99.20629966186553,178.0
2025-09-10 08:14:00+00:00,99.20629966186553,99.10018951498151,98.79899202119842,98.94959076808996,274.0
2025-09-10 08:15:00+00:00,98.94959076808996,99.06062621339305,98.96755547400542,99.01409084369924,287.0
2025-09-10 08:16:00+00:00,99.01409084369924,99.10758900700688,98.99122279669137,99.04940590184913,106.0
2025-09-10 08:17:00+00:00,99.04940590184913,98.96378626332596,98.9585535897691,98.96116992654753,132.0
2025-09-10 08:18:00+00:00,98.96116992654753,98.94309409573741,98.55040029585423,98.74674719579582,187.0
2025-09-10 08:19:00+00:00,98.74674719579582,99.16394017340289,98.35092303695043,98.75743160517666,76.0
2025-09-10 08:20:00+00:00,98.75743160517666,98.82346376324865,98.5345877083498,98.67902573579923,389.0
2025-09-10 08:21:00+00:00,98.67902573579923,98.91171697994837,98.51522729878393,98.71347213936615,295.0
2025-09-10 08:22:00+00:00,98.71347213936615,98.7660301817834,98.6673855064839,98.71670784413365,430.0
2025-09-10 08:23:00+00:00,98.71670784413365,99.12927540412093,98.77907763066779,98.95417651739436,438.0
2025-09-10 08:24:00+00:00,98.95417651739436,99.08038363222053,98.75692643969688,98.91865503595871,206.0
2025-09-10 08:25:00+00:00,98.91865503595871,98.80918937443593,98.7246247413967,98.76690705791631,417.0
2025-09-10 08:26:00+00:00,98.76690705791631,99.14483643251434,98.44210432615905,98.7934703793367,77.0
2025-09-10 08:27:00+00:00,98.7934703793367,98.90713169765066,98.74502252813538,98.82607711289302,243.0
2025-09-10 08:28:00+00:00,98.82607711289302,99.04829017632102,99.0072446405201,99.02776740842056,349.0
2025-09-10 08:29:00+00:00,99.02776740842056,99.27842610084825,99.02536177938573,99.15189394011699,259.0
2025-09-10 08:30:00+00:00,99.15189394011699,99.57247370378214,98.83749591803048,99.20498481090631,382.0
2025-09-10 08:31:00+00:00,99.20498481090631,99.54224193427396,99.30370681292706,99.42297437360051,436.0
2025-09-10 08:32:00+00:00,99.42297437360051,99.58655157337816,98.90514203569512,99.24584680453664,240.0
2025-09-10 08:33:00+00:00,99.24584680453664,99.21595043006674,99.08535649590938,99.15065346298806,173.0
2025-09-10 08:34:00+00:00,99.15065346298806,99.03308939233726,98.99279714618343,99.01294326926035,312.0
2025-09-10 08:35:00+00:00,99.01294326926035,99.18676861473804,98.72336312107126,98.95506586790465,440.0
2025-09-10 08:36:00+00:00,98.95506586790465,98.75387674072641,98.74798647814228,98.75093160943435,494.0
2025-09-10 08:37:00+00:00,98.75093160943435,98.84828485287207,98.84183327260013,98.8450590627361,416.0
2025-09-10 08:38:00+00:00,98.8450590627361,99.14983466979261,98.47439759043122,98.81211613011192,160.0
2025-09-10 08:39:00+00:00,98.81211613011192,98.72734211571648,98.46137029802682,98.59435620687165,142.0
2025-09-10 08:40:00+00:00,98.59435620687165,98.52383830444063,98.36471169928234,98.44427500186148,307.0
2025-09-10 08:41:00+00:00,98.44427500186148,98.59239095607354,98.38877175271254,98.49058135439304,230.0
2025-09-10 08:42:00+00:00,98.49058135439304,98.72822008402674,98.50074107573205,98.6144805798794,324.0
2025-09-10 08:43:00+00:00,98.6144805798794,99.05402914625941,98.76653726783607,98.91028320704774,465.0
2025-09-10 08:44:00+00:00,98.91028320704774,99.45999373273574,99.22709788853908,99.34354581063741,297.0
2025-09-10 08:45:00+00:00,99.34354581063741,99.45056739661992,99.36006932692563,99.40531836177277,209.0
2025-09-10 08:46:00+00:00,99.40531836177277,99.96996078175903,98.54579878450741,99.25787978313322,441.0
2025-09-10 08:47:00+00:00,99.25787978313322,99.0608454423535,98.82106103696108,98.94095323965729,247.0
2025-09-10 08:48:00+00:00,98.94095323965729,99.24769026649443,98.71369505163167,98.98069265906305,322.0
2025-09-10 08:49:00+00:00,98.98069265906305,99.27572658920496,98.44440943180163,98.8600680105033,110.0
2025-09-10 08:50:00+00:00,98.8600680105033,98.8263281256448,98.77065952130374,98.79849382347427,278.0
2025-09-10 08:51:00+00:00,98.79849382347427,99.09901830377216,98.31662987843093,98.70782409110154,241.0
2025-09-10 08:52:00+00:00,98.70782409110154,98.87463703828729,98.49932405979183,98.68698054903956,105.0
2025-09-10 08:53:00+00:00,98.68698054903956,98.84543539268799,98.84437326444166,98.84490432856482,145.0
2025-09-10 08:54:00+00:00,98.84490432856482,99.1905065724273,98.5458779223606,98.86819224739395,366.0
2025-09-10 08:55:00+00:00,98.86819224739395,99.24677694636259,98.44256132732806,98.84466913684533,131.0
2025-09-10 08:56:00+00:00,98.84466913684533,98.71179556702133,98.67067456762281,98.69123506732207,109.0
2025-09-10 08:57:00+00:00,98.69123506732207,98.45510668783135,98.4321561092049,98.44363139851812,75.0
2025-09-10 08:58:00+00:00,98.44363139851812,98.70490930345402,98.03878411450093,98.37184670897747,61.0
2025-09-10 08:59:00+00:00,98.37184670897747,98.52657500065828,98.20124699097548,98.36391099581688,245.0
2025-09-10 09:00:00+00:00,98.36391099581688,98.8410053727606,98.4092104815276,98.6251079271441,269.0
2025-09-10 09:01:00+00:00,98.6251079271441,98.80400814593982,98.48475649089012,98.64438231841497,330.0
2025-09-10 09:02:00+00:00,98.64438231841497,98.9121376840516,98.66766660833687,98.78990214619424,307.0
2025-09-10 09:03:00+00:00,98.78990214619424,98.86996854509552,98.56191505635452,98.71594180072502,291.0
2025-09-10 09:04:00+00:00,98.71594180072502,99.06222464953211,98.01905211161534,98.54063838057372,499.0
2025-09-10 09:05:00+00:00,98.54063838057372,98.41118373870653,98.38498977508907,98.3980867568978,162.0
2025-09-10 09:06:00+00:00,98.3980867568978,98.65483301214194,97.92737433148717,98.29110367181455,370.0
2025-09-10 09:07:00+00:00,98.29110367181455,99.00385497385605,98.20698427116426,98.60541962251015,85.0
2025-09-10 09:08:00+00:00,98.60541962251015,98.52753155343012,98.44047778071737,98.48400466707375,431.0
2025-09-10 09:09:00+00:00,98.48400466707375,98.83109289752754,98.38480561720552,98.60794925736653,213.0
2025-09-10 09:10:00+00:00,98.60794925736653,98.64647963223216,98.30249229267919,98.47448596245567,205.0
2025-09-10 09:11:00+00:00,98.47448596245567,99.07798047677315,98.1463923410931,98.61218640893313,110.0
2025-09-10 09:12:00+00:00,98.61218640893313,98.9403515448898,98.39793672799344,98.66914413644162,279.0
2025-09-10 09:13:00+00:00,98.66914413644162,98.89660432356975,98.3953234139856,98.64596386877767,229.0
2025-09-10 09:14:00+00:00,98.64596386877767,99.19029055182054,98.08957437848039,98.63993246515047,488.0
2025-09-10 09:15:00+00:00,98.63993246515047,98.72205111294167,98.36414430007252,98.5430977065071,130.0
2025-09-10 09:16:00+00:00,98.5430977065071,98.6317463449557,98.58636520583275,98.60905577539422,237.0
2025-09-10 09:17:00+00:00,98.60905577539422,98.64819561272485,98.43536538282662,98.54178049777573,455.0
2025-09-10 09:18:00+00:00,98.54178049777573,98.59599105978681,98.12558265553965,98.36078685766323,413.0
2025-09-10 09:19:00+00:00,98.36078685766323,98.67794954151155,97.6668885365501,98.17241903903083,394.0
2025-09-10 09:20:00+00:00,98.17241903903083,98.24417417496622,98.15150060330078,98.1978373891335,286.0
2025-09-10 09:21:00+00:00,98.1978373891335,98.95131544854557,97.91010073736742,98.4307080929565,442.0
2025-09-10 09:22:00+00:00,98.4307080929565,98.79732814421979,98.1113379746001,98.45433305940995,150.0
2025-09-10 09:23:00+00:00,98.45433305940995,98.86521006839389,98.008417796361,98.43681393237745,414.0
2025-09-10 09:24:00+00:00,98.43681393237745,98.64298256205898,98.31507084323563,98.4790267026473,311.0
2025-09-10 09:25:00+00:00,98.4790267026473,98.83717674222504,98.50709618326397,98.6721364627445,207.0
2025-09-10 09:26:00+00:00,98.6721364627445,98.72431522709338,98.68490920506379,98.70461221607859,148.0
2025-09-10 09:27:00+00:00,98.70461221607859,98.65866440992154,98.62891627722713,98.64379034357434,284.0
2025-09-10 09:28:00+00:00,98.64379034357434,99.5477471321527,98.06749087722741,98.80761900469005,51.0
2025-09-10 09:29:00+00:00,98.80761900469005,99.13745304179193,98.60491905382653,98.87118604780923,371.0
2025-09-10 09:30:00+00:00,98.87118604780923,99.15593846557665,99.04248476503692,99.09921161530679,156.0
2025-09-10 09:31:00+00:00,99.09921161530679,99.27923350550532,98.97367237689721,99.12645294120126,225.0
2025-09-10 09:32:00+00:00,99.12645294120126,98.94494298485871,98.94416527845222,98.94455413165547,136.0
2025-09-10 09:33:00+00:00,98.94455413165547,98.76890304300072,98.71450595273727,98.741704497869,259.0
2025-09-10 09:34:00+00:00,98.741704497869,99.24508569173571,98.7279756534194,98.98653067257756,216.0
2025-09-10 09:35:00+00:00,98.98653067257756,99.26921131321565,99.21637137725513,99.24279134523539,134.0
2025-09-10 09:36:00+00:00,99.24279134523539,99.34291845900908,99.08922346353928,99.21607096127418,449.0
2025-09-10 09:37:00+00:00,99.21607096127418,99.24027125147657,99.07784842178529,99.15905983663093,391.0
2025-09-10 09:38:00+00:00,99.15905983663093,99.51833310263447,99.2350097632403,99.37667143293739,224.0
2025-09-10 09:39:00+00:00,99.37667143293739,99.56215498356701,98.86141821563285,99.21178659959993,75.0
2025-09-10 09:40:00+00:00,99.21178659959993,99.31080833619288,98.84664108584406,99.07872471101847,430.0
2025-09-10 09:41:00+00:00,99.07872471101847,99.19205735268085,99.15670435692138,99.17438085480111,363.0
2025-09-10 09:42:00+00:00,99.17438085480111,99.40604525827239,98.82534703446125,99.11569614636682,300.0
2025-09-10 09:43:00+00:00,99.11569614636682,99.26360837221513,98.96626095421225,99.11493466321369,322.0
2025-09-10 09:44:00+00:00,99.11493466321369,99.14504667086344,99.03622971581025,99.09063819333684,53.0
2025-09-10 09:45:00+00:00,99.09063819333684,99.20337105101261,99.0782821794521,99.14082661523236,263.0
2025-09-10 09:46:00+00:00,99.14082661523236,99.4691624173367,99.23154976640983,99.35035609187327,134.0
2025-09-10 09:47:00+00:00,99.35035609187327,99.59630162143881,99.13141132493408,99.36385647318644,343.0
2025-09-10 09:48:00+00:00,99.36385647318644,99.75532444826325,99.16443395781766,99.45987920304046,469.0
2025-09-10 09:49:00+00:00,99.45987920304046,99.56378842130324,98.74518002599966,99.15448422365145,288.0
2025-09-10 09:50:00+00:00,99.15448422365145,99.20547530004758,99.08900173271392,99.14723851638075,321.0
2025-09-10 09:51:00+00:00,99.14723851638075,99.38573456809387,98.65808915872692,99.0219118634104,350.0
2025-09-10 09:52:00+00:00,99.0219118634104,99.08827595475434,98.5938109416601,98.84104344820722,468.0
2025-09-10 09:53:00+00:00,98.84104344820722,98.80813896865759,98.61372686192986,98.71093291529372,67.0
2025-09-10 09:54:00+00:00,98.71093291529372,98.99098177923773,98.33196393244685,98.66147285584229,189.0
2025-09-10 09:55:00+00:00,98.66147285584229,98.8909084989015,98.70331640055082,98.79711244972616,170.0
2025-09-10 09:56:00+00:00,98.79711244972616,98.78320856549313,98.4182758481425,98.60074220681781,372.0
2025-09-10 09:57:00+00:00,98.60074220681781,98.74071374559988,98.46983173991391,98.6052727427569,251.0
2025-09-10 09:58:00+00:00,98.6052727427569,98.6413410313843,98.42603147332552,98.53368625235491,397.0
2025-09-10 09:59:00+00:00,98.53368625235491,98.61759018278245,98.35294560834645,98.48526789556445,262.0
2025-09-10 10:00:00+00:00,98.48526789556445,98.80957428365453,98.45745505417138,98.63351466891295,489.0
2025-09-10 10:01:00+00:00,98.63351466891295,98.90632648095847,98.5199957872553,98.71316113410688,395.0
2025-09-10 10:02:00+00:00,98.71316113410688,99.20725640453247,98.61551977790029,98.91138809121638,58.0
2025-09-10 10:03:00+00:00,98.91138809121638,99.1070571160471,98.66987726509707,98.88846719057209,494.0
2025-09-10 10:04:00+00:00,98.88846719057209,98.93385073539774,98.63672927822203,98.78529000680989,478.0
2025-09-10 10:05:00+00:00,98.78529000680989,98.98064807072888,98.52360120561605,98.75212463817246,69.0
2025-09-10 10:06:00+00:00,98.75212463817246,99.27638056474558,98.29972299920067,98.78805178197312,226.0
2025-09-10 10:07:00+00:00,98.78805178197312,99.14866576420152,98.47977474465608,98.8142202544288,486.0
2025-09-10 10:08:00+00:00,98.8142202544288,98.75031732977993,98.55692559158729,98.65362146068361,427.0
2025-09-10 10:09:00+00:00,98.65362146068361,98.91634003661942,98.41768613640293,98.66701308651118,260.0
2025-09-10 10:10:00+00:00,98.66701308651118,98.79632972063735,98.60526384022876,98.70079678043305,295.0
2025-09-10 10:11:00+00:00,98.70079678043305,99.08633440414381,99.0620984607974,99.0742164324706,63.0
2025-09-10 10:12:00+00:00,99.0742164324706,99.42191213772459,99.28514742757532,99.35352978264996,304.0
2025-09-10 10:13:00+00:00,99.35352978264996,99.31752809796815,99.13537592849302,99.22645201323058,349.0
2025-09-10 10:14:00+00:00,99.22645201323058,99.26098795200969,99.1063864166239,99.1836871843168,211.0
2025-09-10 10:15:00+00:00,99.1836871843168,99.18092762194868,98.75147561645105,98.96620161919986,188.0
2025-09-10 10:16:00+00:00,98.96620161919986,99.27071674617417,98.48638407964293,98.87855041290855,422.0
2025-09-10 10:17:00+00:00,98.87855041290855,99.05931032570646,98.79143235951548,98.92537134261097,251.0
2025-09-10 10:18:00+00:00,98.92537134261097,99.61109534062663,98.59783974433282,99.10446754247972,168.0
2025-09-10 10:19:00+00:00,99.10446754247972,99.15109246658294,98.84119470923595,98.99614358790944,218.0
2025-09-10 10:20:00+00:00,98.99614358790944,98.95806825251138,98.84004028011269,98.89905426631204,271.0
2025-09-10 10:21:00+00:00,98.89905426631204,98.79853376474038,98.36350512398134,98.58101944436086,166.0
2025-09-10 10:22:00+00:00,98.58101944436086,98.63971854893441,98.47421889154722,98.55696872024082,302.0
2025-09-10 10:23:00+00:00,98.55696872024082,98.58115250752489,98.21891006639747,98.40003128696118,437.0
2025-09-10 10:24:00+00:00,98.40003128696118,98.36754108164573,98.2762929669912,98.32191702431847,384.0
2025-09-10 10:25:00+00:00,98.32191702431847,98.40106128656402,97.98429888552081,98.19268008604242,154.0
2025-09-10 10:26:00+00:00,98.19268008604242,98.35030660830597,98.00728784827413,98.17879722829005,262.0
2025-09-10 10:27:00+00:00,98.17879722829005,98.11333324585179,97.72722813508143,97.92028069046661,294.0
2025-09-10 10:28:00+00:00,97.92028069046661,97.90587724779323,97.5041975177231,97.70503738275816,356.0
2025-09-10 10:29:00+00:00,97.70503738275816,98.27610414612847,97.75908285785526,98.01759350199187,390.0
2025-09-10 10:30:00+00:00,98.01759350199187,97.86286334063453,97.79411877331214,97.82849105697333,268.0
2025-09-10 10:31:00+00:00,97.82849105697333,98.45909367913801,96.87626243895734,97.66767805904767,191.0
2025-09-10 10:32:00+00:00,97.66767805904767,98.19535485595944,97.67896468036369,97.93715976816156,346.0
2025-09-10 10:33:00+00:00,97.93715976816156,98.44475336715084,98.2849706536756,98.36486201041322,106.0
2025-09-10 10:34:00+00:00,98.36486201041322,98.40717458460139,97.97713006713408,98.19215232586774,353.0
2025-09-10 10:35:00+00:00,98.19215232586774,98.16174152054481,98.11411561273593,98.13792856664037,453.0
2025-09-10 10:36:00+00:00,98.13792856664037,98.53834205039965,97.83809950983715,98.1882207801184,369.0
2025-09-10 10:37:00+00:00,98.1882207801184,98.8638877527565,98.02242782320594,98.44315778798122,245.0
2025-09-10 10:38:00+00:00,98.44315778798122,98.66083189134149,97.93425131009111,98.2975416007163,420.0
2025-09-10 10:39:00+00:00,98.2975416007163,98.45426814374596,98.06849773408473,98.26138293891535,289.0
2025-09-10 10:40:00+00:00,98.26138293891535,98.68484030322867,98.06720601555438,98.37602315939152,293.0
2025-09-10 10:41:00+00:00,98.37602315939152,98.5600906864915,98.32030915279164,98.44019991964157,433.0
2025-09-10 10:42:00+00:00,98.44019991964157,98.6900096834269,98.07933485283877,98.38467226813283,136.0
2025-09-10 10:43:00+00:00,98.38467226813283,98.73071253856796,97.99913757625816,98.36492505741306,400.0
2025-09-10 10:44:00+00:00,98.36492505741306,98.22096271433927,98.10358091532751,98.16227181483339,355.0
2025-09-10 10:45:00+00:00,98.16227181483339,98.25555881808084,97.9988583116645,98.12720856487267,288.0
2025-09-10 10:46:00+00:00,98.12720856487267,98.30953275340062,97.86648045938139,98.088006606391,84.0
2025-09-10 10:47:00+00:00,98.088006606391,98.24412239714692,98.00022195827222,98.12217217770957,394.0
2025-09-10 10:48:00+00:00,98.12217217770957,98.17076369248889,97.91017898948647,98.04047134098768,148.0
2025-09-10 10:49:00+00:00,98.04047134098768,98.3513509298797,97.8683303887877,98.1098406593337,452.0
2025-09-10 10:50:00+00:00,98.1098406593337,98.28477725387702,98.23320273882561,98.25898999635132,406.0
2025-09-10 10:51:00+00:00,98.25898999635132,98.65220691758283,97.91159540276998,98.2819011601764,213.0
2025-09-10 10:52:00+00:00,98.2819011601764,98.82626888306805,97.8412746692986,98.33377177618333,245.0
2025-09-10 10:53:00+00:00,98.33377177618333,98.52370253348933,98.15952254148881,98.34161253748907,61.0
2025-09-10 10:54:00+00:00,98.34161253748907,98.52678367827488,98.15646629476294,98.34162498651891,274.0
2025-09-10 10:55:00+00:00,98.34162498651891,98.44951904039736,98.02096852510682,98.2352437827521,76.0
2025-09-10 10:56:00+00:00,98.2352437827521,98.55421743115836,98.00956495090311,98.28189119103074,494.0
2025-09-10 10:57:00+00:00,98.28189119103074,98.41969696150663,98.11540298077962,98.26754997114313,338.0
2025-09-10 10:58:00+00:00,98.26754997114313,98.72204773180837,98.43109351529688,98.57657062355263,155.0
2025-09-10 10:59:00+00:00,98.57657062355263,98.97281065587845,98.64616786250548,98.80948925919196,411.0
2025-09-10 11:00:00+00:00,98.80948925919196,99.32293361645416,98.41045390934848,98.86669376290132,58.0
2025-09-10 11:01:00+00:00,98.86669376290132,98.78404020257122,98.72315396635605,98.75359708446364,297.0
2025-09-10 11:02:00+00:00,98.75359708446364,98.70500994202807,98.47289512914035,98.58895253558421,100.0
2025-09-10 11:03:00+00:00,98.58895253558421,98.87392406280406,98.65659653437814,98.7652602985911,74.0
2025-09-10 11:04:00+00:00,98.7652602985911,99.29212417397011,98.31626325363592,98.80419371380302,160.0
2025-09-10 11:05:00+00:00,98.80419371380302,99.25255383909278,98.49820539703994,98.87537961806636,182.0
2025-09-10 11:06:00+00:00,98.87537961806636,98.71136695340577,98.52257899136161,98.61697297238369,376.0
2025-09-10 11:07:00+00:00,98.61697297238369,98.99986383972953,98.50865657596134,98.75426020784543,450.0
2025-09-10 11:08:00+00:00,98.75426020784543,99.04598667870879,98.5972074635993,98.82159707115405,399.0
2025-09-10 11:09:00+00:00,98.82159707115405,98.73073820359457,98.58352635387743,98.657132278736,382.0
2025-09-10 11:10:00+00:00,98.657132278736,98.68087443372168,98.49388160995609,98.58737802183889,304.0
2025-09-10 11:11:00+00:00,98.58737802183889,98.85936213480002,98.39340690103688,98.62638451791845,217.0
2025-09-10 11:12:00+00:00,98.62638451791845,98.82292951575508,98.44536396284948,98.63414673930228,164.0
2025-09-10 11:13:00+00:00,98.63414673930228,98.8194753494108,98.36238290414826,98.59092912677953,475.0
2025-09-10 11:14:00+00:00,98.59092912677953,99.01201954183821,98.13923207384624,98.57562580784223,284.0
2025-09-10 11:15:00+00:00,98.57562580784223,98.65669648556167,98.4200527274613,98.53837460651148,303.0
2025-09-10 11:16:00+00:00,98.53837460651148,98.78205362541203,98.33980053431247,98.56092707986225,56.0
2025-09-10 11:17:00+00:00,98.56092707986225,98.86241454472245,98.69501498655562,98.77871476563904,256.0
2025-09-10 11:18:00+00:00,98.77871476563904,98.99630202190103,97.80199610421512,98.39914906305808,356.0
2025-09-10 11:19:00+00:00,98.39914906305808,98.3893833192911,98.3390096319054,98.36419647559825,272.0
2025-09-10 11:20:00+00:00,98.36419647559825,98.74982087336488,98.03066648149806,98.39024367743147,326.0
2025-09-10 11:21:00+00:00,98.39024367743147,98.61612159455416,98.2517539209681,98.43393775776113,414.0
2025-09-10 11:22:00+00:00,98.43393775776113,98.389390510491,98.3686885837994,98.3790395471452,59.0
2025-09-10 11:23:00+00:00,98.3790395471452,98.2721234680527,97.96816433215004,98.12014390010137,456.0
2025-09-10 11:24:00+00:00,98.12014390010137,98.26594296425408,98.07091748272647,98.16843022349028,417.0
2025-09-10 11:25:00+00:00,98.16843022349028,98.61169282597106,98.23454101263002,98.42311691930054,238.0
2025-09-10 11:26:00+00:00,98.42311691930054,98.3956564123006,97.99819578273808,98.19692609751934,393.0
2025-09-10 11:27:00+00:00,98.19692609751934,98.56717724833851,98.08131565227023,98.32424645030437,79.0
2025-09-10 11:28:00+00:00,98.32424645030437,98.56855693381473,97.98305385490724,98.27580539436099,188.0
2025-09-10 11:29:00+00:00,98.27580539436099,98.63824940297174,97.89528211885754,98.26676576091464,98.0
2025-09-10 11:30:00+00:00,98.26676576091464,98.55415752951102,97.66922418002902,98.11169085477002,335.0
2025-09-10 11:31:00+00:00,98.11169085477002,98.09548489871344,98.0294793183842,98.06248210854882,435.0
2025-09-10 11:32:00+00:00,98.06248210854882,98.33033842989283,98.1774557373167,98.25389708360477,320.0
2025-09-10 11:33:00+00:00,98.25389708360477,98.67194731214963,98.0076663723242,98.33980684223691,370.0
2025-09-10 11:34:00+00:00,98.33980684223691,98.77143577219478,98.41990804738283,98.5956719097888,114.0
2025-09-10 11:35:00+00:00,98.5956719097888,99.01255000323083,98.52736468327954,98.76995734325519,470.0
2025-09-10 11:36:00+00:00,98.76995734325519,99.09043016390159,98.57963309542605,98.83503162966382,136.0
2025-09-10 11:37:00+00:00,98.83503162966382,99.21578104322528,98.9720446007867,99.09391282200599,286.0
2025-09-10 11:38:00+00:00,99.09391282200599,99.2031326635273,99.11524060730818,99.15918663541774,357.0
2025-09-10 11:39:00+00:00,99.15918663541774,99.28897717030884,99.2758570213569,99.28241709583287,435.0
2025-09-10 11:40:00+00:00,99.28241709583287,99.50435136016958,98.97216963297768,99.23826049657363,470.0
2025-09-10 11:41:00+00:00,99.23826049657363,99.43649944048221,99.0598342145135,99.24816682749785,319.0
2025-09-10 11:42:00+00:00,99.24816682749785,99.47401775670217,98.81477036972557,99.14439406321387,309.0
2025-09-10 11:43:00+00:00,99.14439406321387,99.7711345110932,98.81220727413707,99.29167089261513,237.0
2025-09-10 11:44:00+00:00,99.29167089261513,99.17912196691944,99.0535426060994,99.11633228650942,305.0
2025-09-10 11:45:00+00:00,99.11633228650942,99.40505567991542,99.06037653528418,99.2327161075998,353.0
2025-09-10 11:46:00+00:00,99.2327161075998,99.58295179485752,98.82573206828378,99.20434193157065,341.0
2025-09-10 11:47:00+00:00,99.20434193157065,99.54149115049816,99.2160774870529,99.37878431877553,316.0
2025-09-10 11:48:00+00:00,99.37878431877553,99.69982935416708,99.28172674048041,99.49077804732374,248.0
2025-09-10 11:49:00+00:00,99.49077804732374,99.76826732893284,99.75744397139621,99.76285565016452,138.0
2025-09-10 11:50:00+00:00,99.76285565016452,100.27871554848281,99.46582817790784,99.87227186319532,74.0
2025-09-10 11:51:00+00:00,99.87227186319532,100.14085654082494,99.1332323885927,99.63704446470882,239.0
2025-09-10 11:52:00+00:00,99.63704446470882,99.8298510861545,99.424225799387,99.62703844277075,228.0
2025-09-10 11:53:00+00:00,99.62703844277075,99.58296488883029,99.3211289069777,99.452046897904,323.0
2025-09-10 11:54:00+00:00,99.452046897904,99.51358696427123,99.2359349493721,99.37476095682166,455.0
2025-09-10 11:55:00+00:00,99.37476095682166,99.69680251043735,99.50376432692107,99.60028341867921,365.0
2025-09-10 11:56:00+00:00,99.60028341867921,99.79501806040253,99.5961355363219,99.69557679836221,412.0
2025-09-10 11:57:00+00:00,99.69557679836221,99.66673629357628,99.51548602694764,99.59111116026196,310.0
2025-09-10 11:58:00+00:00,99.59111116026196,99.85931942606194,99.02026133075267,99.43979037840731,467.0
2025-09-10 11:59:00+00:00,99.43979037840731,99.71876634035887,99.17059419023623,99.44468026529755,472.0
2025-09-10 12:00:00+00:00,99.44468026529755,99.52646122445582,99.00028895450644,99.26337508948113,118.0
2025-09-10 12:01:00+00:00,99.26337508948113,99.36076210933946,98.96622968863629,99.16349589898788,337.0
2025-09-10 12:02:00+00:00,99.16349589898788,99.43124740620827,98.98858596551845,99.20991668586336,277.0
2025-09-10 12:03:00+00:00,99.20991668586336,99.46024855286277,99.30373816865989,99.38199336076133,487.0
2025-09-10 12:04:00+00:00,99.38199336076133,99.75414953206948,99.1914198680125,99.47278470004099,313.0
2025-09-10 12:05:00+00:00,99.47278470004099,99.17810026574526,99.08487996938283,99.13149011756404,57.0
2025-09-10 12:06:00+00:00,99.13149011756404,99.226463288729,99.12705459448524,99.17675894160712,144.0
2025-09-10 12:07:00+00:00,99.17675894160712,99.2175394639774,99.1574117461399,99.18747560505865,108.0
2025-09-10 12:08:00+00:00,99.18747560505865,99.74984596379512,98.74830168247196,99.24907382313354,140.0
2025-09-10 12:09:00+00:00,99.24907382313354,99.5099737741531,99.46997960247573,99.48997668831441,93.0
2025-09-10 12:10:00+00:00,99.48997668831441,99.34824235195279,99.0168483873571,99.18254536965495,401.0
2025-09-10 12:11:00+00:00,99.18254536965495,99.38857023021191,98.80071703228188,99.0946436312469,272.0
2025-09-10 12:12:00+00:00,99.0946436312469,99.53808989982404,98.826942192142,99.18251604598302,352.0
2025-09-10 12:13:00+00:00,99.18251604598302,99.07222034664744,98.82276999162528,98.94749516913636,499.0
2025-09-10 12:14:00+00:00,98.94749516913636,99.17419566571499,99.15940440152093,99.16680003361796,341.0
2025-09-10 12:15:00+00:00,99.16680003361796,99.36171003595676,99.08150655162622,99.22160829379149,265.0
2025-09-10 12:16:00+00:00,99.22160829379149,99.42124687457846,99.27412805792494,99.3476874662517,170.0
2025-09-10 12:17:00+00:00,99.3476874662517,99.5086724028306,99.0166095778514,99.262640990341,389.0
2025-09-10 12:18:00+00:00,99.262640990341,99.58934715370464,99.17841178510272,99.38387946940368,278.0
2025-09-10 12:19:00+00:00,99.38387946940368,99.54449203252177,99.54208887220206,99.54329045236192,390.0
2025-09-10 12:20:00+00:00,99.54329045236192,99.79416965655342,99.3619677292903,99.57806869292186,60.0
2025-09-10 12:21:00+00:00,99.57806869292186,100.0952142515034,99.13095901055725,99.61308663103033,123.0
2025-09-10 12:22:00+00:00,99.61308663103033,99.66783197848252,99.63914683994173,99.65348940921213,108.0
2025-09-10 12:23:00+00:00,99.65348940921213,99.6313324277239,99.41770734000376,99.52451988386383,356.0
2025-09-10 12:24:00+00:00,99.52451988386383,99.53578925193082,99.46920722600285,99.50249823896684,283.0
2025-09-10 12:25:00+00:00,99.50249823896684,99.6044909745745,99.35498159207418,99.47973628332434,192.0
2025-09-10 12:26:00+00:00,99.47973628332434,99.57120945565353,99.50271577973456,99.53696261769404,189.0
2025-09-10 12:27:00+00:00,99.53696261769404,100.16575227569854,99.20695535716862,99.68635381643358,323.0
2025-09-10 12:28:00+00:00,99.68635381643358,99.6087955565854,99.44759845758448,99.52819700708494,484.0
2025-09-10 12:29:00+00:00,99.52819700708494,99.58210593946049,99.43696580384247,99.50953587165148,497.0
2025-09-10 12:30:00+00:00,99.50953587165148,100.22825486835241,99.23356548893476,99.73091017864358,262.0
2025-09-10 12:31:00+00:00,99.73091017864358,99.75671510996811,99.482753081638,99.61973409580305,351.0
2025-09-10 12:32:00+00:00,99.61973409580305,99.94832796087881,99.04555472712487,99.49694134400184,87.0
2025-09-10 12:33:00+00:00,99.49694134400184,99.52846365568656,99.52581473757895,99.52713919663276,475.0
2025-09-10 12:34:00+00:00,99.52713919663276,100.09720742518623,99.20934842603266,99.65327792560944,58.0
2025-09-10 12:35:00+00:00,99.65327792560944,99.8418891124147,99.46808269974845,99.65498590608158,204.0
2025-09-10 12:36:00+00:00,99.65498590608158,99.93050523943153,99.77717549236984,99.85384036590068,376.0
2025-09-10 12:37:00+00:00,99.85384036590068,99.99865887945343,99.96584936188096,99.98225412066719,486.0
2025-09-10 12:38:00+00:00,99.98225412066719,100.26476422921009,99.95240470323724,100.10858446622366,127.0
2025-09-10 12:39:00+00:00,100.10858446622366,100.21081101836728,100.17284254913878,100.19182678375303,347.0
2025-09-10 12:40:00+00:00,100.19182678375303,100.76781277385062,100.31669904656688,100.54225591020875,134.0
2025-09-10 12:41:00+00:00,100.54225591020875,100.51461416021003,100.50802492405724,100.51131954213363,72.0
2025-09-10 12:42:00+00:00,100.51131954213363,100.28902967638257,100.1303862822084,100.20970797929549,240.0
2025-09-10 12:43:00+00:00,100.20970797929549,100.51411962392824,100.38816266524181,100.45114114458502,309.0
2025-09-10 12:44:00+00:00,100.45114114458502,100.63126763298239,100.13313270254979,100.38220016776609,168.0
2025-09-10 12:45:00+00:00,100.38220016776609,100.70595616030474,100.09093463304498,100.39844539667486,487.0
2025-09-10 12:46:00+00:00,100.39844539667486,100.76363594054337,100.42807306047845,100.59585450051091,327.0
2025-09-10 12:47:00+00:00,100.59585450051091,100.52211309073161,100.18663451190505,100.35437380131833,247.0
2025-09-10 12:48:00+00:00,100.35437380131833,100.26113544638422,100.07114085660233,100.16613815149327,268.0
2025-09-10 12:49:00+00:00,100.16613815149327,100.30743591610124,99.54423632225263,99.92583611917694,258.0
2025-09-10 12:50:00+00:00,99.92583611917694,100.09281916596757,99.52093060934646,99.80687488765702,100.0
2025-09-10 12:51:00+00:00,99.80687488765702,100.185279425245,99.56015003090124,99.87271472807312,322.0
2025-09-10 12:52:00+00:00,99.87271472807312,100.01726052699193,99.8852868792166,99.95127370310426,403.0
2025-09-10 12:53:00+00:00,99.95127370310426,100.22533713376512,99.76006930846222,99.99270322111367,239.0
2025-09-10 12:54:00+00:00,99.99270322111367,99.84775985238807,99.71429647996791,99.78102816617799,241.0
2025-09-10 12:55:00+00:00,99.78102816617799,99.834709539712,99.03703002250559,99.43586978110879,459.0
2025-09-10 12:56:00+00:00,99.43586978110879,99.79764982170948,99.09030448961346,99.44397715566147,324.0
2025-09-10 12:57:00+00:00,99.44397715566147,99.77581042045034,98.97144782418326,99.3736291223168,184.0
2025-09-10 12:58:00+00:00,99.3736291223168,99.6481119399066,99.23614599499528,99.44212896745094,51.0
2025-09-10 12:59:00+00:00,99.44212896745094,99.61839194742554,99.47538756302482,99.54688975522518,420.0
2025-09-10 13:00:00+00:00,99.54688975522518,99.72205171949079,99.41301658546845,99.56753415247962,331.0
2025-09-10 13:01:00+00:00,99.56753415247962,99.79013914526482,99.57211238301102,99.68112576413792,331.0
2025-09-10 13:02:00+00:00,99.68112576413792,100.00848858979057,99.42231886658797,99.71540372818927,177.0
2025-09-10 13:03:00+00:00,99.71540372818927,100.23458525694701,99.35485210252267,99.79471867973484,133.0
2025-09-10 13:04:00+00:00,99.79471867973484,99.98545146954734,99.39312933819735,99.68929040387235,272.0
2025-09-10 13:05:00+00:00,99.68929040387235,99.74019646962584,99.58467557029464,99.66243601996024,391.0
2025-09-10 13:06:00+00:00,99.66243601996024,99.87416720506997,99.50954707391287,99.69185713949142,183.0
2025-09-10 13:07:00+00:00,99.69185713949142,100.14487574811044,99.48438963377932,99.81463269094488,287.0
2025-09-10 13:08:00+00:00,99.81463269094488,99.75693454750883,99.75446225364932,99.75569840057908,498.0
2025-09-10 13:09:00+00:00,99.75569840057908,99.89268246671482,99.77474352521322,99.83371299596402,148.0
2025-09-10 13:10:00+00:00,99.83371299596402,100.08225371326421,99.50556912995646,99.79391142161033,153.0
2025-09-10 13:11:00+00:00,99.79391142161033,100.1717451569581,99.38089081040603,99.77631798368206,156.0
2025-09-10 13:12:00+00:00,99.77631798368206,99.90822527847534,99.89286429671411,99.90054478759473,460.0
2025-09-10 13:13:00+00:00,99.90054478759473,99.8725589623089,99.33209914945193,99.60232905588042,287.0
2025-09-10 13:14:00+00:00,99.60232905588042,99.53444669417915,99.28319286838489,99.40881978128202,463.0
2025-09-10 13:15:00+00:00,99.40881978128202,99.38077832016626,98.99532534964149,99.18805183490387,476.0
2025-09-10 13:16:00+00:00,99.18805183490387,99.15952300599629,98.52339408516646,98.84145854558138,239.0
2025-09-10 13:17:00+00:00,98.84145854558138,98.87302200338837,98.60887542384768,98.74094871361802,74.0
2025-09-10 13:18:00+00:00,98.74094871361802,99.08115635516076,98.62286534204866,98.8520108486047,186.0
2025-09-10 13:19:00+00:00,98.8520108486047,99.14595378741542,98.4736018698891,98.80977782865226,294.0
2025-09-10 13:20:00+00:00,98.80977782865226,99.24514018784092,98.43305494992435,98.83909756888264,221.0
2025-09-10 13:21:00+00:00,98.83909756888264,99.15227193537783,98.84915900934976,99.0007154723638,51.0
2025-09-10 13:22:00+00:00,99.0007154723638,99.43578092353086,98.96036856854387,99.19807474603736,495.0
2025-09-10 13:23:00+00:00,99.19807474603736,99.25194399918614,99.12363150968879,99.18778775443747,186.0
2025-09-10 13:24:00+00:00,99.18778775443747,99.6902262169061,99.08853603413931,99.3893811255227,328.0
2025-09-10 13:25:00+00:00,99.3893811255227,99.6374485445598,99.16878483926043,99.40311669191011,476.0
2025-09-10 13:26:00+00:00,99.40311669191011,99.57604818550196,98.98062198889032,99.27833508719614,295.0
2025-09-10 13:27:00+00:00,99.27833508719614,99.23408455381201,99.14563128656701,99.18985792018951,362.0
2025-09-10 13:28:00+00:00,99.18985792018951,98.97974870767011,98.95989335357102,98.96982103062057,66.0
2025-09-10 13:29:00+00:00,98.96982103062057,99.01486712684779,98.66125515832694,98.83806114258736,363.0
2025-09-10 13:30:00+00:00,98.83806114258736,98.93975137094988,98.63024238769522,98.78499687932255,431.0
2025-09-10 13:31:00+00:00,98.78499687932255,99.07341229343659,98.7348714819674,98.904141887702,463.0
2025-09-10 13:32:00+00:00,98.904141887702,99.18427962162485,99.13523744667765,99.15975853415125,87.0
2025-09-10 13:33:00+00:00,99.15975853415125,99.20335320628921,98.70541944570327,98.95438632599624,152.0
2025-09-10 13:34:00+00:00,98.95438632599624,99.57892807720862,98.44649494217106,99.01271150968984,71.0
2025-09-10 13:35:00+00:00,99.01271150968984,99.23085897585764,98.4857238969445,98.85829143640107,463.0
2025-09-10 13:36:00+00:00,98.85829143640107,99.0066990641316,98.85071717195677,98.92870811804418,173.0
2025-09-10 13:37:00+00:00,98.92870811804418,99.17792861309302,98.64058674864752,98.90925768087027,289.0
2025-09-10 13:38:00+00:00,98.90925768087027,98.8892237794813,98.38675631314881,98.63799004631505,264.0
2025-09-10 13:39:00+00:00,98.63799004631505,99.00719660151549,98.5436708777932,98.77543373965435,359.0
2025-09-10 13:40:00+00:00,98.77543373965435,98.85228114713172,98.51939003143102,98.68583558928137,452.0
2025-09-10 13:41:00+00:00,98.68583558928137,98.75209997615069,98.46156930535899,98.60683464075484,195.0
2025-09-10 13:42:00+00:00,98.60683464075484,98.46748839491211,98.42997994960093,98.44873417225652,405.0
2025-09-10 13:43:00+00:00,98.44873417225652,98.43162948446724,98.27269357320733,98.35216152883729,180.0
2025-09-10 13:44:00+00:00,98.35216152883729,98.53431676975333,98.2962986622801,98.41530771601671,138.0
2025-09-10 13:45:00+00:00,98.41530771601671,98.38879350505474,98.38595623641288,98.38737487073381,97.0
2025-09-10 13:46:00+00:00,98.38737487073381,98.76316363597614,98.1086185965688,98.43589111627247,217.0
2025-09-10 13:47:00+00:00,98.43589111627247,98.6685427275045,98.31014682210338,98.48934477480394,302.0
2025-09-10 13:48:00+00:00,98.48934477480394,98.69771032384871,98.67157928928363,98.68464480656617,401.0
2025-09-10 13:49:00+00:00,98.68464480656617,98.920382385126,98.34745012518096,98.63391625515348,431.0
2025-09-10 13:50:00+00:00,98.63391625515348,98.58978713403988,98.24152425382718,98.41565569393353,287.0
2025-09-10 13:51:00+00:00,98.41565569393353,98.96818283987855,98.17847507099779,98.57332895543817,234.0
2025-09-10 13:52:00+00:00,98.57332895543817,98.53270827266282,98.51594632753752,98.52432730010017,128.0
2025-09-10 13:53:00+00:00,98.52432730010017,99.00892807355592,98.36944548898703,98.68918678127147,461.0
2025-09-10 13:54:00+00:00,98.68918678127147,98.78568682877682,98.7062249031805,98.74595586597866,228.0
2025-09-10 13:55:00+00:00,98.74595586597866,98.77581559306013,98.67725205715068,98.7265338251054,394.0
2025-09-10 13:56:00+00:00,98.7265338251054,98.99312576484873,98.56326921686998,98.77819749085936,331.0
2025-09-10 13:57:00+00:00,98.77819749085936,99.50304184327433,98.63235246333747,99.0676971533059,469.0
2025-09-10 13:58:00+00:00,99.0676971533059,99.63261753523871,99.12102437161347,99.37682095342609,487.0
2025-09-10 13:59:00+00:00,99.37682095342609,99.56740100134951,99.20692661181326,99.38716380658138,368.0
2025-09-10 14:00:00+00:00,99.38716380658138,99.55271725117665,99.26937876700798,99.41104800909231,347.0
2025-09-10 14:01:00+00:00,99.41104800909231,100.03368052826798,99.10964519627393,99.57166286227095,111.0
2025-09-10 14:02:00+00:00,99.57166286227095,99.76231768914562,99.12855655977759,99.4454371244616,57.0
2025-09-10 14:03:00+00:00,99.4454371244616,99.65039347314068,99.33987258846086,99.49513303080077,295.0
2025-09-10 14:04:00+00:00,99.49513303080077,99.71493737515664,99.26760915368953,99.49127326442309,367.0
2025-09-10 14:05:00+00:00,99.49127326442309,99.67701579739784,99.39924617619081,99.53813098679433,385.0
2025-09-10 14:06:00+00:00,99.53813098679433,99.45382551023488,99.37373602003231,99.4137807651336,162.0
2025-09-10 14:07:00+00:00,99.4137807651336,99.4406255769407,98.91342594187486,99.17702575940778,276.0
2025-09-10 14:08:00+00:00,99.17702575940778,98.90373906627242,98.83449339087623,98.86911622857433,437.0
2025-09-10 14:09:00+00:00,98.86911622857433,98.94419105224597,98.46289465679416,98.70354285452007,93.0
2025-09-10 14:10:00+00:00,98.70354285452007,98.75553751784948,98.51577627603287,98.63565689694117,222.0
2025-09-10 14:11:00+00:00,98.63565689694117,98.79114339007498,98.39343204418608,98.59228771713053,475.0
2025-09-10 14:12:00+00:00,98.59228771713053,99.24426258706956,98.51413431846453,98.87919845276704,139.0
2025-09-10 14:13:00+00:00,98.87919845276704,99.13542700879991,98.95132140109708,99.04337420494849,192.0
2025-09-10 14:14:00+00:00,99.04337420494849,99.1291466804121,98.67194165096487,98.90054416568849,260.0
2025-09-10 14:15:00+00:00,98.90054416568849,99.02564822203816,98.8786326831724,98.95214045260528,359.0
2025-09-10 14:16:00+00:00,98.95214045260528,99.00998114431678,98.77349285958701,98.8917370019519,164.0
2025-09-10 14:17:00+00:00,98.8917370019519,98.96661979597992,98.73250849620244,98.84956414609118,406.0
2025-09-10 14:18:00+00:00,98.84956414609118,98.9725802463828,98.78151376437314,98.87704700537797,156.0
2025-09-10 14:19:00+00:00,98.87704700537797,99.03552494976584,98.90231981256285,98.96892238116435,215.0
2025-09-10 14:20:00+00:00,98.96892238116435,99.18100016162381,98.65614208633886,98.91857112398134,307.0
2025-09-10 14:21:00+00:00,98.91857112398134,99.294920720626,98.85817757855348,99.07654914958974,55.0
2025-09-10 14:22:00+00:00,99.07654914958974,99.0641015125577,98.74986942005285,98.90698546630527,395.0
2025-09-10 14:23:00+00:00,98.90698546630527,99.12717762786852,98.68867424633137,98.90792593709995,350.0
2025-09-10 14:24:00+00:00,98.90792593709995,99.53874808381548,99.0493990031656,99.29407354349054,425.0
2025-09-10 14:25:00+00:00,99.29407354349054,99.49383062779617,99.16077906752182,99.327304847659,173.0
2025-09-10 14:26:00+00:00,99.327304847659,99.67364324374712,99.408497847688,99.54107054571756,228.0
2025-09-10 14:27:00+00:00,99.54107054571756,99.55884442966658,99.55062858732833,99.55473650849746,454.0
2025-09-10 14:28:00+00:00,99.55473650849746,99.99446914104179,99.28853678501953,99.64150296303066,80.0
2025-09-10 14:29:00+00:00,99.64150296303066,99.83414735224429,99.4318854081732,99.63301638020874,271.0
2025-09-10 14:30:00+00:00,99.63301638020874,99.80573945449626,99.40936515112995,99.6075523028131,267.0
2025-09-10 14:31:00+00:00,99.6075523028131,99.96592626424379,99.01638745939593,99.49115686181986,251.0
2025-09-10 14:32:00+00:00,99.49115686181986,99.73058182415627,99.38020689725346,99.55539436070487,245.0
2025-09-10 14:33:00+00:00,99.55539436070487,99.67337257155963,99.18325314429781,99.42831285792872,386.0
2025-09-10 14:34:00+00:00,99.42831285792872,99.70730724741627,99.3479516587606,99.52762945308844,138.0
2025-09-10 14:35:00+00:00,99.52762945308844,99.75321335942462,99.62635758234353,99.68978547088408,451.0
2025-09-10 14:36:00+00:00,99.68978547088408,100.33174402672107,99.15747536655347,99.74460969663727,453.0
2025-09-10 14:37:00+00:00,99.74460969663727,99.75349365441515,99.65008882065557,99.70179123753536,130.0
2025-09-10 14:38:00+00:00,99.70179123753536,99.9055352850255,99.6338769755839,99.7697061303047,488.0
2025-09-10 14:39:00+00:00,99.7697061303047,99.91892070478244,99.5281242808172,99.72352249279982,167.0
2025-09-10 14:40:00+00:00,99.72352249279982,99.95154945291895,99.77558017543126,99.8635648141751,73.0
2025-09-10 14:41:00+00:00,99.8635648141751,99.73916302466202,99.44004732471544,99.58960517468873,229.0
2025-09-10 14:42:00+00:00,99.58960517468873,99.68629427803988,99.39267228951446,99.53948328377717,408.0
2025-09-10 14:43:00+00:00,99.53948328377717,99.42212647905363,99.06323365679843,99.24268006792603,430.0
2025-09-10 14:44:00+00:00,99.24268006792603,99.21062289102412,98.83011445379026,99.02036867240719,340.0
2025-09-10 14:45:00+00:00,99.02036867240719,99.34544978915628,99.10085268787594,99.22315123851611,415.0
2025-09-10 14:46:00+00:00,99.22315123851611,99.90923594963529,98.80371473649397,99.35647534306463,167.0
2025-09-10 14:47:00+00:00,99.35647534306463,99.5199237661341,98.97868754033448,99.24930565323429,445.0
2025-09-10 14:48:00+00:00,99.24930565323429,99.20968313357118,98.84206464827939,99.02587389092528,335.0
2025-09-10 14:49:00+00:00,99.02587389092528,98.6047833805322,98.56822446022856,98.58650392038038,110.0
2025-09-10 14:50:00+00:00,98.58650392038038,98.73897974457267,98.27334963503316,98.50616468980292,107.0
2025-09-10 14:51:00+00:00,98.50616468980292,98.99135877661251,98.73754802637492,98.86445340149372,170.0
2025-09-10 14:52:00+00:00,98.86445340149372,99.23201807900543,98.62591459027001,98.92896633463772,81.0
2025-09-10 14:53:00+00:00,98.92896633463772,98.88824910773064,98.80367951619314,98.8459643119619,177.0
2025-09-10 14:54:00+00:00,98.8459643119619,99.0202191627439,98.80967148351078,98.91494532312734,497.0
2025-09-10 14:55:00+00:00,98.91494532312734,98.78288025450392,98.58434592268533,98.68361308859463,158.0
2025-09-10 14:56:00+00:00,98.68361308859463,98.64265972894401,98.6365632427007,98.63961148582236,336.0
2025-09-10 14:57:00+00:00,98.63961148582236,99.03441502749119,98.27424739839036,98.65433121294078,489.0
2025-09-10 14:58:00+00:00,98.65433121294078,98.7944737713145,98.4887076933808,98.64159073234765,163.0
2025-09-10 14:59:00+00:00,98.64159073234765,98.85923238222563,98.65810705659555,98.75866971941059,363.0
2025-09-10 15:00:00+00:00,98.75866971941059,98.90936173518863,98.71011421420808,98.80973797469835,252.0
2025-09-10 15:01:00+00:00,98.80973797469835,98.927384084361,98.89030255665031,98.90884332050565,178.0
2025-09-10 15:02:00+00:00,98.90884332050565,99.15889970531948,98.45463403510097,98.80676687021023,477.0
2025-09-10 15:03:00+00:00,98.80676687021023,99.1407937077501,98.73905002858785,98.93992186816898,345.0
2025-09-10 15:04:00+00:00,98.93992186816898,99.4268276890043,98.9371079058027,99.1819677974035,247.0
2025-09-10 15:05:00+00:00,99.1819677974035,99.20570947680675,98.86977203634602,99.03774075657638,415.0
2025-09-10 15:06:00+00:00,99.03774075657638,99.06427975028217,98.7476311630065,98.90595545664434,455.0
2025-09-10 15:07:00+00:00,98.90595545664434,99.30404160968698,98.90461772681576,99.10432966825137,401.0
2025-09-10 15:08:00+00:00,99.10432966825137,99.2861445888632,98.86563385827974,99.07588922357147,440.0
2025-09-10 15:09:00+00:00,99.07588922357147,99.32454369353177,99.24492893347839,99.28473631350508,194.0
2025-09-10 15:10:00+00:00,99.28473631350508,99.56858753946199,98.86911770182346,99.21885262064272,204.0
2025-09-10 15:11:00+00:00,99.21885262064272,99.54879947806165,99.3224826044216,99.43564104124162,154.0
2025-09-10 15:12:00+00:00,99.43564104124162,99.5091995235562,99.4013095565909,99.45525454007355,363.0
2025-09-10 15:13:00+00:00,99.45525454007355,99.55041659484243,99.43715404903833,99.49378532194038,411.0
2025-09-10 15:14:00+00:00,99.49378532194038,99.73691692283641,99.7182413953493,99.72757915909285,347.0
2025-09-10 15:15:00+00:00,99.72757915909285,99.85266047243094,99.4942917259646,99.67347609919777,319.0
2025-09-10 15:16:00+00:00,99.67347609919777,99.6846881007344,99.38104790623771,99.53286800348606,397.0
2025-09-10 15:17:00+00:00,99.53286800348606,99.47672484900046,99.45511556227571,99.46592020563808,131.0
2025-09-10 15:18:00+00:00,99.46592020563808,99.57484888625604,99.4920127637809,99.53343082501847,214.0
2025-09-10 15:19:00+00:00,99.53343082501847,99.38859749667647,99.21127664357202,99.29993707012424,368.0
2025-09-10 15:20:00+00:00,99.29993707012424,99.68183361338463,99.10803381033178,99.3949337118582,73.0
2025-09-10 15:21:00+00:00,99.3949337118582,99.536677942027,99.09260096259429,99.31463945231064,459.0
2025-09-10 15:22:00+00:00,99.31463945231064,100.03542375094415,98.93613352438956,99.48577863766685,126.0
2025-09-10 15:23:00+00:00,99.48577863766685,99.26908320020326,98.98917116436772,99.12912718228549,404.0
2025-09-10 15:24:00+00:00,99.12912718228549,99.3122978538354,98.71217971220348,99.01223878301944,327.0
2025-09-10 15:25:00+00:00,99.01223878301944,98.79481599625046,98.72935169223086,98.76208384424066,431.0
2025-09-10 15:26:00+00:00,98.76208384424066,98.73124491833029,98.54827397200516,98.63975944516773,398.0
2025-09-10 15:27:00+00:00,98.63975944516773,98.82500585053636,98.52781576962049,98.67641081007842,282.0
2025-09-10 15:28:00+00:00,98.67641081007842,98.94682654437052,98.35294588661326,98.64988621549189,390.0
2025-09-10 15:29:00+00:00,98.64988621549189,98.6284641959346,98.59633547822399,98.6123998370793,205.0
2025-09-10 15:30:00+00:00,98.6123998370793,99.00053383548578,98.17717865401843,98.58885624475211,312.0
2025-09-10 15:31:00+00:00,98.58885624475211,99.04159828955476,98.19627881911391,98.61893855433433,461.0
2025-09-10 15:32:00+00:00,98.61893855433433,98.71291413263883,98.22680629735946,98.46986021499914,88.0
2025-09-10 15:33:00+00:00,98.46986021499914,98.65749105380102,98.49115026936597,98.5743206615835,210.0
2025-09-10 15:34:00+00:00,98.5743206615835,98.92029267575653,98.4244116180303,98.67235214689342,57.0
2025-09-10 15:35:00+00:00,98.67235214689342,98.906730134101,98.55198487727824,98.72935750568962,290.0
2025-09-10 15:36:00+00:00,98.72935750568962,98.85084711048192,98.77277529137855,98.81181120093024,401.0
2025-09-10 15:37:00+00:00,98.81181120093024,98.99428398403107,98.71722675374248,98.85575536888678,67.0
2025-09-10 15:38:00+00:00,98.85575536888678,99.31486319457045,99.0011057871636,99.15798449086702,297.0
2025-09-10 15:39:00+00:00,99.15798449086702,99.18789486048378,99.10216756613214,99.14503121330796,236.0
2025-09-10 15:40:00+00:00,99.14503121330796,99.14004031803826,99.0587058156675,99.09937306685288,402.0
2025-09-10 15:41:00+00:00,99.09937306685288,99.04837126482145,98.92647909404606,98.98742517943376,149.0
2025-09-10 15:42:00+00:00,98.98742517943376,98.95626405770771,98.71228043183577,98.83427224477174,123.0
2025-09-10 15:43:00+00:00,98.83427224477174,98.79279353146043,98.507105751181,98.64994964132072,92.0
2025-09-10 15:44:00+00:00,98.64994964132072,98.8493635400638,98.1876715756617,98.51851755786275,233.0
2025-09-10 15:45:00+00:00,98.51851755786275,98.90820923069845,98.10793701310934,98.50807312190389,269.0
2025-09-10 15:46:00+00:00,98.50807312190389,99.17081821737733,97.94414510679835,98.55748166208784,463.0
2025-09-10 15:47:00+00:00,98.55748166208784,98.67529270449289,98.45479249719209,98.56504260084249,259.0
2025-09-10 15:48:00+00:00,98.56504260084249,98.77779896017975,98.1260511078996,98.45192503403968,127.0
2025-09-10 15:49:00+00:00,98.45192503403968,98.7755156894364,98.39438867133607,98.58495218038624,364.0
2025-09-10 15:50:00+00:00,98.58495218038624,98.81997285971585,98.56873770850936,98.6943552841126,77.0
2025-09-10 15:51:00+00:00,98.6943552841126,99.00154565300957,98.33990141427529,98.67072353364243,205.0
2025-09-10 15:52:00+00:00,98.67072353364243,98.87303439049894,98.27523616307256,98.57413527678575,344.0
2025-09-10 15:53:00+00:00,98.57413527678575,98.68592506940634,98.6245946356611,98.65525985253372,164.0
2025-09-10 15:54:00+00:00,98.65525985253372,98.73141859850213,98.63474269991568,98.6830806492089,317.0
2025-09-10 15:55:00+00:00,98.6830806492089,98.6817901469241,98.25611946469536,98.46895480580973,253.0
2025-09-10 15:56:00+00:00,98.46895480580973,98.5434908774529,98.3743379237453,98.4589144005991,478.0
2025-09-10 15:57:00+00:00,98.4589144005991,98.88270171899059,98.11254158001181,98.4976216495012,179.0
2025-09-10 15:58:00+00:00,98.4976216495012,98.51754451957574,98.2120246988989,98.36478460923732,457.0
2025-09-10 15:59:00+00:00,98.36478460923732,98.66947901411281,98.11611989497096,98.39279945454189,331.0
2025-09-10 16:00:00+00:00,98.39279945454189,98.19858920588837,98.15804575212701,98.17831747900769,387.0
2025-09-10 16:01:00+00:00,98.17831747900769,98.47495559363908,98.27562753296205,98.37529156330056,125.0
2025-09-10 16:02:00+00:00,98.37529156330056,98.6765293774007,98.44270101247218,98.55961519493644,58.0
2025-09-10 16:03:00+00:00,98.55961519493644,98.73060892924468,98.31397156541829,98.52229024733148,378.0
2025-09-10 16:04:00+00:00,98.52229024733148,98.82896981159864,98.32306503275767,98.57601742217815,266.0
2025-09-10 16:05:00+00:00,98.57601742217815,98.31546986272888,98.12517003197583,98.22031994735235,188.0
2025-09-10 16:06:00+00:00,98.22031994735235,98.1703040857302,97.92990062890935,98.05010235731977,453.0
2025-09-10 16:07:00+00:00,98.05010235731977,98.3749484351202,97.638860157363,98.0069042962416,196.0
2025-09-10 16:08:00+00:00,98.0069042962416,98.10745557537926,97.59137704182588,97.84941630860257,245.0
2025-09-10 16:09:00+00:00,97.84941630860257,98.08951083247204,97.81914402337152,97.95432742792178,375.0
2025-09-10 16:10:00+00:00,97.95432742792178,98.28702490960714,98.20944154715289,98.24823322838002,482.0
2025-09-10 16:11:00+00:00,98.24823322838002,98.21334821328342,97.93662314971685,98.07498568150014,454.0
2025-09-10 16:12:00+00:00,98.07498568150014,98.1436359185234,97.76008751049046,97.95186171450693,343.0
2025-09-10 16:13:00+00:00,97.95186171450693,98.03236819952592,97.94055526658634,97.98646173305613,99.0
2025-09-10 16:14:00+00:00,97.98646173305613,98.46727469406929,97.97982421755071,98.22354945581,99.0
2025-09-10 16:15:00+00:00,98.22354945581,98.05973678263713,98.02749431845605,98.04361555054659,361.0
2025-09-10 16:16:00+00:00,98.04361555054659,98.12201416656953,98.03847982300195,98.08024699478574,279.0
2025-09-10 16:17:00+00:00,98.08024699478574,98.57837509856756,98.11875190747807,98.34856350302282,109.0
2025-09-10 16:18:00+00:00,98.34856350302282,98.201615820869,98.00877000014754,98.10519291050826,363.0
2025-09-10 16:19:00+00:00,98.10519291050826,98.02973962214855,97.80396960136096,97.91685461175476,474.0
2025-09-10 16:20:00+00:00,97.91685461175476,97.93301211680365,97.77630195235587,97.85465703457976,79.0
2025-09-10 16:21:00+00:00,97.85465703457976,97.82428404379748,97.73226367762929,97.77827386071338,421.0
2025-09-10 16:22:00+00:00,97.77827386071338,98.07281885613511,97.72223844941877,97.89752865277694,205.0
2025-09-10 16:23:00+00:00,97.89752865277694,98.00373895093655,97.86230488781548,97.93302191937602,229.0
2025-09-10 16:24:00+00:00,97.93302191937602,97.75397054628102,97.59128469023817,97.6726276182596,372.0
2025-09-10 16:25:00+00:00,97.6726276182596,98.16111171606642,97.33522638024508,97.74816904815575,161.0
2025-09-10 16:26:00+00:00,97.74816904815575,97.99123130137222,97.33582002641619,97.6635256638942,120.0
2025-09-10 16:27:00+00:00,97.6635256638942,98.00521365844268,97.69559583224618,97.85040474534443,483.0
2025-09-10 16:28:00+00:00,97.85040474534443,97.8508292907361,97.66583780429553,97.75833354751582,206.0
2025-09-10 16:29:00+00:00,97.75833354751582,97.68650273897528,97.64355012378051,97.6650264313779,126.0
2025-09-10 16:30:00+00:00,97.6650264313779,98.05250230820229,97.43616381804927,97.74433306312578,360.0
2025-09-10 16:31:00+00:00,97.74433306312578,97.90913921254858,97.80337019182392,97.85625470218625,147.0
2025-09-10 16:32:00+00:00,97.85625470218625,97.94687404839092,97.89722755227959,97.92205080033526,398.0
2025-09-10 16:33:00+00:00,97.92205080033526,97.73080809026237,97.61874753946455,97.67477781486346,81.0
2025-09-10 16:34:00+00:00,97.67477781486346,97.8683854447465,97.63889100397428,97.75363822436039,283.0
2025-09-10 16:35:00+00:00,97.75363822436039,97.82690414226266,97.37728535592038,97.60209474909152,231.0
2025-09-10 16:36:00+00:00,97.60209474909152,97.80549482203493,97.46759715777024,97.63654598990259,480.0
2025-09-10 16:37:00+00:00,97.63654598990259,97.59463287490355,97.26187855025263,97.42825571257809,284.0
2025-09-10 16:38:00+00:00,97.42825571257809,97.8471268882451,97.1398813797233,97.4935041339842,466.0
2025-09-10 16:39:00+00:00,97.4935041339842,97.56330525516121,97.18793121069179,97.3756182329265,161.0
2025-09-10 16:40:00+00:00,97.3756182329265,97.28339838441461,97.09350626901367,97.18845232671414,263.0
2025-09-10 16:41:00+00:00,97.18845232671414,97.31864779513027,97.26649354397101,97.29257066955064,416.0
2025-09-10 16:42:00+00:00,97.29257066955064,97.35283470366282,97.30285006959839,97.3278423866306,122.0
2025-09-10 16:43:00+00:00,97.3278423866306,97.24592362438318,97.23057256270451,97.23824809354385,467.0
2025-09-10 16:44:00+00:00,97.23824809354385,97.56530135542582,97.33498617895097,97.4501437671884,397.0
2025-09-10 16:45:00+00:00,97.4501437671884,98.00293302833592,96.76857214642351,97.38575258737971,354.0
2025-09-10 16:46:00+00:00,97.38575258737971,97.43664413417494,97.34424175645788,97.39044294531641,159.0
2025-09-10 16:47:00+00:00,97.39044294531641,97.59112717509878,97.26834336317002,97.4297352691344,418.0
2025-09-10 16:48:00+00:00,97.4297352691344,97.74961731543489,96.92881570920078,97.33921651231783,429.0
2025-09-10 16:49:00+00:00,97.33921651231783,97.5261137653469,97.2899479979913,97.4080308816691,181.0
2025-09-10 16:50:00+00:00,97.4080308816691,97.62912001756152,97.03111646999085,97.33011824377618,314.0
2025-09-10 16:51:00+00:00,97.33011824377618,97.36787266893768,97.17220649872547,97.27003958383158,77.0
2025-09-10 16:52:00+00:00,97.27003958383158,98.5385665395147,96.39955218936709,97.4690593644409,227.0
2025-09-10 16:53:00+00:00,97.4690593644409,97.48102547955233,97.15305576275532,97.31704062115382,117.0
2025-09-10 16:54:00+00:00,97.31704062115382,97.43045952057216,96.50048095796515,96.96547023926865,300.0
2025-09-10 16:55:00+00:00,96.96547023926865,97.6850673038076,96.71505560367343,97.20006145374052,296.0
2025-09-10 16:56:00+00:00,97.20006145374052,97.94309128814064,97.20183928195837,97.5724652850495,289.0
2025-09-10 16:57:00+00:00,97.5724652850495,98.18892407030663,96.83741318611092,97.51316862820877,354.0
2025-09-10 16:58:00+00:00,97.51316862820877,97.45828368680964,97.00227419144886,97.23027893912925,466.0
2025-09-10 16:59:00+00:00,97.23027893912925,97.18710810867637,97.1829055247866,97.18500681673149,138.0
2025-09-10 17:00:00+00:00,97.18500681673149,97.71400074685695,96.57258105997116,97.14329090341406,146.0
2025-09-10 17:01:00+00:00,97.14329090341406,97.223937484064,97.0073027253412,97.1156201047026,146.0
2025-09-10 17:02:00+00:00,97.1156201047026,97.23250944972449,96.67461937099739,96.95356441036094,467.0
2025-09-10 17:03:00+00:00,96.95356441036094,97.1261639001306,96.94960977064208,97.03788683538635,91.0
2025-09-10 17:04:00+00:00,97.03788683538635,97.25625026880712,96.97227474547293,97.11426250714003,64.0
2025-09-10 17:05:00+00:00,97.11426250714003,96.99653942511216,96.79708890634322,96.89681416572769,122.0
2025-09-10 17:06:00+00:00,96.89681416572769,97.44987237984765,96.5471123799087,96.99849237987817,396.0
2025-09-10 17:07:00+00:00,96.99849237987817,97.46590546365303,97.12932187187315,97.29761366776309,310.0
2025-09-10 17:08:00+00:00,97.29761366776309,97.74844090003786,96.8969868995513,97.32271389979458,463.0
2025-09-10 17:09:00+00:00,97.32271389979458,97.5481779137408,96.99878659783994,97.27348225579037,141.0
2025-09-10 17:10:00+00:00,97.27348225579037,97.73608079257784,96.76944869061919,97.25276474159851,227.0
2025-09-10 17:11:00+00:00,97.25276474159851,97.71121854935728,96.97390005600116,97.34255930267922,299.0
2025-09-10 17:12:00+00:00,97.34255930267922,97.2955229335105,96.88484711064145,97.09018502207597,82.0
2025-09-10 17:13:00+00:00,97.09018502207597,97.50088011865104,96.72737800082795,97.1141290597395,463.0
2025-09-10 17:14:00+00:00,97.1141290597395,97.06798874590002,97.04654398193527,97.05726636391765,412.0
2025-09-10 17:15:00+00:00,97.05726636391765,97.42238141057653,97.23093218532806,97.3266567979523,114.0
2025-09-10 17:16:00+00:00,97.3266567979523,97.64914616304576,96.95331912577974,97.30123264441275,429.0
2025-09-10 17:17:00+00:00,97.30123264441275,97.7344811193147,97.35545626316917,97.54496869124193,251.0
2025-09-10 17:18:00+00:00,97.54496869124193,97.52994995128857,97.23726160370985,97.38360577749921,201.0
2025-09-10 17:19:00+00:00,97.38360577749921,97.60299958497409,97.33585580405388,97.46942769451398,475.0
2025-09-10 17:20:00+00:00,97.46942769451398,97.55819571795226,97.47407733025915,97.5161365241057,283.0
2025-09-10 17:21:00+00:00,97.5161365241057,97.86382360236041,96.91437669254395,97.38910014745218,152.0
2025-09-10 17:22:00+00:00,97.38910014745218,97.49593657765168,97.33409995753,97.41501826759084,414.0
2025-09-10 17:23:00+00:00,97.41501826759084,97.5941575970504,97.59055401193574,97.59235580449307,372.0
2025-09-10 17:24:00+00:00,97.59235580449307,97.58611911736847,97.50381672355252,97.5449679204605,136.0
2025-09-10 17:25:00+00:00,97.5449679204605,97.38987779020428,97.20555849522168,97.29771814271298,354.0
2025-09-10 17:26:00+00:00,97.29771814271298,97.35456378769267,97.23574609643798,97.29515494206532,333.0
2025-09-10 17:27:00+00:00,97.29515494206532,97.2277533726641,97.09933052307446,97.16354194786928,173.0
2025-09-10 17:28:00+00:00,97.16354194786928,97.18314376514849,97.04417657318172,97.1136601691651,243.0
2025-09-10 17:29:00+00:00,97.1136601691651,97.34502368128828,96.85852825066253,97.1017759659754,427.0
2025-09-10 17:30:00+00:00,97.1017759659754,96.87678405601329,96.83053736605885,96.85366071103607,128.0
2025-09-10 17:31:00+00:00,96.85366071103607,96.69593569695552,96.54250684179907,96.61922126937729,375.0
2025-09-10 17:32:00+00:00,96.61922126937729,96.73411370546235,96.64411013189259,96.68911191867747,424.0
2025-09-10 17:33:00+00:00,96.68911191867747,96.76954365360835,96.4571159910415,96.61332982232493,471.0
2025-09-10 17:34:00+00:00,96.61332982232493,96.36816905757563,96.11655318893817,96.2423611232569,196.0
2025-09-10 17:35:00+00:00,96.2423611232569,96.48947871193651,96.2219827041436,96.35573070804006,169.0
2025-09-10 17:36:00+00:00,96.35573070804006,96.48816200900899,96.30204865303705,96.39510533102302,470.0
2025-09-10 17:37:00+00:00,96.39510533102302,96.29874142951522,96.28513760689268,96.29193951820395,258.0
2025-09-10 17:38:00+00:00,96.29193951820395,96.17494880832373,96.02890526778737,96.10192703805555,306.0
2025-09-10 17:39:00+00:00,96.10192703805555,96.30142351829035,96.14354992174783,96.22248672001909,280.0
2025-09-10 17:40:00+00:00,96.22248672001909,96.39521874524682,96.15062727932802,96.27292301228742,281.0
2025-09-10 17:41:00+00:00,96.27292301228742,97.01514214545274,96.22007527714528,96.61760871129901,331.0
2025-09-10 17:42:00+00:00,96.61760871129901,96.77106866468067,96.58598000080828,96.67852433274447,240.0
2025-09-10 17:43:00+00:00,96.67852433274447,96.79076110495738,96.67876796684571,96.73476453590155,226.0
2025-09-10 17:44:00+00:00,96.73476453590155,96.91597615209017,96.5051157820588,96.71054596707448,230.0
2025-09-10 17:45:00+00:00,96.71054596707448,96.95775607961598,96.70045359906071,96.82910483933834,345.0
2025-09-10 17:46:00+00:00,96.82910483933834,97.37918823112126,96.46068592253302,96.91993707682714,418.0
2025-09-10 17:47:00+00:00,96.91993707682714,97.19426656448222,97.00990080555069,97.10208368501645,299.0
2025-09-10 17:48:00+00:00,97.10208368501645,97.23845242017522,96.81390968724806,97.02618105371164,354.0
2025-09-10 17:49:00+00:00,97.02618105371164,97.2037091182055,96.72195659423323,96.96283285621936,235.0
2025-09-10 17:50:00+00:00,96.96283285621936,97.31318820565092,96.47316197062405,96.89317508813748,398.0
2025-09-10 17:51:00+00:00,96.89317508813748,97.37987181691882,96.6364846182861,97.00817821760246,227.0
2025-09-10 17:52:00+00:00,97.00817821760246,97.55971533930783,96.89319522751227,97.22645528341005,239.0
2025-09-10 17:53:00+00:00,97.22645528341005,97.30548149529668,97.01364081333935,97.15956115431801,74.0
2025-09-10 17:54:00+00:00,97.15956115431801,97.31519497750566,96.8801542800262,97.09767462876593,167.0
2025-09-10 17:55:00+00:00,97.09767462876593,97.58331154455493,96.70354777147804,97.14342965801649,382.0
2025-09-10 17:56:00+00:00,97.14342965801649,97.1930116166584,97.02223855429628,97.10762508547734,89.0
2025-09-10 17:57:00+00:00,97.10762508547734,97.31180614286406,97.18099717266516,97.24640165776461,150.0
2025-09-10 17:58:00+00:00,97.24640165776461,97.26673234860874,96.57024745025817,96.91848989943345,399.0
2025-09-10 17:59:00+00:00,96.91848989943345,96.95783357204348,96.63892618672784,96.79837987938566,442.0
2025-09-10 18:00:00+00:00,96.79837987938566,97.21687483842436,96.15280829719984,96.6848415678121,236.0
2025-09-10 18:01:00+00:00,96.6848415678121,96.40882193226169,96.28900133685657,96.34891163455913,233.0
2025-09-10 18:02:00+00:00,96.34891163455913,96.30523954522573,96.11424838735473,96.20974396629023,279.0
2025-09-10 18:03:00+00:00,96.20974396629023,96.22471628348961,95.93081205693343,96.07776417021152,396.0
2025-09-10 18:04:00+00:00,96.07776417021152,96.49229036428106,95.60528166133379,96.04878601280743,261.0
2025-09-10 18:05:00+00:00,96.04878601280743,96.27627720706053,96.1422597295603,96.20926846831041,128.0
2025-09-10 18:06:00+00:00,96.20926846831041,96.44910934849948,95.89870926868146,96.17390930859047,244.0
2025-09-10 18:07:00+00:00,96.17390930859047,96.16907624253943,95.88156003283436,96.0253181376869,164.0
2025-09-10 18:08:00+00:00,96.0253181376869,96.0219896616895,96.01224008069593,96.01711487119272,357.0
2025-09-10 18:09:00+00:00,96.01711487119272,96.407544762721,95.92913878454455,96.16834177363278,114.0
2025-09-10 18:10:00+00:00,96.16834177363278,96.08212547454185,95.97319504906038,96.02766026180112,323.0
2025-09-10 18:11:00+00:00,96.02766026180112,96.13940268091248,95.65377578163786,95.89658923127517,108.0
2025-09-10 18:12:00+00:00,95.89658923127517,96.0803151280543,95.87361948806843,95.97696730806136,487.0
2025-09-10 18:13:00+00:00,95.97696730806136,95.98507260742954,95.90508551226691,95.94507905984823,338.0
2025-09-10 18:14:00+00:00,95.94507905984823,96.22965494387059,95.846962617915,96.03830878089279,112.0
2025-09-10 18:15:00+00:00,96.03830878089279,96.24454530390342,95.82814045371178,96.0363428788076,481.0
2025-09-10 18:16:00+00:00,96.0363428788076,96.8902074499523,95.38474036101988,96.13747390548609,308.0
2025-09-10 18:17:00+00:00,96.13747390548609,96.08019682407925,95.89645323238818,95.98832502823372,322.0
2025-09-10 18:18:00+00:00,95.98832502823372,96.60337613959918,95.36979399224545,95.98658506592231,78.0
2025-09-10 18:19:00+00:00,95.98658506592231,96.31809938889974,95.59441008393749,95.95625473641861,134.0
2025-09-10 18:20:00+00:00,95.95625473641861,95.8392024881897,95.72360895983903,95.78140572401436,413.0
2025-09-10 18:21:00+00:00,95.78140572401436,95.55893062263725,95.5551508686088,95.55704074562303,260.0
2025-09-10 18:22:00+00:00,95.55704074562303,95.76600487980832,95.54476219732368,95.655383538566,327.0
2025-09-10 18:23:00+00:00,95.655383538566,95.85274756854253,95.3573345584575,95.60504106350001,494.0
2025-09-10 18:24:00+00:00,95.60504106350001,95.57129940816583,95.34580196266478,95.4585506854153,242.0
2025-09-10 18:25:00+00:00,95.4585506854153,95.48112071477608,95.40843933699789,95.44478002588698,221.0
2025-09-10 18:26:00+00:00,95.44478002588698,95.79697292021044,95.41585107542193,95.60641199781618,411.0
2025-09-10 18:27:00+00:00,95.60641199781618,95.28388111888624,95.27590109020484,95.27989110454554,79.0
2025-09-10 18:28:00+00:00,95.27989110454554,95.82197600081949,94.31048733002376,95.06623166542163,254.0
2025-09-10 18:29:00+00:00,95.06623166542163,94.97063990675925,94.89879951313092,94.93471970994509,434.0
2025-09-10 18:30:00+00:00,94.93471970994509,95.18947213474053,95.09657348898375,95.14302281186214,152.0
2025-09-10 18:31:00+00:00,95.14302281186214,95.5903808731303,94.77634038708624,95.18336063010827,186.0
2025-09-10 18:32:00+00:00,95.18336063010827,95.42244495105403,95.16350995212512,95.29297745158958,262.0
2025-09-10 18:33:00+00:00,95.29297745158958,95.40301824809288,94.85726723485288,95.13014274147288,83.0
2025-09-10 18:34:00+00:00,95.13014274147288,95.28759698485985,94.65345179795597,94.9705243914079,81.0
2025-09-10 18:35:00+00:00,94.9705243914079,95.54694452958203,94.5217344248614,95.03433947722172,163.0
2025-09-10 18:36:00+00:00,95.03433947722172,95.05032530391992,95.03496856432696,95.04264693412344,454.0
2025-09-10 18:37:00+00:00,95.04264693412344,95.44687568441526,94.79494336303691,95.12090952372608,149.0
2025-09-10 18:38:00+00:00,95.12090952372608,95.10421165514953,95.08406062349263,95.09413613932108,378.0
2025-09-10 18:39:00+00:00,95.09413613932108,95.2137612159349,95.05387713010562,95.13381917302026,241.0
2025-09-10 18:40:00+00:00,95.13381917302026,95.59850304458828,94.71426807079828,95.15638555769328,392.0
2025-09-10 18:41:00+00:00,95.15638555769328,95.37517739979343,95.15975188157775,95.26746464068559,198.0
2025-09-10 18:42:00+00:00,95.26746464068559,95.5405426906697,95.22517114519977,95.38285691793473,443.0
2025-09-10 18:43:00+00:00,95.38285691793473,95.57521197904568,94.72754048222409,95.15137623063488,216.0
2025-09-10 18:44:00+00:00,95.15137623063488,95.10014278117875,94.56219758258239,94.83117018188057,406.0
2025-09-10 18:45:00+00:00,94.83117018188057,95.15557480712296,94.79196984438833,94.97377232575565,424.0
2025-09-10 18:46:00+00:00,94.97377232575565,95.41245743965581,94.87379704066657,95.14312724016119,244.0
2025-09-10 18:47:00+00:00,95.14312724016119,95.13616446104655,94.85899710080088,94.99758078092371,350.0
2025-09-10 18:48:00+00:00,94.99758078092371,94.88774350714067,94.57811711464439,94.73293031089253,103.0
2025-09-10 18:49:00+00:00,94.73293031089253,94.87034600728002,94.62366228154313,94.74700414441158,273.0
2025-09-10 18:50:00+00:00,94.74700414441158,95.08538804896591,94.67338743828432,94.87938774362512,218.0
2025-09-10 18:51:00+00:00,94.87938774362512,95.56813633680262,94.70299359728362,95.13556496704312,479.0
2025-09-10 18:52:00+00:00,95.13556496704312,95.5665578314388,94.8519839602068,95.2092708958228,470.0
2025-09-10 18:53:00+00:00,95.2092708958228,95.33128866561988,94.98111009314358,95.15619937938173,402.0
2025-09-10 18:54:00+00:00,95.15619937938173,95.05964599972069,94.99796272124112,95.0288043604809,477.0
2025-09-10 18:55:00+00:00,95.0288043604809,95.12264873161614,94.93822462505132,95.03043667833373,489.0
2025-09-10 18:56:00+00:00,95.03043667833373,95.0648893479841,94.91068538878751,94.98778736838581,395.0
2025-09-10 18:57:00+00:00,94.98778736838581,95.10814375379512,94.5783939198197,94.84326883680741,317.0
2025-09-10 18:58:00+00:00,94.84326883680741,95.40833895391904,94.86202740087495,95.135183177397,141.0
2025-09-10 18:59:00+00:00,95.135183177397,95.59831567734697,95.18223040895235,95.39027304314966,416.0
2025-09-10 19:00:00+00:00,95.39027304314966,95.609955249165,95.49597197735177,95.55296361325838,137.0
2025-09-10 19:01:00+00:00,95.55296361325838,95.62332223140942,95.2188172651596,95.42106974828451,133.0
2025-09-10 19:02:00+00:00,95.42106974828451,95.588493013556,95.4985640821411,95.54352854784855,445.0
2025-09-10 19:03:00+00:00,95.54352854784855,95.71217727081509,95.5583042955106,95.63524078316284,101.0
2025-09-10 19:04:00+00:00,95.63524078316284,96.5142699753845,94.88322261439156,95.69874629488802,113.0
2025-09-10 19:05:00+00:00,95.69874629488802,96.45626658771393,95.30033667104085,95.87830162937739,279.0
2025-09-10 19:06:00+00:00,95.87830162937739,96.10561785547296,95.83382743710152,95.96972264628724,312.0
2025-09-10 19:07:00+00:00,95.96972264628724,96.21939266585112,95.93322780237064,96.07631023411088,70.0
2025-09-10 19:08:00+00:00,96.07631023411088,96.63152041993374,95.70476258319962,96.16814150156668,220.0
2025-09-10 19:09:00+00:00,96.16814150156668,96.30088621823177,96.1337417481407,96.21731398318623,151.0
2025-09-10 19:10:00+00:00,96.21731398318623,95.992028101976,95.92844514387009,95.96023662292305,185.0
2025-09-10 19:11:00+00:00,95.96023662292305,96.08914785524301,95.85539979554223,95.97227382539262,131.0
2025-09-10 19:12:00+00:00,95.97227382539262,96.28827169478129,95.49620571670101,95.89223870574115,354.0
2025-09-10 19:13:00+00:00,95.89223870574115,95.73344485144749,95.68320529945213,95.7083250754498,262.0
2025-09-10 19:14:00+00:00,95.7083250754498,95.9859331868674,95.91421813298784,95.95007565992762,481.0
2025-09-10 19:15:00+00:00,95.95007565992762,96.48875181381914,95.90973714562304,96.19924447972109,53.0
2025-09-10 19:16:00+00:00,96.19924447972109,96.5365906912755,96.25456640860372,96.39557854993961,399.0
2025-09-10 19:17:00+00:00,96.39557854993961,96.44559007956202,96.419385483927,96.43248778174451,459.0
2025-09-10 19:18:00+00:00,96.43248778174451,96.896289317667,96.35981473443593,96.62805202605146,268.0
2025-09-10 19:19:00+00:00,96.62805202605146,97.24303186579733,96.0165662439782,96.62979905488777,364.0
2025-09-10 19:20:00+00:00,96.62979905488777,96.73589951481917,96.58249631786309,96.65919791634113,248.0
2025-09-10 19:21:00+00:00,96.65919791634113,96.52895536783446,96.47261816612102,96.50078676697774,317.0
2025-09-10 19:22:00+00:00,96.50078676697774,96.59945747955587,96.51708020049847,96.55826884002717,458.0
2025-09-10 19:23:00+00:00,96.55826884002717,96.88337604160735,96.25065471281958,96.56701537721347,288.0
2025-09-10 19:24:00+00:00,96.56701537721347,96.52288422651236,96.2341353027283,96.37850976462033,310.0
2025-09-10 19:25:00+00:00,96.37850976462033,96.4381630262295,96.30405416737266,96.37110859680108,494.0
2025-09-10 19:26:00+00:00,96.37110859680108,96.72995225319018,95.989215439364,96.35958384627709,273.0
2025-09-10 19:27:00+00:00,96.35958384627709,96.9057153604252,96.33379025918646,96.61975280980583,127.0
2025-09-10 19:28:00+00:00,96.61975280980583,96.87467991886544,96.62419562317115,96.7494377710183,357.0
2025-09-10 19:29:00+00:00,96.7494377710183,96.76462870906892,96.73756888087576,96.75109879497234,361.0
2025-09-10 19:30:00+00:00,96.75109879497234,97.21527280487823,96.35914959745932,96.78721120116877,156.0
2025-09-10 19:31:00+00:00,96.78721120116877,96.92333192656059,96.6639284798031,96.79363020318185,377.0
2025-09-10 19:32:00+00:00,96.79363020318185,96.98481482252586,96.5435322064317,96.76417351447878,78.0
2025-09-10 19:33:00+00:00,96.76417351447878,96.783011105069,96.43137035707863,96.60719073107381,194.0
2025-09-10 19:34:00+00:00,96.60719073107381,96.91725546364573,96.25335286504888,96.5853041643473,434.0
2025-09-10 19:35:00+00:00,96.5853041643473,96.74900216833417,96.20554070629025,96.47727143731221,327.0
2025-09-10 19:36:00+00:00,96.47727143731221,96.30327730303266,96.28972361381862,96.29650045842564,323.0
2025-09-10 19:37:00+00:00,96.29650045842564,96.47698818629938,96.2637559855901,96.37037208594474,329.0
2025-09-10 19:38:00+00:00,96.37037208594474,96.69813276838141,96.15576356717779,96.4269481677796,124.0
2025-09-10 19:39:00+00:00,96.4269481677796,96.40768188749759,95.93004618054114,96.16886403401936,482.0
2025-09-10 19:40:00+00:00,96.16886403401936,96.2454034506704,96.05693254734867,96.15116799900953,184.0
2025-09-10 19:41:00+00:00,96.15116799900953,96.84199564516013,95.74776849757757,96.29488207136885,403.0
2025-09-10 19:42:00+00:00,96.29488207136885,96.49751577895218,96.39848505431546,96.44800041663382,495.0
2025-09-10 19:43:00+00:00,96.44800041663382,96.78382747704799,96.4092215766143,96.59652452683115,158.0
2025-09-10 19:44:00+00:00,96.59652452683115,96.70126927298197,96.50305675142907,96.60216301220552,335.0
2025-09-10 19:45:00+00:00,96.60216301220552,96.59315663355147,96.36642491918312,96.4797907763673,69.0
2025-09-10 19:46:00+00:00,96.4797907763673,96.65879947203939,95.98737177311114,96.32308562257526,336.0
2025-09-10 19:47:00+00:00,96.32308562257526,96.54179077216399,96.20398643753533,96.37288860484966,248.0
2025-09-10 19:48:00+00:00,96.37288860484966,96.69720826494073,96.15825708119588,96.4277326730683,82.0
2025-09-10 19:49:00+00:00,96.4277326730683,96.68920912844227,96.53901926484168,96.61411419664198,352.0
2025-09-10 19:50:00+00:00,96.61411419664198,96.8649223079292,96.68238993092434,96.77365611942678,486.0
2025-09-10 19:51:00+00:00,96.77365611942678,96.98705300623025,96.52187428783255,96.7544636470314,87.0
2025-09-10 19:52:00+00:00,96.7544636470314,96.6102580602587,96.53785861312718,96.57405833669294,451.0
2025-09-10 19:53:00+00:00,96.57405833669294,96.66355378736831,96.3921327517355,96.52784326955191,429.0
2025-09-10 19:54:00+00:00,96.52784326955191,96.80336320819,96.31524015715789,96.55930168267395,296.0
2025-09-10 19:55:00+00:00,96.55930168267395,96.98666440889701,96.07340877670586,96.53003659280144,455.0
2025-09-10 19:56:00+00:00,96.53003659280144,96.55887551830146,96.33391776213129,96.44639664021638,189.0
2025-09-10 19:57:00+00:00,96.44639664021638,96.62105429995302,96.34492234733048,96.48298832364175,374.0
2025-09-10 19:58:00+00:00,96.48298832364175,96.62300242018603,96.19715930082148,96.41008086050375,364.0
2025-09-10 19:59:00+00:00,96.41008086050375,96.50495994216031,96.13363161506975,96.31929577861503,311.0
2025-09-10 20:00:00+00:00,96.31929577861503,96.46382730129018,96.26478203452693,96.36430466790856,425.0
2025-09-10 20:01:00+00:00,96.36430466790856,96.37183685916862,96.2405943008447,96.30621558000666,444.0
2025-09-10 20:02:00+00:00,96.30621558000666,96.40628218261502,96.2766882005376,96.34148519157631,403.0
2025-09-10 20:03:00+00:00,96.34148519157631,96.48662348321783,96.27532572579484,96.38097460450633,314.0
2025-09-10 20:04:00+00:00,96.38097460450633,96.2985770363573,96.13419572482692,96.21638638059211,489.0
2025-09-10 20:05:00+00:00,96.21638638059211,96.2389355687692,96.05497747145276,96.14695652011098,300.0
2025-09-10 20:06:00+00:00,96.14695652011098,96.67474700374164,96.0343271881947,96.35453709596817,336.0
2025-09-10 20:07:00+00:00,96.35453709596817,96.22189110490999,96.15156078630281,96.1867259456064,134.0
2025-09-10 20:08:00+00:00,96.1867259456064,95.93078347160144,95.83285482116614,95.88181914638379,194.0
2025-09-10 20:09:00+00:00,95.88181914638379,96.06628416699817,95.1625499644885,95.61441706574334,457.0
2025-09-10 20:10:00+00:00,95.61441706574334,95.73994691183151,95.49723739367693,95.61859215275422,274.0
2025-09-10 20:11:00+00:00,95.61859215275422,95.85379899180512,95.39225431915187,95.6230266554785,280.0
2025-09-10 20:12:00+00:00,95.6230266554785,96.21047481041903,95.00184255852035,95.60615868446969,417.0
2025-09-10 20:13:00+00:00,95.60615868446969,95.87411606131168,95.68677070971488,95.78044338551328,196.0
2025-09-10 20:14:00+00:00,95.78044338551328,95.52568327135322,95.26872522722016,95.39720424928669,169.0
2025-09-10 20:15:00+00:00,95.39720424928669,95.71862390180203,95.18913120582616,95.4538775538141,53.0
2025-09-10 20:16:00+00:00,95.4538775538141,95.72761351871976,95.62780162214075,95.67770757043026,154.0
2025-09-10 20:17:00+00:00,95.67770757043026,95.56430073168721,95.46767762596275,95.51598917882498,280.0
2025-09-10 20:18:00+00:00,95.51598917882498,95.65520737637216,95.26796919293086,95.46158828465151,376.0
2025-09-10 20:19:00+00:00,95.46158828465151,95.39554134072877,95.31214016017331,95.35384075045104,198.0
2025-09-10 20:20:00+00:00,95.35384075045104,95.69705859848443,94.7549564401175,95.22600751930096,249.0
2025-09-10 20:21:00+00:00,95.22600751930096,95.39984597339034,94.95898598421479,95.17941597880257,149.0
2025-09-10 20:22:00+00:00,95.17941597880257,95.5672102380213,95.19966006208914,95.38343515005522,417.0
2025-09-10 20:23:00+00:00,95.38343515005522,95.6549690400656,95.63839521492912,95.64668212749736,286.0
2025-09-10 20:24:00+00:00,95.64668212749736,95.93947142765575,95.25752269344454,95.59849706055014,114.0
2025-09-10 20:25:00+00:00,95.59849706055014,96.01164770400557,95.73249048138577,95.87206909269567,324.0
2025-09-10 20:26:00+00:00,95.87206909269567,95.94420144706471,95.81016938273389,95.8771854148993,201.0
2025-09-10 20:27:00+00:00,95.8771854148993,96.13243933236653,96.12701240225077,96.12972586730865,439.0
2025-09-10 20:28:00+00:00,96.12972586730865,96.23154890256332,96.00099839386378,96.11627364821355,170.0
2025-09-10 20:29:00+00:00,96.11627364821355,96.48103501238279,95.78930636844643,96.13517069041461,439.0
2025-09-10 20:30:00+00:00,96.13517069041461,96.36408235976658,96.0116927708617,96.18788756531414,364.0
2025-09-10 20:31:00+00:00,96.18788756531414,96.88011093939275,96.41515630813387,96.64763362376331,110.0
2025-09-10 20:32:00+00:00,96.64763362376331,97.12097735840143,96.42127175367989,96.77112455604066,391.0
2025-09-10 20:33:00+00:00,96.77112455604066,96.80619685592085,96.53083278198359,96.66851481895222,374.0
2025-09-10 20:34:00+00:00,96.66851481895222,96.81800833809358,96.80024038076574,96.80912435942966,255.0
2025-09-10 20:35:00+00:00,96.80912435942966,97.00069116058457,96.51249999754687,96.75659557906572,122.0
2025-09-10 20:36:00+00:00,96.75659557906572,96.94490305115771,96.4261806300916,96.68554184062465,265.0
2025-09-10 20:37:00+00:00,96.68554184062465,96.97438575328388,96.66042344756204,96.81740460042296,323.0
2025-09-10 20:38:00+00:00,96.81740460042296,97.17401873353204,96.46981955560359,96.82191914456781,109.0
2025-09-10 20:39:00+00:00,96.82191914456781,97.06615057614043,96.65862138545786,96.86238598079915,203.0
2025-09-10 20:40:00+00:00,96.86238598079915,96.93097692208045,96.79785900801934,96.8644179650499,365.0
2025-09-10 20:41:00+00:00,96.8644179650499,97.102223887721,96.72444552309126,96.91333470540613,298.0
2025-09-10 20:42:00+00:00,96.91333470540613,96.98030687240903,96.96995651340633,96.97513169290768,496.0
2025-09-10 20:43:00+00:00,96.97513169290768,96.96860450207787,96.41896385067905,96.69378417637846,147.0
2025-09-10 20:44:00+00:00,96.69378417637846,97.1087687453527,96.4722566074181,96.7905126763854,400.0
2025-09-10 20:45:00+00:00,96.7905126763854,96.93778608465371,96.35829869321236,96.64804238893304,241.0
2025-09-10 20:46:00+00:00,96.64804238893304,96.72982866965108,96.1485219803545,96.4391753250028,150.0
2025-09-10 20:47:00+00:00,96.4391753250028,96.6807211845803,96.18073080917742,96.43072599687886,478.0
2025-09-10 20:48:00+00:00,96.43072599687886,96.55924117271083,96.32650739871166,96.44287428571124,330.0
2025-09-10 20:49:00+00:00,96.44287428571124,96.48892817792081,96.19627353840825,96.34260085816453,290.0
2025-09-10 20:50:00+00:00,96.34260085816453,96.86045516896267,96.0650876262557,96.46277139760919,182.0
2025-09-10 20:51:00+00:00,96.46277139760919,96.33794807973861,96.19957562997847,96.26876185485854,446.0
2025-09-10 20:52:00+00:00,96.26876185485854,96.52864824125443,95.89138341908539,96.21001583016991,63.0
2025-09-10 20:53:00+00:00,96.21001583016991,96.2363695291274,96.0149239106591,96.12564671989325,101.0
2025-09-10 20:54:00+00:00,96.12564671989325,96.60380379973566,95.63405541498338,96.11892960735952,130.0
2025-09-10 20:55:00+00:00,96.11892960735952,96.20174997015555,96.11653847465858,96.15914422240706,343.0
2025-09-10 20:56:00+00:00,96.15914422240706,96.60143445576826,95.42631929477615,96.0138768752722,96.0
2025-09-10 20:57:00+00:00,96.0138768752722,96.16090291270329,96.07558776916595,96.11824534093462,408.0
2025-09-10 20:58:00+00:00,96.11824534093462,96.1327317128824,96.12192685872834,96.12732928580537,138.0
2025-09-10 20:59:00+00:00,96.12732928580537,96.16150397206476,95.5483248352318,95.85491440364828,354.0
2025-09-10 21:00:00+00:00,95.85491440364828,95.83906826901638,95.30836522516331,95.57371674708985,408.0
2025-09-10 21:01:00+00:00,95.57371674708985,95.69192335761188,95.45197796736441,95.57195066248815,445.0
2025-09-10 21:02:00+00:00,95.57195066248815,95.69482627444528,95.38573071610118,95.54027849527323,181.0
2025-09-10 21:03:00+00:00,95.54027849527323,95.83143380764788,95.21948312263304,95.52545846514046,83.0
2025-09-10 21:04:00+00:00,95.52545846514046,95.7980367627558,95.24486122485149,95.52144899380365,390.0
2025-09-10 21:05:00+00:00,95.52144899380365,95.8242026147151,95.28334371694253,95.55377316582882,251.0
2025-09-10 21:06:00+00:00,95.55377316582882,95.77634189253111,95.60305209317501,95.68969699285306,476.0
2025-09-10 21:07:00+00:00,95.68969699285306,95.54252223834322,95.51817352761199,95.53034788297761,134.0
2025-09-10 21:08:00+00:00,95.53034788297761,95.37682680076796,95.34828745866929,95.36255712971862,308.0
2025-09-10 21:09:00+00:00,95.36255712971862,95.39254369883172,95.02004042656439,95.20629206269805,103.0
2025-09-10 21:10:00+00:00,95.20629206269805,95.61749414536284,94.87762791746955,95.2475610314162,268.0
2025-09-10 21:11:00+00:00,95.2475610314162,95.51342102330405,95.33776800381442,95.42559451355923,50.0
2025-09-10 21:12:00+00:00,95.42559451355923,95.83470640719035,94.89304009146413,95.36387324932724,387.0
2025-09-10 21:13:00+00:00,95.36387324932724,95.21978484061984,94.79358749808503,95.00668616935243,322.0
2025-09-10 21:14:00+00:00,95.00668616935243,94.81978659409424,94.70853375712926,94.76416017561175,93.0
2025-09-10 21:15:00+00:00,94.76416017561175,94.84190626716284,94.44973590977057,94.6458210884667,274.0
2025-09-10 21:16:00+00:00,94.6458210884667,94.96998688332164,94.16336139115046,94.56667413723605,242.0
2025-09-10 21:17:00+00:00,94.56667413723605,94.98090149026825,94.03662240114159,94.50876194570492,353.0
2025-09-10 21:18:00+00:00,94.50876194570492,94.79467679344835,94.23378617699213,94.51423148522024,274.0
2025-09-10 21:19:00+00:00,94.51423148522024,94.47610878690308,94.46398145292558,94.47004511991433,256.0
2025-09-10 21:20:00+00:00,94.47004511991433,94.67011711800473,94.56760077580341,94.61885894690407,423.0
2025-09-10 21:21:00+00:00,94.61885894690407,94.65909108609046,94.38683210827824,94.52296159718435,283.0
2025-09-10 21:22:00+00:00,94.52296159718435,94.79583859851577,94.00571613030685,94.40077736441131,416.0
2025-09-10 21:23:00+00:00,94.40077736441131,94.57105497530287,94.36616714282334,94.46861105906311,448.0
2025-09-10 21:24:00+00:00,94.46861105906311,94.35835702923492,94.14415602895414,94.25125652909453,431.0
2025-09-10 21:25:00+00:00,94.25125652909453,94.31848389579746,94.2942481714846,94.30636603364103,479.0
2025-09-10 21:26:00+00:00,94.30636603364103,94.3981917058731,94.24355684739874,94.32087427663592,364.0
2025-09-10 21:27:00+00:00,94.32087427663592,94.33823944292962,94.2617930098927,94.30001622641116,302.0
2025-09-10 21:28:00+00:00,94.30001622641116,94.55694858645057,94.49294291690705,94.52494575167881,288.0
2025-09-10 21:29:00+00:00,94.52494575167881,94.84239523733685,94.03113620319242,94.43676572026463,142.0
2025-09-10 21:30:00+00:00,94.43676572026463,94.78583866269629,94.6722993473568,94.72906900502655,422.0
2025-09-10 21:31:00+00:00,94.72906900502655,94.7094975731913,94.68458653336586,94.69704205327858,361.0
2025-09-10 21:32:00+00:00,94.69704205327858,94.72030085570934,94.31134145479568,94.51582115525251,442.0
2025-09-10 21:33:00+00:00,94.51582115525251,94.69508462970484,94.35638424031822,94.52573443501153,365.0
2025-09-10 21:34:00+00:00,94.52573443501153,94.69570316013544,94.05081332479652,94.37325824246598,266.0
2025-09-10 21:35:00+00:00,94.37325824246598,94.64974068627141,93.88405880834877,94.26689974731009,182.0
2025-09-10 21:36:00+00:00,94.26689974731009,94.37101202453776,94.27510220614722,94.3230571153425,493.0
2025-09-10 21:37:00+00:00,94.3230571153425,94.53724622662804,94.26614613387827,94.40169618025315,380.0
2025-09-10 21:38:00+00:00,94.40169618025315,94.34984147139566,94.27743202485716,94.31363674812641,443.0
2025-09-10 21:39:00+00:00,94.31363674812641,94.57811183850266,94.32874596439684,94.45342890144975,313.0
2025-09-10 21:40:00+00:00,94.45342890144975,94.69183376613734,94.5433006715325,94.61756721883492,279.0
2025-09-10 21:41:00+00:00,94.61756721883492,94.8354478465012,94.80782422389233,94.82163603519676,65.0
2025-09-10 21:42:00+00:00,94.82163603519676,94.92964672827776,94.86428469121569,94.89696570974672,81.0
2025-09-10 21:43:00+00:00,94.89696570974672,95.19867680345897,94.98380754698613,95.09124217522255,368.0
2025-09-10 21:44:00+00:00,95.09124217522255,94.89308035194199,94.75361775691914,94.82334905443057,151.0
2025-09-10 21:45:00+00:00,94.82334905443057,94.83560087718845,94.72068389974686,94.77814238846766,86.0
2025-09-10 21:46:00+00:00,94.77814238846766,95.05898850205081,94.25093706275,94.6549627824004,399.0
2025-09-10 21:47:00+00:00,94.6549627824004,95.3134237546207,94.03036079608306,94.67189227535188,329.0
2025-09-10 21:48:00+00:00,94.67189227535188,94.8755817899446,94.30597176401282,94.59077677697871,100.0
2025-09-10 21:49:00+00:00,94.59077677697871,94.86496589213871,94.26944253919879,94.56720421566875,274.0
2025-09-10 21:50:00+00:00,94.56720421566875,95.06149742450583,94.60764154272977,94.8345694836178,261.0
2025-09-10 21:51:00+00:00,94.8345694836178,94.83491164827709,94.78594755326415,94.81042960077062,51.0
2025-09-10 21:52:00+00:00,94.81042960077062,95.08175077389969,94.65684044338941,94.86929560864455,322.0
2025-09-10 21:53:00+00:00,94.86929560864455,94.97642905164683,94.69606799688286,94.83624852426485,228.0
2025-09-10 21:54:00+00:00,94.83624852426485,94.88781128372342,94.80622808064258,94.847019682183,445.0
2025-09-10 21:55:00+00:00,94.847019682183,94.97329671486192,94.72245464985271,94.84787568235731,102.0
2025-09-10 21:56:00+00:00,94.84787568235731,95.07589866329033,94.7474633606368,94.91168101196357,431.0
2025-09-10 21:57:00+00:00,94.91168101196357,95.135754633466,95.01970144096406,95.07772803721502,52.0
2025-09-10 21:58:00+00:00,95.07772803721502,95.31775245773478,95.30817610287694,95.31296428030586,393.0
2025-09-10 21:59:00+00:00,95.31296428030586,95.73490702004504,94.9795745257343,95.35724077288967,402.0
2025-09-10 22:00:00+00:00,95.35724077288967,95.71869768908113,95.16451114326313,95.44160441617213,233.0
2025-09-10 22:01:00+00:00,95.44160441617213,95.5441345991637,95.00983742949123,95.27698601432746,176.0
2025-09-10 22:02:00+00:00,95.27698601432746,95.44640872723171,95.08244706333512,95.26442789528342,114.0
2025-09-10 22:03:00+00:00,95.26442789528342,95.4574033751511,95.34037043020174,95.39888690267642,202.0
2025-09-10 22:04:00+00:00,95.39888690267642,95.66881190960652,95.37696026257504,95.52288608609078,351.0
2025-09-10 22:05:00+00:00,95.52288608609078,95.99267361196563,95.11374890256026,95.55321125726294,376.0
2025-09-10 22:06:00+00:00,95.55321125726294,96.03521286006146,95.32547201730127,95.68034243868136,131.0
2025-09-10 22:07:00+00:00,95.68034243868136,95.90956198878338,95.5920449324232,95.7508034606033,55.0
2025-09-10 22:08:00+00:00,95.7508034606033,96.58970246269702,95.25700590173251,95.92335418221477,302.0
2025-09-10 22:09:00+00:00,95.92335418221477,96.25880155397522,95.67119378672967,95.96499767035245,311.0
2025-09-10 22:10:00+00:00,95.96499767035245,96.35101267785822,95.47660621254815,95.91380944520319,491.0
2025-09-10 22:11:00+00:00,95.91380944520319,96.16446228911673,95.75981638896786,95.9621393390423,392.0
2025-09-10 22:12:00+00:00,95.9621393390423,95.75346716391857,95.32898484163607,95.54122600277732,297.0
2025-09-10 22:13:00+00:00,95.54122600277732,95.84679161946063,95.3454360247408,95.59611382210072,316.0
2025-09-10 22:14:00+00:00,95.59611382210072,95.83691640105287,94.31184682601626,95.07438161353457,340.0
2025-09-10 22:15:00+00:00,95.07438161353457,95.36782062608279,94.29000580503129,94.82891321555704,253.0
2025-09-10 22:16:00+00:00,94.82891321555704,95.05816248211798,94.72822968190354,94.89319608201076,354.0
2025-09-10 22:17:00+00:00,94.89319608201076,95.39045507503687,94.53192864324626,94.96119185914156,137.0
2025-09-10 22:18:00+00:00,94.96119185914156,94.8968974048666,94.69461798815196,94.79575769650928,423.0
2025-09-10 22:19:00+00:00,94.79575769650928,94.7435058722193,94.64560488175987,94.69455537698958,437.0
2025-09-10 22:20:00+00:00,94.69455537698958,94.92021720161561,94.85864234874909,94.88942977518235,245.0
2025-09-10 22:21:00+00:00,94.88942977518235,95.03667727435324,94.60444425453976,94.8205607644465,255.0
2025-09-10 22:22:00+00:00,94.8205607644465,95.32576236746546,94.95445853062786,95.14011044904666,273.0
2025-09-10 22:23:00+00:00,95.14011044904666,95.48432778650137,94.79534514725127,95.13983646687632,417.0
2025-09-10 22:24:00+00:00,95.13983646687632,95.49358875774654,94.9025813090761,95.19808503341132,129.0
2025-09-10 22:25:00+00:00,95.19808503341132,95.52688638849608,95.33161413884613,95.42925026367111,203.0
2025-09-10 22:26:00+00:00,95.42925026367111,95.78271791303857,95.11329775919648,95.44800783611753,326.0
2025-09-10 22:27:00+00:00,95.44800783611753,95.68462013294798,94.9245959887963,95.30460806087214,362.0
2025-09-10 22:28:00+00:00,95.30460806087214,95.30496557620302,95.27288053189409,95.28892305404855,183.0
2025-09-10 22:29:00+00:00,95.28892305404855,95.73825039610132,94.8294160577748,95.28383322693806,102.0
2025-09-10 22:30:00+00:00,95.28383322693806,95.3793197775441,94.7986322590936,95.08897601831885,278.0
2025-09-10 22:31:00+00:00,95.08897601831885,95.24215715155674,94.86282845725134,95.05249280440404,337.0
2025-09-10 22:32:00+00:00,95.05249280440404,94.96690463345918,94.92655711467627,94.94673087406773,394.0
2025-09-10 22:33:00+00:00,94.94673087406773,95.10723955892372,95.0496990487692,95.07846930384646,51.0
2025-09-10 22:34:00+00:00,95.07846930384646,95.44622096397087,94.72059043205844,95.08340569801466,57.0
2025-09-10 22:35:00+00:00,95.08340569801466,95.14703805515553,94.9391228989471,95.04308047705132,223.0
2025-09-10 22:36:00+00:00,95.04308047705132,95.06982570910783,94.98606208257381,95.02794389584082,303.0
2025-09-10 22:37:00+00:00,95.02794389584082,95.10725471925224,95.0122521978974,95.05975345857482,51.0
2025-09-10 22:38:00+00:00,95.05975345857482,95.15977143691404,95.13571949701873,95.14774546696638,128.0
2025-09-10 22:39:00+00:00,95.14774546696638,95.31502933433964,94.69531435789489,95.00517184611726,238.0
2025-09-10 22:40:00+00:00,95.00517184611726,94.8577321180131,94.8559747284257,94.8568534232194,175.0
2025-09-10 22:41:00+00:00,94.8568534232194,95.10798914967803,94.92033747346427,95.01416331157115,369.0
2025-09-10 22:42:00+00:00,95.01416331157115,95.0894222472844,94.82140718717594,94.95541471723017,65.0
2025-09-10 22:43:00+00:00,94.95541471723017,94.88500218176617,94.6226453527909,94.75382376727853,449.0
2025-09-10 22:44:00+00:00,94.75382376727853,95.1492802698316,94.48456812097429,94.81692419540295,126.0
2025-09-10 22:45:00+00:00,94.81692419540295,95.06084442310684,94.7048556837881,94.88285005344747,248.0
2025-09-10 22:46:00+00:00,94.88285005344747,95.01986282679401,94.3106212364962,94.6652420316451,493.0
2025-09-10 22:47:00+00:00,94.6652420316451,94.74674480987039,94.6489222979225,94.69783355389644,348.0
2025-09-10 22:48:00+00:00,94.69783355389644,94.96932816113002,94.63542865334537,94.8023784072377,499.0
2025-09-10 22:49:00+00:00,94.8023784072377,95.4434424911055,94.26782240515347,94.85563244812948,58.0
2025-09-10 22:50:00+00:00,94.85563244812948,95.08049222695016,94.81069894840527,94.94559558767772,373.0
2025-09-10 22:51:00+00:00,94.94559558767772,94.78403105743352,94.70759359220223,94.74581232481788,84.0
2025-09-10 22:52:00+00:00,94.74581232481788,94.90696371515517,94.67877830521019,94.79287101018268,325.0
2025-09-10 22:53:00+00:00,94.79287101018268,94.7927163038283,94.7069866583799,94.7498514811041,196.0
2025-09-10 22:54:00+00:00,94.7498514811041,94.7986232761361,94.56389647758765,94.68125987686187,399.0
2025-09-10 22:55:00+00:00,94.68125987686187,95.30836338090577,94.30159379936507,94.80497859013542,105.0
2025-09-10 22:56:00+00:00,94.80497859013542,95.23464583321515,94.7965062363285,95.01557603477183,453.0
2025-09-10 22:57:00+00:00,95.01557603477183,95.32954188528456,95.21377845268526,95.27166016898491,266.0
2025-09-10 22:58:00+00:00,95.27166016898491,95.53466363310017,95.38481930526802,95.4597414691841,283.0
2025-09-10 22:59:00+00:00,95.4597414691841,95.67457153138834,95.21348840335774,95.44402996737304,306.0
2025-09-10 23:00:00+00:00,95.44402996737304,95.84544930071826,95.14363245742675,95.4945408790725,65.0
2025-09-10 23:01:00+00:00,95.4945408790725,95.65795801700739,95.550932326821,95.6044451719142,189.0
2025-09-10 23:02:00+00:00,95.6044451719142,96.00752489803033,95.23612405651478,95.62182447727255,369.0
2025-09-10 23:03:00+00:00,95.62182447727255,95.68915958246457,95.5920047818875,95.64058218217603,482.0
2025-09-10 23:04:00+00:00,95.64058218217603,96.0898606563553,95.42780247767938,95.75883156701734,493.0
2025-09-10 23:05:00+00:00,95.75883156701734,95.80420418500329,95.6964291954723,95.7503166902378,291.0
2025-09-10 23:06:00+00:00,95.7503166902378,95.65838483114767,95.63287472505608,95.64562977810188,166.0
2025-09-10 23:07:00+00:00,95.64562977810188,95.79266103631234,95.3797078692265,95.58618445276942,264.0
2025-09-10 23:08:00+00:00,95.58618445276942,95.82224349325583,95.53199108636161,95.67711728980872,258.0
2025-09-10 23:09:00+00:00,95.67711728980872,96.39173731365216,94.96335643631375,95.67754687498295,228.0
2025-09-10 23:10:00+00:00,95.67754687498295,95.8568701823296,95.59589985637999,95.7263850193548,212.0
2025-09-10 23:11:00+00:00,95.7263850193548,96.06303992537447,95.58225964525603,95.82264978531525,440.0
2025-09-10 23:12:00+00:00,95.82264978531525,96.10918056998803,95.42839438154807,95.76878747576805,225.0
2025-09-10 23:13:00+00:00,95.76878747576805,95.92266246340309,95.83231067904246,95.87748657122278,63.0
2025-09-10 23:14:00+00:00,95.87748657122278,96.0305489561164,95.83342258320036,95.93198576965838,374.0
2025-09-10 23:15:00+00:00,95.93198576965838,96.14723227297826,95.36169396433719,95.75446311865772,349.0
2025-09-10 23:16:00+00:00,95.75446311865772,96.13087919107133,95.79281691569295,95.96184805338214,220.0
2025-09-10 23:17:00+00:00,95.96184805338214,96.07278754674778,95.70680551288223,95.889796529815,333.0
2025-09-10 23:18:00+00:00,95.889796529815,95.66326508257879,95.64079823950001,95.6520316610394,473.0
2025-09-10 23:19:00+00:00,95.6520316610394,95.70935822133059,95.29505835807554,95.50220828970306,465.0
2025-09-10 23:20:00+00:00,95.50220828970306,95.58952619096459,95.12257809079907,95.35605214088183,405.0
2025-09-10 23:21:00+00:00,95.35605214088183,95.60810623097647,95.1189237599052,95.36351499544084,312.0
2025-09-10 23:22:00+00:00,95.36351499544084,95.68449082062814,94.96420921900103,95.32435001981459,62.0
2025-09-10 23:23:00+00:00,95.32435001981459,95.52974650281732,95.02265300154082,95.27619975217907,280.0
2025-09-10 23:24:00+00:00,95.27619975217907,95.4041906639759,95.32541973582758,95.36480519990174,418.0
2025-09-10 23:25:00+00:00,95.36480519990174,95.43629556373003,95.39057606932661,95.41343581652832,430.0
2025-09-10 23:26:00+00:00,95.41343581652832,95.86630885133003,95.05104986838221,95.45867935985612,397.0
2025-09-10 23:27:00+00:00,95.45867935985612,95.5524148960839,95.48234495557675,95.51737992583033,493.0
2025-09-10 23:28:00+00:00,95.51737992583033,95.75235376419043,95.45904240622424,95.60569808520734,282.0
2025-09-10 23:29:00+00:00,95.60569808520734,95.62228963563471,94.98546432260322,95.30387697911897,99.0
2025-09-10 23:30:00+00:00,95.30387697911897,95.37053254960433,95.13305274843016,95.25179264901725,273.0
2025-09-10 23:31:00+00:00,95.25179264901725,94.9619253118299,94.91967083981584,94.94079807582287,193.0
2025-09-10 23:32:00+00:00,94.94079807582287,95.09873849639011,94.7931286077167,94.9459335520534,425.0
2025-09-10 23:33:00+00:00,94.9459335520534,95.14814165690639,94.74240580616693,94.94527373153666,399.0
2025-09-10 23:34:00+00:00,94.94527373153666,95.61784820297875,94.57073794988473,95.09429307643174,241.0
2025-09-10 23:35:00+00:00,95.09429307643174,95.3464152968388,95.18128458271214,95.26384993977547,224.0
2025-09-10 23:36:00+00:00,95.26384993977547,95.67863144275208,94.90702864631996,95.29283004453602,121.0
2025-09-10 23:37:00+00:00,95.29283004453602,95.56411891537788,94.87855237060226,95.22133564299007,69.0
2025-09-10 23:38:00+00:00,95.22133564299007,95.38351974444885,95.19779505115787,95.29065739780336,190.0
2025-09-10 23:39:00+00:00,95.29065739780336,95.28704034906502,95.1434173283873,95.21522883872616,158.0
2025-09-10 23:40:00+00:00,95.21522883872616,95.36637483513356,95.06368503785664,95.2150299364951,169.0
2025-09-10 23:41:00+00:00,95.2150299364951,95.42819111604274,95.28376219138536,95.35597665371405,499.0
2025-09-10 23:42:00+00:00,95.35597665371405,95.40575953235106,95.14670001083064,95.27622977159085,356.0
2025-09-10 23:43:00+00:00,95.27622977159085,95.58395278802124,95.19893203312236,95.3914424105718,298.0
2025-09-10 23:44:00+00:00,95.3914424105718,95.66923211927453,95.30760610435819,95.48841911181636,130.0
2025-09-10 23:45:00+00:00,95.48841911181636,95.86026117691843,94.84325813183413,95.35175965437628,428.0
2025-09-10 23:46:00+00:00,95.35175965437628,95.50592847927477,95.47638197121783,95.4911552252463,340.0
2025-09-10 23:47:00+00:00,95.4911552252463,95.91254903858639,95.26998701870154,95.59126802864397,281.0
2025-09-10 23:48:00+00:00,95.59126802864397,95.92729775866016,95.28447020764375,95.60588398315195,259.0
2025-09-10 23:49:00+00:00,95.60588398315195,95.68202102078989,95.31122408389514,95.49662255234252,298.0
2025-09-10 23:50:00+00:00,95.49662255234252,95.38787044447758,95.3593793961646,95.37362492032109,427.0
2025-09-10 23:51:00+00:00,95.37362492032109,95.50563549535742,95.08783987587312,95.29673768561527,374.0
2025-09-10 23:52:00+00:00,95.29673768561527,95.50156800384272,95.24709295766687,95.3743304807548,268.0
2025-09-10 23:53:00+00:00,95.3743304807548,95.43548197532013,95.03994853080471,95.23771525306242,350.0
2025-09-10 23:54:00+00:00,95.23771525306242,95.33795213883154,95.262522394887,95.30023726685927,468.0
2025-09-10 23:55:00+00:00,95.30023726685927,95.2970878492759,94.94869832457431,95.1228930869251,196.0
2025-09-10 23:56:00+00:00,95.1228930869251,95.18911130468008,94.99844899875804,95.09378015171906,455.0
2025-09-10 23:57:00+00:00,95.09378015171906,95.39404953579918,94.82479379855678,95.10942166717798,323.0
2025-09-10 23:58:00+00:00,95.10942166717798,95.93364968707706,94.9841393656886,95.45889452638284,133.0
2025-09-10 23:59:00+00:00,95.45889452638284,95.28483634488035,95.23892877985855,95.26188256236945,485.0
2025-09-11 00:00:00+00:00,95.26188256236945,95.62628862578751,95.31862191327605,95.47245526953178,358.0
2025-09-11 00:01:00+00:00,95.47245526953178,95.62208575628604,95.36574707578247,95.49391641603425,223.0
2025-09-11 00:02:00+00:00,95.49391641603425,95.804117911445,95.30154450336495,95.55283120740498,146.0
2025-09-11 00:03:00+00:00,95.55283120740498,95.62567521186729,95.51391564894935,95.56979543040832,462.0
2025-09-11 00:04:00+00:00,95.56979543040832,95.89684781051817,95.37029294232362,95.63357037642089,420.0
2025-09-11 00:05:00+00:00,95.63357037642089,95.73599663847429,95.48705683050042,95.61152673448736,70.0
2025-09-11 00:06:00+00:00,95.61152673448736,96.02882681865232,95.61175368714551,95.82029025289891,336.0
2025-09-11 00:07:00+00:00,95.82029025289891,95.79191999458901,95.71748783114599,95.7547039128675,101.0
2025-09-11 00:08:00+00:00,95.7547039128675,96.03712972772178,95.79780480787059,95.91746726779618,182.0
2025-09-11 00:09:00+00:00,95.91746726779618,96.2183669693418,95.43123895894003,95.82480296414091,305.0
2025-09-11 00:10:00+00:00,95.82480296414091,95.90088043950746,95.73140540753243,95.81614292351995,162.0
2025-09-11 00:11:00+00:00,95.81614292351995,95.81621413762316,95.50818535637687,95.66219974700002,280.0
2025-09-11 00:12:00+00:00,95.66219974700002,95.89965096683679,95.55537881207724,95.72751488945701,243.0
2025-09-11 00:13:00+00:00,95.72751488945701,96.21178447261919,95.65871039282199,95.93524743272059,311.0
2025-09-11 00:14:00+00:00,95.93524743272059,96.15513324606532,95.69309935823874,95.92411630215203,410.0
2025-09-11 00:15:00+00:00,95.92411630215203,96.15564408604568,95.63593862385353,95.89579135494961,119.0
2025-09-11 00:16:00+00:00,95.89579135494961,96.05442911246509,95.41676028174327,95.73559469710418,408.0
2025-09-11 00:17:00+00:00,95.73559469710418,95.89299224714188,95.51235406507428,95.70267315610808,150.0
2025-09-11 00:18:00+00:00,95.70267315610808,95.54352490211367,95.40506326336252,95.4742940827381,65.0
2025-09-11 00:19:00+00:00,95.4742940827381,95.36259759021952,95.32470036654674,95.34364897838313,250.0
2025-09-11 00:20:00+00:00,95.34364897838313,95.9942963084222,94.75788051045411,95.37608840943815,186.0
2025-09-11 00:21:00+00:00,95.37608840943815,96.0560576939108,95.07389968296845,95.56497868843962,133.0
2025-09-11 00:22:00+00:00,95.56497868843962,96.18307648859172,95.75396667793214,95.96852158326193,240.0
2025-09-11 00:23:00+00:00,95.96852158326193,96.3759588078131,95.39227752408883,95.88411816595097,440.0
2025-09-11 00:24:00+00:00,95.88411816595097,96.43892112101749,95.74262744103764,96.09077428102756,313.0
2025-09-11 00:25:00+00:00,96.09077428102756,96.32114626185263,95.93068224132615,96.12591425158939,377.0
2025-09-11 00:26:00+00:00,96.12591425158939,96.63336568790407,95.57485130759952,96.1041084977518,117.0
2025-09-11 00:27:00+00:00,96.1041084977518,96.25355061072855,96.07942917153696,96.16648989113276,84.0
2025-09-11 00:28:00+00:00,96.16648989113276,96.44020634022093,95.91063714428068,96.1754217422508,200.0
2025-09-11 00:29:00+00:00,96.1754217422508,96.44938242515441,95.93331576314965,96.19134909415203,398.0
2025-09-11 00:30:00+00:00,96.19134909415203,96.46230784287322,95.80259207138339,96.1324499571283,448.0
2025-09-11 00:31:00+00:00,96.1324499571283,96.11748687853533,95.74462441962233,95.93105564907883,95.0
2025-09-11 00:32:00+00:00,95.93105564907883,95.8794242380981,95.53895618830981,95.70919021320395,264.0
2025-09-11 00:33:00+00:00,95.70919021320395,96.23701427440878,95.36902269260995,95.80301848350936,228.0
2025-09-11 00:34:00+00:00,95.80301848350936,95.92742743833101,95.59909991853173,95.76326367843137,384.0
2025-09-11 00:35:00+00:00,95.76326367843137,95.73001714211765,95.62533649679338,95.67767681945551,142.0
2025-09-11 00:36:00+00:00,95.67767681945551,95.98730295071927,95.37049209958032,95.6788975251498,268.0
2025-09-11 00:37:00+00:00,95.6788975251498,95.87328896043428,95.71281690623618,95.79305293333523,432.0
2025-09-11 00:38:00+00:00,95.79305293333523,95.94326092103213,95.69468479607676,95.81897285855445,259.0
2025-09-11 00:39:00+00:00,95.81897285855445,95.83587383619968,95.61357711281022,95.72472547450495,401.0
2025-09-11 00:40:00+00:00,95.72472547450495,96.14480079037392,95.65713391510226,95.90096735273809,329.0
2025-09-11 00:41:00+00:00,95.90096735273809,96.36657889678314,95.89023059684645,96.1284047468148,318.0
2025-09-11 00:42:00+00:00,96.1284047468148,96.40243842666247,95.99704680835141,96.19974261750694,166.0
2025-09-11 00:43:00+00:00,96.19974261750694,96.58082639036091,96.09986268066577,96.34034453551334,496.0
2025-09-11 00:44:00+00:00,96.34034453551334,96.53062583940698,96.50935035486245,96.51998809713471,162.0
2025-09-11 00:45:00+00:00,96.51998809713471,96.76220071775994,96.60528450408388,96.68374261092191,468.0
2025-09-11 00:46:00+00:00,96.68374261092191,96.94425543101812,96.60143207396425,96.77284375249118,495.0
2025-09-11 00:47:00+00:00,96.77284375249118,96.99532644580108,96.72415027310132,96.8597383594512,280.0
2025-09-11 00:48:00+00:00,96.8597383594512,97.35749822786431,96.51303992040121,96.93526907413276,441.0
2025-09-11 00:49:00+00:00,96.93526907413276,96.85021907430404,96.70146939203492,96.77584423316948,371.0
2025-09-11 00:50:00+00:00,96.77584423316948,96.9199072718438,96.83532737313281,96.8776173224883,381.0
2025-09-11 00:51:00+00:00,96.8776173224883,96.74418107733162,96.61740990284098,96.6807954900863,80.0
2025-09-11 00:52:00+00:00,96.6807954900863,97.1561240414415,95.97513670895268,96.56563037519709,111.0
2025-09-11 00:53:00+00:00,96.56563037519709,97.07029900517392,96.43896994101448,96.7546344730942,81.0
2025-09-11 00:54:00+00:00,96.7546344730942,97.05128935433427,96.70201892878455,96.87665414155941,63.0
2025-09-11 00:55:00+00:00,96.87665414155941,97.15945198296204,97.026621400233,97.09303669159752,426.0
2025-09-11 00:56:00+00:00,97.09303669159752,97.10546116136543,97.00149527075062,97.05347821605802,128.0
2025-09-11 00:57:00+00:00,97.05347821605802,96.9212107954215,96.85054612162955,96.88587845852553,52.0
2025-09-11 00:58:00+00:00,96.88587845852553,97.02072830067719,96.6811563099006,96.8509423052889,471.0
2025-09-11 00:59:00+00:00,96.8509423052889,96.97203192742823,96.75950043368765,96.86576618055794,175.0
2025-09-11 01:00:00+00:00,96.86576618055794,97.22892955430756,96.5255580742705,96.87724381428903,417.0
2025-09-11 01:01:00+00:00,96.87724381428903,97.36081888761458,96.72343256704988,97.04212572733223,482.0
2025-09-11 01:02:00+00:00,97.04212572733223,97.26309841592442,96.71600618113638,96.9895522985304,285.0
2025-09-11 01:03:00+00:00,96.9895522985304,97.15799653111833,96.9235661125764,97.04078132184736,467.0
2025-09-11 01:04:00+00:00,97.04078132184736,97.00279267350875,96.79117181534768,96.89698224442822,485.0
2025-09-11 01:05:00+00:00,96.89698224442822,97.44689633111437,96.47801553454778,96.96245593283108,114.0
2025-09-11 01:06:00+00:00,96.96245593283108,97.20572965036577,96.7200864553857,96.96290805287573,115.0
2025-09-11 01:07:00+00:00,96.96290805287573,97.08256652392308,96.62525994812856,96.85391323602582,216.0
2025-09-11 01:08:00+00:00,96.85391323602582,96.88364729028758,96.75566831038701,96.8196578003373,301.0
2025-09-11 01:09:00+00:00,96.8196578003373,96.8621965178013,96.72363097336469,96.792913745583,403.0
2025-09-11 01:10:00+00:00,96.792913745583,97.10484270677654,96.40255337055376,96.75369803866515,132.0
2025-09-11 01:11:00+00:00,96.75369803866515,97.20070932055071,96.8215218624224,97.01111559148656,137.0
2025-09-11 01:12:00+00:00,97.01111559148656,97.11586791671009,96.87771431206811,96.9967911143891,187.0
2025-09-11 01:13:00+00:00,96.9967911143891,97.27304187356951,96.64958191570823,96.96131189463887,172.0
2025-09-11 01:14:00+00:00,96.96131189463887,96.70767915798073,96.60578860049223,96.65673387923648,473.0
2025-09-11 01:15:00+00:00,96.65673387923648,96.56138789640133,96.4929601947947,96.52717404559802,228.0
2025-09-11 01:16:00+00:00,96.52717404559802,96.53010980491538,96.44807211255332,96.48909095873435,440.0
2025-09-11 01:17:00+00:00,96.48909095873435,96.60480079259142,96.17495130882614,96.38987605070878,75.0
2025-09-11 01:18:00+00:00,96.38987605070878,96.94487694347305,96.23483735887396,96.5898571511735,95.0
2025-09-11 01:19:00+00:00,96.5898571511735,96.74365805650419,96.38826820913286,96.56596313281852,411.0
2025-09-11 01:20:00+00:00,96.56596313281852,96.75773089164083,96.74781587922926,96.75277338543505,162.0
2025-09-11 01:21:00+00:00,96.75277338543505,97.0178178725138,96.5056400106678,96.7617289415908,87.0
2025-09-11 01:22:00+00:00,96.7617289415908,97.27143573955107,96.2628291348191,96.76713243718508,317.0
2025-09-11 01:23:00+00:00,96.76713243718508,96.78725545628059,96.72123340189448,96.75424442908754,116.0
2025-09-11 01:24:00+00:00,96.75424442908754,97.10497831952743,96.40461245215688,96.75479538584216,77.0
2025-09-11 01:25:00+00:00,96.75479538584216,97.41069988266868,96.59843955510833,97.0045697188885,232.0
2025-09-11 01:26:00+00:00,97.0045697188885,96.75352040903329,96.58175351644203,96.66763696273766,297.0
2025-09-11 01:27:00+00:00,96.66763696273766,96.85057985317344,95.90511046282889,96.37784515800116,287.0
2025-09-11 01:28:00+00:00,96.37784515800116,96.30969068331501,96.28901469085292,96.29935268708397,313.0
2025-09-11 01:29:00+00:00,96.29935268708397,96.530962537148,96.07193995963077,96.30145124838938,60.0
2025-09-11 01:30:00+00:00,96.30145124838938,96.50993793507864,96.29244196191816,96.4011899484984,180.0
2025-09-11 01:31:00+00:00,96.4011899484984,96.59373137082896,96.34551558948364,96.4696234801563,204.0
2025-09-11 01:32:00+00:00,96.4696234801563,96.57734088628172,96.25073393956907,96.4140374129254,181.0
2025-09-11 01:33:00+00:00,96.4140374129254,97.05894482684754,96.06410573673948,96.56152528179351,301.0
2025-09-11 01:34:00+00:00,96.56152528179351,97.02204597862958,96.39966700441421,96.7108564915219,153.0
2025-09-11 01:35:00+00:00,96.7108564915219,96.89273565613172,96.5823858707871,96.73756076345941,334.0
2025-09-11 01:36:00+00:00,96.73756076345941,97.07145254540968,96.68324622202967,96.87734938371968,471.0
2025-09-11 01:37:00+00:00,96.87734938371968,97.20287543353155,96.63107899064272,96.91697721208713,347.0
2025-09-11 01:38:00+00:00,96.91697721208713,96.88485878167731,96.78591265736523,96.83538571952127,224.0
2025-09-11 01:39:00+00:00,96.83538571952127,97.36416707861197,96.50943058187492,96.93679883024345,245.0
2025-09-11 01:40:00+00:00,96.93679883024345,97.46037863216297,96.44538914311194,96.95288388763746,313.0
2025-09-11 01:41:00+00:00,96.95288388763746,97.35564413331272,96.55051334837424,96.95307874084348,375.0
2025-09-11 01:42:00+00:00,96.95307874084348,97.25362872066965,97.08142454522455,97.1675266329471,185.0
2025-09-11 01:43:00+00:00,97.1675266329471,97.0613076099754,96.56062174226035,96.81096467611788,67.0
2025-09-11 01:44:00+00:00,96.81096467611788,96.8440090484769,96.3666156674524,96.60531235796465,366.0
2025-09-11 01:45:00+00:00,96.60531235796465,96.5025424602977,96.36435643852023,96.43344944940897,347.0
2025-09-11 01:46:00+00:00,96.43344944940897,96.53430088714391,96.2275352062777,96.3809180467108,95.0
2025-09-11 01:47:00+00:00,96.3809180467108,96.36159599425524,96.32663604777291,96.34411602101407,331.0
2025-09-11 01:48:00+00:00,96.34411602101407,96.24126064634434,96.0117976711859,96.12652915876512,82.0
2025-09-11 01:49:00+00:00,96.12652915876512,96.3719411806196,95.59722747874766,95.98458432968363,339.0
2025-09-11 01:50:00+00:00,95.98458432968363,95.99180285602688,95.72964318316744,95.86072301959716,384.0
2025-09-11 01:51:00+00:00,95.86072301959716,96.37584795469614,96.05361355421361,96.21473075445488,56.0
2025-09-11 01:52:00+00:00,96.21473075445488,97.11834154443375,95.83188571079032,96.47511362761203,377.0
2025-09-11 01:53:00+00:00,96.47511362761203,96.43164533416689,96.39944799926474,96.41554666671581,104.0
2025-09-11 01:54:00+00:00,96.41554666671581,96.86483941171396,95.86111734866803,96.362978380191,169.0
2025-09-11 01:55:00+00:00,96.362978380191,96.51593451951523,95.87808625987326,96.19701038969424,367.0
2025-09-11 01:56:00+00:00,96.19701038969424,96.3650110216281,95.47912774454102,95.92206938308456,209.0
2025-09-11 01:57:00+00:00,95.92206938308456,95.98040173321753,95.83010581310462,95.90525377316108,489.0
2025-09-11 01:58:00+00:00,95.90525377316108,96.04946148231484,95.47416307459376,95.7618122784543,480.0
2025-09-11 01:59:00+00:00,95.7618122784543,96.15921822441976,95.34003156162672,95.74962489302324,494.0
2025-09-11 02:00:00+00:00,95.74962489302324,95.57840553532559,95.46173813996872,95.52007183764715,96.0
2025-09-11 02:01:00+00:00,95.52007183764715,95.5940986988251,95.22781814768963,95.41095842325737,129.0
2025-09-11 02:02:00+00:00,95.41095842325737,95.44038119689472,95.42408235297003,95.43223177493238,132.0
2025-09-11 02:03:00+00:00,95.43223177493238,96.1070770573894,94.86225989171402,95.48466847455171,313.0
2025-09-11 02:04:00+00:00,95.48466847455171,95.80363561747092,95.28532529719556,95.54448045733324,243.0
2025-09-11 02:05:00+00:00,95.54448045733324,95.36410737473126,95.34673184089006,95.35541960781066,385.0
2025-09-11 02:06:00+00:00,95.35541960781066,95.67960432478027,95.2758884330399,95.47774637891008,176.0
2025-09-11 02:07:00+00:00,95.47774637891008,95.82603639039864,94.90038664487516,95.3632115176369,139.0
2025-09-11 02:08:00+00:00,95.3632115176369,95.54473833275046,95.36282475537152,95.45378154406099,342.0
2025-09-11 02:09:00+00:00,95.45378154406099,95.69320026313997,95.21131634354848,95.45225830334422,327.0
2025-09-11 02:10:00+00:00,95.45225830334422,95.60103954403358,94.9097457623787,95.25539265320614,360.0
2025-09-11 02:11:00+00:00,95.25539265320614,95.2647754335747,95.15567268832109,95.2102240609479,190.0
2025-09-11 02:12:00+00:00,95.2102240609479,95.27813013427962,95.24670568084898,95.2624179075643,286.0
2025-09-11 02:13:00+00:00,95.2624179075643,95.7587126434085,94.94138142251657,95.35004703296254,467.0
2025-09-11 02:14:00+00:00,95.35004703296254,95.38473150277021,95.27503721938704,95.32988436107863,325.0
2025-09-11 02:15:00+00:00,95.32988436107863,95.5901633852436,95.50818190924106,95.54917264724233,469.0
2025-09-11 02:16:00+00:00,95.54917264724233,95.89821766367727,95.48914642976685,95.69368204672206,245.0
2025-09-11 02:17:00+00:00,95.69368204672206,95.97403470632544,95.33966303587555,95.6568488711005,70.0
2025-09-11 02:18:00+00:00,95.6568488711005,95.81742282671817,95.71165893240143,95.7645408795598,392.0
2025-09-11 02:19:00+00:00,95.7645408795598,96.15215010137538,95.93330473640475,96.04272741889007,257.0
2025-09-11 02:20:00+00:00,96.04272741889007,96.35903044299933,96.29212663937422,96.32557854118677,68.0
2025-09-11 02:21:00+00:00,96.32557854118677,96.35224227300696,95.94437804103649,96.14831015702173,112.0
2025-09-11 02:22:00+00:00,96.14831015702173,96.14779530916721,95.88175685465029,96.01477608190875,190.0
2025-09-11 02:23:00+00:00,96.01477608190875,96.40898779288266,96.04876350903525,96.22887565095895,135.0
2025-09-11 02:24:00+00:00,96.22887565095895,96.1090749013045,96.04340717326215,96.07624103728332,357.0
2025-09-11 02:25:00+00:00,96.07624103728332,96.24311338422591,95.52855220721877,95.88583279572234,325.0
2025-09-11 02:26:00+00:00,95.88583279572234,96.01507478819052,95.6167844018721,95.8159295950313,198.0
2025-09-11 02:27:00+00:00,95.8159295950313,95.91114040434104,95.84155010255768,95.87634525344936,88.0
2025-09-11 02:28:00+00:00,95.87634525344936,95.90791198997876,95.81532851267785,95.8616202513283,85.0
2025-09-11 02:29:00+00:00,95.8616202513283,95.78320443542556,95.75303507591623,95.7681197556709,475.0
2025-09-11 02:30:00+00:00,95.7681197556709,96.06133452787466,95.28129871945958,95.67131662366712,205.0
2025-09-11 02:31:00+00:00,95.67131662366712,95.90620938371332,95.23208237857601,95.56914588114466,98.0
2025-09-11 02:32:00+00:00,95.56914588114466,95.6279144934205,95.25838157787972,95.44314803565011,370.0
2025-09-11 02:33:00+00:00,95.44314803565011,96.01602517815594,95.52468878380704,95.77035698098149,441.0
2025-09-11 02:34:00+00:00,95.77035698098149,95.96194568761838,95.66426557470045,95.81310563115942,104.0
2025-09-11 02:35:00+00:00,95.81310563115942,96.09066342069768,95.79060685277837,95.94063513673802,475.0
2025-09-11 02:36:00+00:00,95.94063513673802,96.1610334995029,95.57952118713413,95.87027734331852,376.0
2025-09-11 02:37:00+00:00,95.87027734331852,96.08168304084727,95.60539594961158,95.84353949522942,163.0
2025-09-11 02:38:00+00:00,95.84353949522942,95.79095477626913,95.69106535660296,95.74101006643605,398.0
2025-09-11 02:39:00+00:00,95.74101006643605,95.54241067102444,95.1794904712381,95.36095057113127,238.0
2025-09-11 02:40:00+00:00,95.36095057113127,95.2326913581452,95.09539211402829,95.16404173608674,335.0
2025-09-11 02:41:00+00:00,95.16404173608674,94.90791905251398,94.90394836490604,94.90593370871001,107.0
2025-09-11 02:42:00+00:00,94.90593370871001,94.74264810868505,94.42974543381385,94.58619677124945,159.0
2025-09-11 02:43:00+00:00,94.58619677124945,94.6301492287367,94.20335484801335,94.41675203837502,398.0
2025-09-11 02:44:00+00:00,94.41675203837502,94.76858584991102,94.44058544552256,94.60458564771679,412.0
2025-09-11 02:45:00+00:00,94.60458564771679,94.94951314964442,94.24704697038771,94.59828006001607,54.0
2025-09-11 02:46:00+00:00,94.59828006001607,94.85642325398666,94.70674693848215,94.78158509623441,146.0
2025-09-11 02:47:00+00:00,94.78158509623441,94.84489606270729,94.83517089821756,94.84003348046242,323.0
2025-09-11 02:48:00+00:00,94.84003348046242,95.1315314719506,94.77131993553805,94.95142570374432,457.0
2025-09-11 02:49:00+00:00,94.95142570374432,94.82885743254337,94.81754292860509,94.82320018057423,353.0
2025-09-11 02:50:00+00:00,94.82320018057423,94.96843060724409,94.82707645832203,94.89775353278306,367.0
2025-09-11 02:51:00+00:00,94.89775353278306,95.008670945735,94.9944095768062,95.0015402612706,224.0
2025-09-11 02:52:00+00:00,95.0015402612706,95.13150397800617,94.70730045894821,94.91940221847719,74.0
2025-09-11 02:53:00+00:00,94.91940221847719,95.15652843220374,94.84167660118283,94.99910251669328,394.0
2025-09-11 02:54:00+00:00,94.99910251669328,95.10982425933985,95.04981130109654,95.07981778021819,409.0
2025-09-11 02:55:00+00:00,95.07981778021819,95.00391616658409,94.99902989533545,95.00147303095977,249.0
2025-09-11 02:56:00+00:00,95.00147303095977,95.04660733395342,94.63661407128602,94.84161070261972,277.0
2025-09-11 02:57:00+00:00,94.84161070261972,94.69693499106067,94.64967153426115,94.67330326266091,155.0
2025-09-11 02:58:00+00:00,94.67330326266091,95.11363836862424,94.25753904701446,94.68558870781935,253.0
2025-09-11 02:59:00+00:00,94.68558870781935,94.76911783237979,94.69497173460753,94.73204478349366,158.0
2025-09-11 03:00:00+00:00,94.73204478349366,94.675719071601,94.56327154205799,94.61949530682949,239.0
2025-09-11 03:01:00+00:00,94.61949530682949,94.6637276653993,94.58280957346739,94.62326861943335,110.0
2025-09-11 03:02:00+00:00,94.62326861943335,95.01601135354778,94.39255344515621,94.704282399352,322.0
2025-09-11 03:03:00+00:00,94.704282399352,95.03782498397885,94.54645719632936,94.7921410901541,161.0
2025-09-11 03:04:00+00:00,94.7921410901541,95.13910788465063,94.88700646697018,95.0130571758104,376.0
2025-09-11 03:05:00+00:00,95.0130571758104,95.46554031821664,94.92491242032533,95.19522636927098,282.0
2025-09-11 03:06:00+00:00,95.19522636927098,95.06022821505596,95.0444846650463,95.05235644005113,453.0
2025-09-11 03:07:00+00:00,95.05235644005113,95.40816068733992,95.17724541310957,95.29270305022474,149.0
2025-09-11 03:08:00+00:00,95.29270305022474,95.50880288165644,94.92486909313013,95.21683598739328,172.0
2025-09-11 03:09:00+00:00,95.21683598739328,95.73601184359252,94.99636259924758,95.36618722142005,159.0
2025-09-11 03:10:00+00:00,95.36618722142005,95.67524627672007,95.07658003387895,95.37591315529951,333.0
2025-09-11 03:11:00+00:00,95.37591315529951,95.52025257220266,95.11368281367452,95.31696769293859,98.0
2025-09-11 03:12:00+00:00,95.31696769293859,95.17655593461157,94.94116708461249,95.05886150961203,358.0
2025-09-11 03:13:00+00:00,95.05886150961203,95.46531987167084,94.60348326146057,95.0344015665657,418.0
2025-09-11 03:14:00+00:00,95.0344015665657,94.8695263281049,94.75521120109646,94.81236876460068,353.0
2025-09-11 03:15:00+00:00,94.81236876460068,95.01356451161999,94.8865085137017,94.95003651266084,110.0
2025-09-11 03:16:00+00:00,94.95003651266084,95.33721804517478,94.99540541508122,95.166311730128,271.0
2025-09-11 03:17:00+00:00,95.166311730128,95.2919871166196,94.81325503382453,95.05262107522206,290.0
2025-09-11 03:18:00+00:00,95.05262107522206,95.23154146515921,94.95982952179733,95.09568549347827,225.0
2025-09-11 03:19:00+00:00,95.09568549347827,95.04438210966045,94.94015661137202,94.99226936051623,259.0
2025-09-11 03:20:00+00:00,94.99226936051623,95.12259254170051,94.68292700338183,94.90275977254117,393.0
2025-09-11 03:21:00+00:00,94.90275977254117,95.28868249510361,94.73747023906947,95.01307636708654,425.0
2025-09-11 03:22:00+00:00,95.01307636708654,95.01051634782313,95.00465178740178,95.00758406761246,185.0
2025-09-11 03:23:00+00:00,95.00758406761246,95.52120772650025,94.99044718395581,95.25582745522803,198.0
2025-09-11 03:24:00+00:00,95.25582745522803,95.42100925601792,94.95288912209634,95.18694918905713,143.0
2025-09-11 03:25:00+00:00,95.18694918905713,95.46394231334914,95.19554138823734,95.32974185079324,230.0
2025-09-11 03:26:00+00:00,95.32974185079324,95.4573982841666,95.22994663944306,95.34367246180483,295.0
2025-09-11 03:27:00+00:00,95.34367246180483,95.53439773763279,95.38070028335423,95.45754901049351,371.0
2025-09-11 03:28:00+00:00,95.45754901049351,95.5481808740004,95.23890636056834,95.39354361728437,170.0
2025-09-11 03:29:00+00:00,95.39354361728437,95.39874650842447,95.37415847389798,95.38645249116122,147.0
2025-09-11 03:30:00+00:00,95.38645249116122,95.64339276316862,95.09646399692186,95.36992838004524,64.0
2025-09-11 03:31:00+00:00,95.36992838004524,95.35251047999934,95.14829208714751,95.25040128357342,92.0
2025-09-11 03:32:00+00:00,95.25040128357342,95.61472386953551,95.07536326897255,95.34504356925403,73.0
2025-09-11 03:33:00+00:00,95.34504356925403,95.45698367225616,95.41918826189239,95.43808596707427,143.0
2025-09-11 03:34:00+00:00,95.43808596707427,95.57148953855813,95.47470124296885,95.52309539076349,362.0
2025-09-11 03:35:00+00:00,95.52309539076349,95.83295930248649,95.65418673385635,95.74357301817142,398.0
2025-09-11 03:36:00+00:00,95.74357301817142,96.4385365943287,95.46535863724893,95.95194761578881,487.0
2025-09-11 03:37:00+00:00,95.95194761578881,96.02669707665653,95.76929848035512,95.89799777850583,295.0
2025-09-11 03:38:00+00:00,95.89799777850583,96.6957530993583,95.20759740282382,95.95167525109106,254.0
2025-09-11 03:39:00+00:00,95.95167525109106,95.8913638781411,95.83256396072974,95.86196391943542,454.0
2025-09-11 03:40:00+00:00,95.86196391943542,95.8938722073487,95.83677240858789,95.8653223079683,116.0
2025-09-11 03:41:00+00:00,95.8653223079683,95.95717338513883,95.60106327087841,95.77911832800862,333.0
2025-09-11 03:42:00+00:00,95.77911832800862,96.40708456037103,95.61722488681701,96.01215472359402,418.0
2025-09-11 03:43:00+00:00,96.01215472359402,96.29869779213193,95.8303985648114,96.06454817847167,276.0
2025-09-11 03:44:00+00:00,96.06454817847167,96.55066023219776,95.51561178941354,96.03313601080565,167.0
2025-09-11 03:45:00+00:00,96.03313601080565,96.3407352156374,96.06972564063595,96.20523042813667,329.0
2025-09-11 03:46:00+00:00,96.20523042813667,96.50907502695269,95.27593093137871,95.8925029791657,498.0
2025-09-11 03:47:00+00:00,95.8925029791657,95.75200259623948,95.45446571053934,95.60323415338941,156.0
2025-09-11 03:48:00+00:00,95.60323415338941,95.99371824240895,95.44114060667381,95.71742942454138,303.0
2025-09-11 03:49:00+00:00,95.71742942454138,95.79355778013819,95.6586655096785,95.72611164490834,72.0
2025-09-11 03:50:00+00:00,95.72611164490834,96.06868296312766,95.4554765894706,95.76207977629913,154.0
2025-09-11 03:51:00+00:00,95.76207977629913,95.8662945016607,95.2771885240263,95.5717415128435,395.0
2025-09-11 03:52:00+00:00,95.5717415128435,95.79679129129246,95.34003039184768,95.56841084157007,273.0
2025-09-11 03:53:00+00:00,95.56841084157007,95.87384291244352,95.83825940421742,95.85605115833047,139.0
2025-09-11 03:54:00+00:00,95.85605115833047,96.18044402324904,95.76881842643297,95.974631224841,200.0
2025-09-11 03:55:00+00:00,95.974631224841,96.13021187668164,95.86791936201107,95.99906561934635,104.0
2025-09-11 03:56:00+00:00,95.99906561934635,96.29230114882327,95.5794254229059,95.93586328586458,400.0
2025-09-11 03:57:00+00:00,95.93586328586458,95.90389800436341,95.85430110530089,95.87909955483215,474.0
2025-09-11 03:58:00+00:00,95.87909955483215,95.70698183154886,95.43975750784088,95.57336966969487,97.0
2025-09-11 03:59:00+00:00,95.57336966969487,95.88405116188395,95.3365731429731,95.61031215242852,157.0
2025-09-11 04:00:00+00:00,95.61031215242852,96.17959708328131,95.28369177740264,95.73164443034197,435.0
2025-09-11 04:01:00+00:00,95.73164443034197,95.80441759117674,95.20689569841922,95.50565664479798,445.0
2025-09-11 04:02:00+00:00,95.50565664479798,95.4376553950315,95.38424470706548,95.41095005104849,395.0
2025-09-11 04:03:00+00:00,95.41095005104849,95.47884856532548,95.01203457460656,95.24544156996602,371.0
2025-09-11 04:04:00+00:00,95.24544156996602,95.24085767181826,94.97438917818361,95.10762342500094,437.0
2025-09-11 04:05:00+00:00,95.10762342500094,95.48871012845919,94.74179686490928,95.11525349668423,218.0
2025-09-11 04:06:00+00:00,95.11525349668423,94.98841074009493,94.64824978011194,94.81833026010344,452.0
2025-09-11 04:07:00+00:00,94.81833026010344,94.9622083629777,94.84926497349976,94.90573666823873,448.0
2025-09-11 04:08:00+00:00,94.90573666823873,95.26954999180734,94.7566802557356,95.01311512377147,153.0
2025-09-11 04:09:00+00:00,95.01311512377147,95.21258457637258,94.7420850314977,94.97733480393514,82.0
2025-09-11 04:10:00+00:00,94.97733480393514,95.12076503331812,94.1283847822256,94.62457490777186,284.0
2025-09-11 04:11:00+00:00,94.62457490777186,94.89940750308372,94.06709652347669,94.48325201328021,391.0
2025-09-11 04:12:00+00:00,94.48325201328021,94.74006421009041,94.57622891095782,94.65814656052412,432.0
2025-09-11 04:13:00+00:00,94.65814656052412,94.56258723579165,93.9664678621136,94.26452754895263,114.0
2025-09-11 04:14:00+00:00,94.26452754895263,94.55621304266823,93.87459027526943,94.21540165896883,219.0
2025-09-11 04:15:00+00:00,94.21540165896883,94.18202762116125,93.91554794862206,94.04878778489166,395.0
2025-09-11 04:16:00+00:00,94.04878778489166,94.44990135719476,93.87481783443357,94.16235959581417,77.0
2025-09-11 04:17:00+00:00,94.16235959581417,94.08544926223267,94.04865549234508,94.06705237728887,375.0
2025-09-11 04:18:00+00:00,94.06705237728887,94.2535502917758,93.99458529880373,94.12406779528976,181.0
2025-09-11 04:19:00+00:00,94.12406779528976,94.61864665762211,93.78922697202295,94.20393681482253,60.0
2025-09-11 04:20:00+00:00,94.20393681482253,94.92390329671845,94.00362476552554,94.463764031122,158.0
2025-09-11 04:21:00+00:00,94.463764031122,94.44964210403721,94.4203827313752,94.4350124177062,383.0
2025-09-11 04:22:00+00:00,94.4350124177062,94.61405376413961,94.36253638755744,94.48829507584853,441.0
2025-09-11 04:23:00+00:00,94.48829507584853,94.49488361736044,94.06121396835911,94.27804879285978,86.0
2025-09-11 04:24:00+00:00,94.27804879285978,94.67722120332823,94.2158667653054,94.44654398431682,258.0
2025-09-11 04:25:00+00:00,94.44654398431682,94.66239363634789,94.01533489559877,94.33886426597333,140.0
2025-09-11 04:26:00+00:00,94.33886426597333,94.31906504816354,94.20002747706971,94.25954626261662,357.0
2025-09-11 04:27:00+00:00,94.25954626261662,94.28059863503222,94.23220279403037,94.2564007145313,401.0
2025-09-11 04:28:00+00:00,94.2564007145313,94.1539422159536,93.91744126979404,94.03569174287382,482.0
2025-09-11 04:29:00+00:00,94.03569174287382,94.1337714100034,94.00216079398105,94.06796610199223,209.0
2025-09-11 04:30:00+00:00,94.06796610199223,94.80854880759381,93.60060435118393,94.20457657938887,184.0
2025-09-11 04:31:00+00:00,94.20457657938887,94.27462968066598,94.21732878956189,94.24597923511394,189.0
2025-09-11 04:32:00+00:00,94.24597923511394,94.12396974944765,93.91928202439247,94.02162588692006,392.0
2025-09-11 04:33:00+00:00,94.02162588692006,94.24277993585684,93.76555282709884,94.00416638147784,250.0
2025-09-11 04:34:00+00:00,94.00416638147784,94.16522270130562,94.05248798875598,94.1088553450308,60.0
2025-09-11 04:35:00+00:00,94.1088553450308,94.18180834667875,93.5064423141482,93.84412533041348,476.0
2025-09-11 04:36:00+00:00,93.84412533041348,93.73153167674198,93.65438132674126,93.69295650174162,96.0
2025-09-11 04:37:00+00:00,93.69295650174162,93.87449178510595,93.75796114541477,93.81622646526036,467.0
2025-09-11 04:38:00+00:00,93.81622646526036,94.27276854095422,93.43571779399869,93.85424316747645,122.0
2025-09-11 04:39:00+00:00,93.85424316747645,94.29254137310387,93.53197665261705,93.91225901286046,292.0
2025-09-11 04:40:00+00:00,93.91225901286046,94.60675903353487,93.74237837134186,94.17456870243836,190.0
2025-09-11 04:41:00+00:00,94.17456870243836,94.3301536491431,94.15140755342675,94.24078060128492,359.0
2025-09-11 04:42:00+00:00,94.24078060128492,94.65509183806753,94.01256080885233,94.33382632345993,231.0
2025-09-11 04:43:00+00:00,94.33382632345993,95.01549471016207,94.4208646972767,94.71817970371939,215.0
2025-09-11 04:44:00+00:00,94.71817970371939,94.69496775868495,94.68064785408552,94.68780780638524,264.0
2025-09-11 04:45:00+00:00,94.68780780638524,94.63228561006872,94.51681626897201,94.57455093952036,486.0
2025-09-11 04:46:00+00:00,94.57455093952036,94.83490450136843,94.43561228592468,94.63525839364655,160.0
2025-09-11 04:47:00+00:00,94.63525839364655,94.84491097679638,94.55027894227779,94.69759495953708,148.0
2025-09-11 04:48:00+00:00,94.69759495953708,94.8131160900823,94.4324968825961,94.6228064863392,79.0
2025-09-11 04:49:00+00:00,94.6228064863392,94.70912481764871,94.24365004724912,94.47638743244892,382.0
2025-09-11 04:50:00+00:00,94.47638743244892,95.08594548625206,94.52264211120823,94.80429379873014,354.0
2025-09-11 04:51:00+00:00,94.80429379873014,94.93487467895733,94.76669420256331,94.85078444076032,323.0
2025-09-11 04:52:00+00:00,94.85078444076032,94.80230182000402,94.69100793271132,94.74665487635767,60.0
2025-09-11 04:53:00+00:00,94.74665487635767,95.02905929611428,94.72477337797228,94.87691633704328,405.0
2025-09-11 04:54:00+00:00,94.87691633704328,94.86350279999576,94.85926635074509,94.86138457537042,414.0
2025-09-11 04:55:00+00:00,94.86138457537042,94.9162068189001,94.73460992688126,94.82540837289068,475.0
2025-09-11 04:56:00+00:00,94.82540837289068,95.09922697149331,94.71161051038031,94.90541874093681,468.0
2025-09-11 04:57:00+00:00,94.90541874093681,95.21196599879833,94.23140775507993,94.72168687693913,168.0
2025-09-11 04:58:00+00:00,94.72168687693913,94.90913136766358,94.63447322274874,94.77180229520616,369.0
2025-09-11 04:59:00+00:00,94.77180229520616,95.41385965047752,94.67440852835773,95.04413408941762,231.0
2025-09-11 05:00:00+00:00,95.04413408941762,95.15552709291215,95.06570992753883,95.11061851022549,318.0
2025-09-11 05:01:00+00:00,95.11061851022549,95.24876150040012,94.86516050515877,95.05696100277945,199.0
2025-09-11 05:02:00+00:00,95.05696100277945,95.15903263066178,94.810332700359,94.98468266551039,345.0
2025-09-11 05:03:00+00:00,94.98468266551039,95.19840243892243,94.65407083344245,94.92623663618244,478.0
2025-09-11 05:04:00+00:00,94.92623663618244,95.08949907230358,94.69066481003112,94.89008194116735,343.0
2025-09-11 05:05:00+00:00,94.89008194116735,95.0913452997353,94.58129877318778,94.83632203646154,464.0
2025-09-11 05:06:00+00:00,94.83632203646154,95.40513709874826,94.52838503800508,94.96676106837667,469.0
2025-09-11 05:07:00+00:00,94.96676106837667,94.78144446757142,94.65892723221216,94.72018584989179,103.0
2025-09-11 05:08:00+00:00,94.72018584989179,94.85096731653458,94.83450922432279,94.84273827042868,483.0
2025-09-11 05:09:00+00:00,94.84273827042868,94.91278000118578,94.66469576823238,94.78873788470908,418.0
2025-09-11 05:10:00+00:00,94.78873788470908,94.92449071644029,94.76020657737195,94.84234864690612,242.0
2025-09-11 05:11:00+00:00,94.84234864690612,95.08725781300197,94.27705182097273,94.68215481698735,320.0
2025-09-11 05:12:00+00:00,94.68215481698735,95.10922138488105,94.63285751814571,94.87103945151338,327.0
2025-09-11 05:13:00+00:00,94.87103945151338,95.27233455750888,94.8245998079044,95.04846718270664,403.0
2025-09-11 05:14:00+00:00,95.04846718270664,95.5687126378392,94.80204157228171,95.18537710506045,411.0
2025-09-11 05:15:00+00:00,95.18537710506045,95.11763125687455,94.82106647017275,94.96934886352365,96.0
2025-09-11 05:16:00+00:00,94.96934886352365,95.59158591821365,94.58348202775797,95.08753397298581,50.0
2025-09-11 05:17:00+00:00,95.08753397298581,95.25243931255329,95.03815372375743,95.14529651815536,160.0
2025-09-11 05:18:00+00:00,95.14529651815536,94.94643651043725,94.8865057108651,94.91647111065117,287.0
2025-09-11 05:19:00+00:00,94.91647111065117,95.06977893727074,94.75624474433494,94.91301184080284,432.0
2025-09-11 05:20:00+00:00,94.91301184080284,94.9989460936232,94.93090317022174,94.96492463192247,343.0
2025-09-11 05:21:00+00:00,94.96492463192247,95.46571301291395,94.62262528001956,95.04416914646676,111.0
2025-09-11 05:22:00+00:00,95.04416914646676,95.23223961768218,94.90664837336521,95.0694439955237,372.0
2025-09-11 05:23:00+00:00,95.0694439955237,95.18789872731631,95.03406903561074,95.11098388146353,260.0
2025-09-11 05:24:00+00:00,95.11098388146353,95.33516683517375,95.30773586538261,95.32145135027818,215.0
2025-09-11 05:25:00+00:00,95.32145135027818,95.59011011089618,95.40371716992323,95.4969136404097,397.0
2025-09-11 05:26:00+00:00,95.4969136404097,95.29980204666775,94.87440422328125,95.0871031349745,183.0
2025-09-11 05:27:00+00:00,95.0871031349745,95.21474537445997,94.86892951300436,95.04183744373216,328.0
2025-09-11 05:28:00+00:00,95.04183744373216,95.29655488367979,94.74017959202908,95.01836723785443,131.0
2025-09-11 05:29:00+00:00,95.01836723785443,94.89025241011764,94.64769316132704,94.76897278572234,221.0
2025-09-11 05:30:00+00:00,94.76897278572234,95.2739156875783,94.29080867045033,94.78236217901431,301.0
2025-09-11 05:31:00+00:00,94.78236217901431,95.31273193591595,94.6074058215036,94.96006887870978,330.0
2025-09-11 05:32:00+00:00,94.96006887870978,95.16215983111626,94.44868836647704,94.80542409879665,463.0
2025-09-11 05:33:00+00:00,94.80542409879665,94.98055352838183,94.72599671385323,94.85327512111753,180.0
2025-09-11 05:34:00+00:00,94.85327512111753,94.82286405769976,94.6232585360436,94.72306129687168,453.0
2025-09-11 05:35:00+00:00,94.72306129687168,94.64426757597312,94.61101451353156,94.62764104475234,417.0
2025-09-11 05:36:00+00:00,94.62764104475234,95.16936760796645,94.50578637023347,94.83757698909996,211.0
2025-09-11 05:37:00+00:00,94.83757698909996,94.851707843271,94.6691443245782,94.7604260839246,113.0
2025-09-11 05:38:00+00:00,94.7604260839246,94.82852270197267,94.82377338407653,94.8261480430246,166.0
2025-09-11 05:39:00+00:00,94.8261480430246,95.01290887050679,94.10781236561733,94.56036061806206,346.0
2025-09-11 05:40:00+00:00,94.56036061806206,94.88491299814336,94.76485108886473,94.82488204350405,404.0
2025-09-11 05:41:00+00:00,94.82488204350405,95.18778034369163,94.63350059682773,94.91064047025968,325.0
2025-09-11 05:42:00+00:00,94.91064047025968,95.18523039872255,94.584094122795,94.88466226075877,376.0
2025-09-11 05:43:00+00:00,94.88466226075877,95.21067983903048,94.72254703102571,94.9666134350281,95.0
2025-09-11 05:44:00+00:00,94.9666134350281,94.93696950719325,94.59502443171186,94.76599696945256,277.0
2025-09-11 05:45:00+00:00,94.76599696945256,95.19144959795145,94.67703379864113,94.93424169829629,443.0
2025-09-11 05:46:00+00:00,94.93424169829629,95.11523001609253,94.66100405089871,94.88811703349562,225.0
2025-09-11 05:47:00+00:00,94.88811703349562,94.8647857218198,94.85336591918372,94.85907582050176,454.0
2025-09-11 05:48:00+00:00,94.85907582050176,95.11654138452704,94.46174784414802,94.78914461433753,105.0
2025-09-11 05:49:00+00:00,94.78914461433753,94.74952817649137,94.66371458910652,94.70662138279894,490.0
2025-09-11 05:50:00+00:00,94.70662138279894,95.00371958576277,94.6069957655727,94.80535767566774,403.0
2025-09-11 05:51:00+00:00,94.80535767566774,94.94488724231253,94.73862610162514,94.84175667196884,331.0
2025-09-11 05:52:00+00:00,94.84175667196884,94.99362639353818,94.87541644041322,94.9345214169757,327.0
2025-09-11 05:53:00+00:00,94.9345214169757,95.2014069720632,94.66513111949759,94.93326904578039,471.0
2025-09-11 05:54:00+00:00,94.93326904578039,95.16037224427876,94.8523813255961,95.00637678493743,219.0
2025-09-11 05:55:00+00:00,95.00637678493743,95.36402267827998,94.529388480591,94.94670557943549,124.0
2025-09-11 05:56:00+00:00,94.94670557943549,95.2821637010629,95.24742782648525,95.26479576377407,463.0
2025-09-11 05:57:00+00:00,95.26479576377407,95.27915702206721,94.80285532886742,95.04100617546732,96.0
2025-09-11 05:58:00+00:00,95.04100617546732,95.29586961162309,95.14600521091327,95.22093741126818,346.0
2025-09-11 05:59:00+00:00,95.22093741126818,95.79757059350463,95.03546568554653,95.41651813952558,169.0
2025-09-11 06:00:00+00:00,95.41651813952558,95.53624095139682,95.05302108312142,95.29463101725912,468.0
2025-09-11 06:01:00+00:00,95.29463101725912,95.93898930170103,95.288652899475,95.61382110058801,488.0
2025-09-11 06:02:00+00:00,95.61382110058801,95.79081081347584,95.72259257843132,95.75670169595358,263.0
2025-09-11 06:03:00+00:00,95.75670169595358,96.34957798254258,95.44300790830182,95.8962929454222,289.0
2025-09-11 06:04:00+00:00,95.8962929454222,95.92318358740124,95.8774641444428,95.90032386592202,254.0
2025-09-11 06:05:00+00:00,95.90032386592202,95.87770397924454,95.86045775657102,95.86908086790778,241.0
2025-09-11 06:06:00+00:00,95.86908086790778,95.99252844236246,95.68541525626792,95.83897184931519,471.0
2025-09-11 06:07:00+00:00,95.83897184931519,96.53585070923914,95.25441003609266,95.8951303726659,179.0
2025-09-11 06:08:00+00:00,95.8951303726659,96.14612781967568,96.0476576586598,96.09689273916774,481.0
2025-09-11 06:09:00+00:00,96.09689273916774,96.1348037173612,96.11126006859016,96.12303189297567,342.0
2025-09-11 06:10:00+00:00,96.12303189297567,96.34832411907081,95.63508707919496,95.99170559913289,482.0
2025-09-11 06:11:00+00:00,95.99170559913289,96.34227578244985,95.87869675411956,96.1104862682847,325.0
2025-09-11 06:12:00+00:00,96.1104862682847,96.51615221439206,95.97060063618056,96.24337642528631,418.0
2025-09-11 06:13:00+00:00,96.24337642528631,96.63709547646012,96.03877014255293,96.33793280950653,270.0
2025-09-11 06:14:00+00:00,96.33793280950653,96.50897058666713,96.38247501656203,96.44572280161458,258.0
2025-09-11 06:15:00+00:00,96.44572280161458,96.6245239820017,96.18854796950524,96.40653597575347,165.0
2025-09-11 06:16:00+00:00,96.40653597575347,96.31972754453346,96.2248496392821,96.27228859190778,144.0
2025-09-11 06:17:00+00:00,96.27228859190778,96.19573490161417,96.09825657973744,96.1469957406758,66.0
2025-09-11 06:18:00+00:00,96.1469957406758,96.28030847412393,95.54252652889701,95.91141750151047,222.0
2025-09-11 06:19:00+00:00,95.91141750151047,96.02721556394822,95.86380978818646,95.94551267606734,494.0
2025-09-11 06:20:00+00:00,95.94551267606734,95.98282757533528,95.88417967117542,95.93350362325535,472.0
2025-09-11 06:21:00+00:00,95.93350362325535,96.0860732315421,95.65434710593603,95.87021016873906,360.0
2025-09-11 06:22:00+00:00,95.87021016873906,95.70689314083924,95.18534137778997,95.4461172593146,213.0
2025-09-11 06:23:00+00:00,95.4461172593146,95.45433744893738,95.08107614709265,95.26770679801501,284.0
2025-09-11 06:24:00+00:00,95.26770679801501,95.76665283615064,95.08936995385774,95.42801139500419,390.0
2025-09-11 06:25:00+00:00,95.42801139500419,95.47799157918068,95.1878542114904,95.33292289533554,50.0
2025-09-11 06:26:00+00:00,95.33292289533554,95.42447960938016,95.34452285266214,95.38450123102115,465.0
2025-09-11 06:27:00+00:00,95.38450123102115,95.48061262138754,94.89085511080646,95.185733866097,441.0
2025-09-11 06:28:00+00:00,95.185733866097,95.41304880037596,95.3696952628019,95.39137203158893,486.0
2025-09-11 06:29:00+00:00,95.39137203158893,95.37869262772574,95.36283889911195,95.37076576341885,92.0
2025-09-11 06:30:00+00:00,95.37076576341885,95.82291574318188,95.00161796198,95.41226685258094,476.0
2025-09-11 06:31:00+00:00,95.41226685258094,96.13394072729805,95.35747934103496,95.7457100341665,326.0
2025-09-11 06:32:00+00:00,95.7457100341665,95.96570832390519,95.9617854185749,95.96374687124005,299.0
2025-09-11 06:33:00+00:00,95.96374687124005,96.028389484143,95.81086699073471,95.91962823743886,130.0
2025-09-11 06:34:00+00:00,95.91962823743886,96.18486958294523,95.4837584395855,95.83431401126536,271.0
2025-09-11 06:35:00+00:00,95.83431401126536,95.97920310055372,95.59585262175679,95.78752786115525,213.0
2025-09-11 06:36:00+00:00,95.78752786115525,95.93644841827194,95.7851890312642,95.86081872476807,494.0
2025-09-11 06:37:00+00:00,95.86081872476807,95.92281489096004,95.76856433158403,95.84568961127204,202.0
2025-09-11 06:38:00+00:00,95.84568961127204,95.86831489264056,95.70945066915398,95.78888278089727,148.0
2025-09-11 06:39:00+00:00,95.78888278089727,96.00513442848387,95.99471437594332,95.9999244022136,475.0
2025-09-11 06:40:00+00:00,95.9999244022136,96.14289332467358,95.82406587414282,95.9834795994082,134.0
2025-09-11 06:41:00+00:00,95.9834795994082,96.34620694160795,96.28406329503862,96.31513511832328,457.0
2025-09-11 06:42:00+00:00,96.31513511832328,96.39216541580772,96.26432625221459,96.32824583401116,483.0
2025-09-11 06:43:00+00:00,96.32824583401116,96.67720173044276,96.49591114635382,96.58655643839829,188.0
2025-09-11 06:44:00+00:00,96.58655643839829,96.85669922568349,96.41997816060643,96.63833869314496,360.0
2025-09-11 06:45:00+00:00,96.63833869314496,97.08985456342916,96.4662012771908,96.77802792030998,408.0
2025-09-11 06:46:00+00:00,96.77802792030998,96.90730246869877,96.43848837715034,96.67289542292455,291.0
2025-09-11 06:47:00+00:00,96.67289542292455,96.61585048040823,96.48249271666901,96.54917159853862,363.0
2025-09-11 06:48:00+00:00,96.54917159853862,96.79833159490332,96.4332102084472,96.61577090167526,109.0
2025-09-11 06:49:00+00:00,96.61577090167526,96.7780006180219,96.74028322841505,96.75914192321848,282.0
2025-09-11 06:50:00+00:00,96.75914192321848,97.06392722883281,96.46604252419708,96.76498487651494,280.0
2025-09-11 06:51:00+00:00,96.76498487651494,96.74087605517761,96.41602025815405,96.57844815666583,304.0
2025-09-11 06:52:00+00:00,96.57844815666583,96.41680259398326,96.34638059329517,96.38159159363921,474.0
2025-09-11 06:53:00+00:00,96.38159159363921,96.79907711957992,95.5518983989495,96.17548775926471,421.0
2025-09-11 06:54:00+00:00,96.17548775926471,96.27027919394772,95.5713660938444,95.92082264389606,321.0
2025-09-11 06:55:00+00:00,95.92082264389606,96.10714010528247,95.76601354695418,95.93657682611833,231.0
2025-09-11 06:56:00+00:00,95.93657682611833,96.15847515361385,96.0387504559855,96.09861280479967,232.0
2025-09-11 06:57:00+00:00,96.09861280479967,96.13601187894791,96.057346054028,96.09667896648796,59.0
2025-09-11 06:58:00+00:00,96.09667896648796,96.01171505122036,95.53109133843176,95.77140319482606,297.0
2025-09-11 06:59:00+00:00,95.77140319482606,96.16024701555575,95.3277590238943,95.74400301972503,163.0
2025-09-11 07:00:00+00:00,95.74400301972503,95.92943009170419,95.51182057389859,95.72062533280139,448.0
2025-09-11 07:01:00+00:00,95.72062533280139,96.0334990956704,96.01058966748779,96.0220443815791,398.0
2025-09-11 07:02:00+00:00,96.0220443815791,96.31673945217989,95.30805562041962,95.81239753629976,460.0
2025-09-11 07:03:00+00:00,95.81239753629976,95.88657190445142,95.62596079185155,95.75626634815148,498.0
2025-09-11 07:04:00+00:00,95.75626634815148,96.06102733395264,95.94217109811925,96.00159921603594,230.0
2025-09-11 07:05:00+00:00,96.00159921603594,96.11815719369275,96.01468090588483,96.06641904978879,242.0
2025-09-11 07:06:00+00:00,96.06641904978879,96.30668444206957,95.98856867505167,96.14762655856062,323.0
2025-09-11 07:07:00+00:00,96.14762655856062,96.24625697849022,96.0820500441282,96.16415351130921,243.0
2025-09-11 07:08:00+00:00,96.16415351130921,96.62640554344054,95.7971112609282,96.21175840218437,175.0
2025-09-11 07:09:00+00:00,96.21175840218437,96.48349792960187,96.1645953646944,96.32404664714814,368.0
2025-09-11 07:10:00+00:00,96.32404664714814,96.34192049294708,96.07239576573193,96.2071581293395,252.0
2025-09-11 07:11:00+00:00,96.2071581293395,96.35041542497392,96.31749436116841,96.33395489307117,473.0
2025-09-11 07:12:00+00:00,96.33395489307117,96.14256364993587,96.12895402989476,96.13575883991531,148.0
2025-09-11 07:13:00+00:00,96.13575883991531,96.36778323845115,95.99846148119954,96.18312235982535,249.0
2025-09-11 07:14:00+00:00,96.18312235982535,96.39390656973991,96.02392065635938,96.20891361304965,289.0
2025-09-11 07:15:00+00:00,96.20891361304965,96.3628443381156,95.8771864162515,96.12001537718355,458.0
2025-09-11 07:16:00+00:00,96.12001537718355,96.21761543888671,96.01587389973697,96.11674466931184,310.0
2025-09-11 07:17:00+00:00,96.11674466931184,96.28983287571822,95.76423065207206,96.02703176389514,81.0
2025-09-11 07:18:00+00:00,96.02703176389514,95.88312729163282,95.86244736647147,95.87278732905214,202.0
2025-09-11 07:19:00+00:00,95.87278732905214,95.8502175780802,95.79367795607847,95.82194776707934,448.0
2025-09-11 07:20:00+00:00,95.82194776707934,96.13518854890837,95.19161058676728,95.66339956783783,172.0
2025-09-11 07:21:00+00:00,95.66339956783783,95.71948019510499,95.69998108044923,95.70973063777711,203.0
2025-09-11 07:22:00+00:00,95.70973063777711,95.75208875529138,95.33743407658575,95.54476141593857,117.0
2025-09-11 07:23:00+00:00,95.54476141593857,95.75475111272425,95.53895775595674,95.6468544343405,373.0
2025-09-11 07:24:00+00:00,95.6468544343405,96.00973555621266,94.94525926950152,95.47749741285709,112.0
2025-09-11 07:25:00+00:00,95.47749741285709,95.69480766003664,95.09805077417542,95.39642921710603,215.0
2025-09-11 07:26:00+00:00,95.39642921710603,95.65232789792461,94.96185944382538,95.30709367087499,370.0
2025-09-11 07:27:00+00:00,95.30709367087499,96.1652234992668,94.82822830365407,95.49672590146044,452.0
2025-09-11 07:28:00+00:00,95.49672590146044,95.72514333563912,95.3629567365882,95.54405003611366,149.0
2025-09-11 07:29:00+00:00,95.54405003611366,95.55264859821469,95.47477139546663,95.51370999684066,199.0
2025-09-11 07:30:00+00:00,95.51370999684066,95.81787641926451,95.35250067155502,95.58518854540976,103.0
2025-09-11 07:31:00+00:00,95.58518854540976,95.41675602094803,95.150325882932,95.28354095194001,247.0
2025-09-11 07:32:00+00:00,95.28354095194001,95.30302644459242,95.25172609468434,95.27737626963838,499.0
2025-09-11 07:33:00+00:00,95.27737626963838,95.718028692372,95.40853379774356,95.56328124505778,186.0
2025-09-11 07:34:00+00:00,95.56328124505778,95.67735498087998,95.48715367488225,95.58225432788112,166.0
2025-09-11 07:35:00+00:00,95.58225432788112,95.74778498499255,95.43619854412638,95.59199176455947,229.0
2025-09-11 07:36:00+00:00,95.59199176455947,95.83491629603151,95.50632192170502,95.67061910886827,453.0
2025-09-11 07:37:00+00:00,95.67061910886827,95.89825619812645,95.7002040823112,95.79923014021882,296.0
2025-09-11 07:38:00+00:00,95.79923014021882,95.5455090124612,95.47974310572454,95.51262605909287,324.0
2025-09-11 07:39:00+00:00,95.51262605909287,95.73100131070349,94.81280826013405,95.27190478541877,401.0
2025-09-11 07:40:00+00:00,95.27190478541877,95.64875537880303,94.95516822821443,95.30196180350873,371.0
2025-09-11 07:41:00+00:00,95.30196180350873,95.47287178457287,94.92677395072727,95.19982286765007,319.0
2025-09-11 07:42:00+00:00,95.19982286765007,95.59792511718423,95.17680330320492,95.38736421019458,302.0
2025-09-11 07:43:00+00:00,95.38736421019458,95.44105954890287,95.24349922458518,95.34227938674402,289.0
2025-09-11 07:44:00+00:00,95.34227938674402,95.11805066512319,95.01398244482199,95.06601655497259,131.0
2025-09-11 07:45:00+00:00,95.06601655497259,95.13806942798644,94.63267228673456,94.8853708573605,236.0
2025-09-11 07:46:00+00:00,94.8853708573605,94.67266046571787,94.3169810990003,94.49482078235908,431.0
2025-09-11 07:47:00+00:00,94.49482078235908,94.71477541376372,94.20850685188303,94.46164113282337,67.0
2025-09-11 07:48:00+00:00,94.46164113282337,94.57858695636848,94.29131762978982,94.43495229307915,422.0
2025-09-11 07:49:00+00:00,94.43495229307915,94.42431638725618,94.32537412551132,94.37484525638375,304.0
2025-09-11 07:50:00+00:00,94.37484525638375,94.78749544061384,94.26789949608249,94.52769746834817,207.0
2025-09-11 07:51:00+00:00,94.52769746834817,94.91545619740707,94.48012439865941,94.69779029803324,101.0
2025-09-11 07:52:00+00:00,94.69779029803324,94.76260602677587,94.58457453310592,94.6735902799409,393.0
2025-09-11 07:53:00+00:00,94.6735902799409,94.6708070140692,94.07104586395101,94.3709264390101,50.0
2025-09-11 07:54:00+00:00,94.3709264390101,95.0122952568864,93.90439885722267,94.45834705705454,294.0
2025-09-11 07:55:00+00:00,94.45834705705454,94.60571629666224,94.46841861322777,94.537067454945,123.0
2025-09-11 07:56:00+00:00,94.537067454945,94.65325597737797,94.50864621199284,94.5809510946854,459.0
2025-09-11 07:57:00+00:00,94.5809510946854,94.99325373899836,94.4473414131688,94.72029757608358,132.0
2025-09-11 07:58:00+00:00,94.72029757608358,94.92640068975494,94.18348486965,94.55494277970247,411.0
2025-09-11 07:59:00+00:00,94.55494277970247,95.18411760824834,94.49644052740261,94.84027906782548,308.0
2025-09-11 08:00:00+00:00,94.84027906782548,95.03799618743994,94.36978109287355,94.70388864015675,68.0
2025-09-11 08:01:00+00:00,94.70388864015675,95.08804286320576,94.53271704728628,94.81037995524602,374.0
2025-09-11 08:02:00+00:00,94.81037995524602,94.84053012409821,94.30090240816561,94.57071626613191,445.0
2025-09-11 08:03:00+00:00,94.57071626613191,94.49415877509244,94.38353041992488,94.43884459750866,149.0
2025-09-11 08:04:00+00:00,94.43884459750866,94.72919393648105,94.57859652610527,94.65389523129316,485.0
2025-09-11 08:05:00+00:00,94.65389523129316,94.98549107469991,94.24822832913982,94.61685970191986,409.0
2025-09-11 08:06:00+00:00,94.61685970191986,94.89005841388786,94.58222375696235,94.7361410854251,383.0
2025-09-11 08:07:00+00:00,94.7361410854251,94.93078654175164,94.6088523161969,94.76981942897427,201.0
2025-09-11 08:08:00+00:00,94.76981942897427,95.00458932108529,94.50521128927528,94.75490030518029,103.0
2025-09-11 08:09:00+00:00,94.75490030518029,95.05183629352425,94.84605566007207,94.94894597679816,243.0
2025-09-11 08:10:00+00:00,94.94894597679816,94.92463870757123,94.9058536918869,94.91524619972907,413.0
2025-09-11 08:11:00+00:00,94.91524619972907,94.66925645084113,94.6548549609462,94.66205570589366,313.0
2025-09-11 08:12:00+00:00,94.66205570589366,94.94706162796432,94.14907807342625,94.54806985069528,341.0
2025-09-11 08:13:00+00:00,94.54806985069528,95.29675840000854,93.95578829235137,94.62627334617996,401.0
2025-09-11 08:14:00+00:00,94.62627334617996,94.90894286795323,94.45591379425316,94.6824283311032,202.0
2025-09-11 08:15:00+00:00,94.6824283311032,94.46143884996704,94.45882190630445,94.46013037813574,66.0
2025-09-11 08:16:00+00:00,94.46013037813574,94.61363326021328,94.10147450055337,94.35755388038332,447.0
2025-09-11 08:17:00+00:00,94.35755388038332,94.33613813044259,94.21437204256374,94.27525508650317,326.0
2025-09-11 08:18:00+00:00,94.27525508650317,94.25328536449597,94.1938889180583,94.22358714127714,304.0
2025-09-11 08:19:00+00:00,94.22358714127714,94.1839268558943,93.87471796005983,94.02932240797706,307.0
2025-09-11 08:20:00+00:00,94.02932240797706,93.95587684497048,93.92559555307025,93.94073619902036,433.0
2025-09-11 08:21:00+00:00,93.94073619902036,93.98548384788835,93.69076210202401,93.83812297495618,396.0
2025-09-11 08:22:00+00:00,93.83812297495618,94.00227587138804,93.89129350718488,93.94678468928646,351.0
2025-09-11 08:23:00+00:00,93.94678468928646,94.16744516214652,93.95430569506286,94.06087542860469,401.0
2025-09-11 08:24:00+00:00,94.06087542860469,94.07927654755096,94.00133363087488,94.04030508921292,179.0
2025-09-11 08:25:00+00:00,94.04030508921292,93.98676729621762,93.98327277027532,93.98502003324647,370.0
2025-09-11 08:26:00+00:00,93.98502003324647,94.4137440441234,93.59575253072867,94.00474828742604,488.0
2025-09-11 08:27:00+00:00,94.00474828742604,93.99801373899994,93.78133800023126,93.8896758696156,155.0
2025-09-11 08:28:00+00:00,93.8896758696156,93.8339801206209,93.62262222530607,93.72830117296348,306.0
2025-09-11 08:29:00+00:00,93.72830117296348,93.89139358158683,93.30101909575937,93.5962063386731,356.0
2025-09-11 08:30:00+00:00,93.5962063386731,93.64529387975973,93.3689553247922,93.50712460227597,282.0
2025-09-11 08:31:00+00:00,93.50712460227597,93.61712420742859,93.07103036310673,93.34407728526766,485.0
2025-09-11 08:32:00+00:00,93.34407728526766,93.6027563926674,93.13078559426089,93.36677099346414,231.0
2025-09-11 08:33:00+00:00,93.36677099346414,93.55580660608916,93.38224087218143,93.4690237391353,148.0
2025-09-11 08:34:00+00:00,93.4690237391353,93.53640970997832,92.95713349594779,93.24677160296305,111.0
2025-09-11 08:35:00+00:00,93.24677160296305,93.41468463154241,93.08588822045364,93.25028642599803,432.0
2025-09-11 08:36:00+00:00,93.25028642599803,93.51132957743985,92.92772619475829,93.21952788609907,358.0
2025-09-11 08:37:00+00:00,93.21952788609907,93.61412858591875,92.92045748781537,93.26729303686706,310.0
2025-09-11 08:38:00+00:00,93.26729303686706,93.53318592407686,92.99777989315984,93.26548290861835,243.0
2025-09-11 08:39:00+00:00,93.26548290861835,93.16896947811681,92.95572749775091,93.06234848793386,234.0
2025-09-11 08:40:00+00:00,93.06234848793386,92.9039876923195,92.86860002440775,92.88629385836363,470.0
2025-09-11 08:41:00+00:00,92.88629385836363,93.02638636545207,92.7544006728783,92.89039351916519,356.0
2025-09-11 08:42:00+00:00,92.89039351916519,93.44315478647808,92.62454516625446,93.03384997636627,484.0
2025-09-11 08:43:00+00:00,93.03384997636627,93.09696791218711,92.35377402607078,92.72537096912895,410.0
2025-09-11 08:44:00+00:00,92.72537096912895,92.88703066867835,92.65990908712844,92.7734698779034,395.0
2025-09-11 08:45:00+00:00,92.7734698779034,93.39202075874596,92.4863106660633,92.93916571240463,299.0
2025-09-11 08:46:00+00:00,92.93916571240463,93.02162363388082,92.81404639553777,92.9178350147093,159.0
2025-09-11 08:47:00+00:00,92.9178350147093,93.03223624277341,92.95686796708937,92.99455210493139,344.0
2025-09-11 08:48:00+00:00,92.99455210493139,92.99306622617017,92.79999659201225,92.89653140909121,372.0
2025-09-11 08:49:00+00:00,92.89653140909121,92.91280674554945,92.84699293295184,92.87989983925064,284.0
2025-09-11 08:50:00+00:00,92.87989983925064,92.73907109814756,92.56962634517795,92.65434872166276,59.0
2025-09-11 08:51:00+00:00,92.65434872166276,92.52404669278792,92.13415435375896,92.32910052327344,482.0
2025-09-11 08:52:00+00:00,92.32910052327344,92.5256851438167,92.39383478635472,92.45975996508571,421.0
2025-09-11 08:53:00+00:00,92.45975996508571,92.47258893958684,92.17391554561894,92.32325224260289,208.0
2025-09-11 08:54:00+00:00,92.32325224260289,92.26889087582579,92.25148926773598,92.26019007178088,272.0
2025-09-11 08:55:00+00:00,92.26019007178088,92.15671381888272,91.98032479608047,92.0685193074816,105.0
2025-09-11 08:56:00+00:00,92.0685193074816,92.2686576803473,91.47935100144832,91.87400434089781,471.0
2025-09-11 08:57:00+00:00,91.87400434089781,92.03061038767495,91.66949104361748,91.85005071564622,153.0
2025-09-11 08:58:00+00:00,91.85005071564622,92.02817587192727,91.47100041537318,91.74958814365023,219.0
2025-09-11 08:59:00+00:00,91.74958814365023,91.94175778932176,91.66148404569911,91.80162091751043,242.0
2025-09-11 09:00:00+00:00,91.80162091751043,91.98434150388292,91.74357392221236,91.86395771304764,168.0
2025-09-11 09:01:00+00:00,91.86395771304764,91.96226349821468,91.85409676432091,91.9081801312678,335.0
2025-09-11 09:02:00+00:00,91.9081801312678,91.97408062558674,91.90807950458816,91.94108006508745,497.0
2025-09-11 09:03:00+00:00,91.94108006508745,92.39117657520963,91.92668406597177,92.1589303205907,434.0
2025-09-11 09:04:00+00:00,92.1589303205907,92.30266699847849,91.72026495443654,92.01146597645752,288.0
2025-09-11 09:05:00+00:00,92.01146597645752,92.20706378723858,91.80070487771226,92.00388433247542,108.0
2025-09-11 09:06:00+00:00,92.00388433247542,92.23076343249068,92.08990656199674,92.16033499724371,438.0
2025-09-11 09:07:00+00:00,92.16033499724371,92.48344289372017,92.18718013033376,92.33531151202696,165.0
2025-09-11 09:08:00+00:00,92.33531151202696,92.18994690094854,92.08725881366237,92.13860285730546,459.0
2025-09-11 09:09:00+00:00,92.13860285730546,92.26117516995845,91.92971078609918,92.09544297802881,227.0
2025-09-11 09:10:00+00:00,92.09544297802881,92.59339193057495,91.97310678311247,92.28324935684371,283.0
2025-09-11 09:11:00+00:00,92.28324935684371,92.38723776374758,92.31997613623764,92.35360694999261,246.0
2025-09-11 09:12:00+00:00,92.35360694999261,92.39406487354707,92.36725668575399,92.38066077965053,255.0
2025-09-11 09:13:00+00:00,92.38066077965053,92.49448507092679,92.20651676945651,92.35050092019165,124.0
2025-09-11 09:14:00+00:00,92.35050092019165,92.44235772253248,92.1523420966692,92.29734990960084,298.0
2025-09-11 09:15:00+00:00,92.29734990960084,92.91435321135475,91.76016942859758,92.33726131997616,231.0
2025-09-11 09:16:00+00:00,92.33726131997616,92.55192109599761,92.0527041684189,92.30231263220826,431.0
2025-09-11 09:17:00+00:00,92.30231263220826,92.31050393863997,92.28233138670679,92.29641766267338,264.0
2025-09-11 09:18:00+00:00,92.29641766267338,92.32204232356918,92.29255742176582,92.3072998726675,484.0
2025-09-11 09:19:00+00:00,92.3072998726675,92.60162178023047,91.82530056956055,92.21346117489551,183.0
2025-09-11 09:20:00+00:00,92.21346117489551,92.42154473500901,92.15264485495675,92.28709479498288,197.0
2025-09-11 09:21:00+00:00,92.28709479498288,92.71029147850466,92.67250570045788,92.69139858948127,66.0
2025-09-11 09:22:00+00:00,92.69139858948127,92.45214650942478,92.43717450649737,92.44466050796107,382.0
2025-09-11 09:23:00+00:00,92.44466050796107,92.74491497166635,92.23428756793827,92.48960126980231,83.0
2025-09-11 09:24:00+00:00,92.48960126980231,92.52048905993828,92.24790465903351,92.3841968594859,178.0
2025-09-11 09:25:00+00:00,92.3841968594859,92.49667391651539,92.4318177433374,92.4642458299264,459.0
2025-09-11 09:26:00+00:00,92.4642458299264,92.72251456930356,92.21889224649378,92.47070340789867,324.0
2025-09-11 09:27:00+00:00,92.47070340789867,92.9048308507737,92.24804451380338,92.57643768228854,301.0
2025-09-11 09:28:00+00:00,92.57643768228854,92.83081869787759,92.64881729796804,92.73981799792281,412.0
2025-09-11 09:29:00+00:00,92.73981799792281,92.9306758183751,92.6025032025277,92.7665895104514,397.0
2025-09-11 09:30:00+00:00,92.7665895104514,92.95083739044607,92.89765916146983,92.92424827595795,448.0
2025-09-11 09:31:00+00:00,92.92424827595795,92.71604062505907,92.48007726799148,92.59805894652527,349.0
2025-09-11 09:32:00+00:00,92.59805894652527,92.87741070102992,92.76105301657314,92.81923185880153,251.0
2025-09-11 09:33:00+00:00,92.81923185880153,92.99555869743429,92.74737334651365,92.87146602197397,108.0
2025-09-11 09:34:00+00:00,92.87146602197397,93.17389299583019,92.86958461620375,93.02173880601697,216.0
2025-09-11 09:35:00+00:00,93.02173880601697,92.93036495142336,92.77299903903919,92.85168199523127,367.0
2025-09-11 09:36:00+00:00,92.85168199523127,92.81905783448642,92.65303514307448,92.73604648878045,164.0
2025-09-11 09:37:00+00:00,92.73604648878045,92.86157159894793,92.65112704418286,92.7563493215654,351.0
2025-09-11 09:38:00+00:00,92.7563493215654,93.06379140247167,92.44416618399735,92.75397879323451,110.0
2025-09-11 09:39:00+00:00,92.75397879323451,92.81138208933815,92.77535943531872,92.79337076232844,77.0
2025-09-11 09:40:00+00:00,92.79337076232844,92.98655661968604,92.90233805786931,92.94444733877768,214.0
2025-09-11 09:41:00+00:00,92.94444733877768,92.77321266519884,92.62413079178496,92.6986717284919,153.0
2025-09-11 09:42:00+00:00,92.6986717284919,92.88031005649484,92.78804649394547,92.83417827522015,442.0
2025-09-11 09:43:00+00:00,92.83417827522015,93.00893414399278,92.66172895369093,92.83533154884185,220.0
2025-09-11 09:44:00+00:00,92.83533154884185,92.9697340448751,92.64418325615007,92.80695865051258,238.0
2025-09-11 09:45:00+00:00,92.80695865051258,92.73034979594352,92.47442989534794,92.60238984564573,231.0
2025-09-11 09:46:00+00:00,92.60238984564573,92.72805014415202,92.61653281309218,92.6722914786221,192.0
2025-09-11 09:47:00+00:00,92.6722914786221,92.46820474611906,92.20642922074464,92.33731698343185,462.0
2025-09-11 09:48:00+00:00,92.33731698343185,92.66838252866988,92.18595170149707,92.42716711508348,382.0
2025-09-11 09:49:00+00:00,92.42716711508348,92.35728479090653,92.08377874825999,92.22053176958326,121.0
2025-09-11 09:50:00+00:00,92.22053176958326,92.2324576606171,92.22339622292382,92.22792694177046,147.0
2025-09-11 09:51:00+00:00,92.22792694177046,92.39270381640377,92.03018092942686,92.21144237291531,86.0
2025-09-11 09:52:00+00:00,92.21144237291531,92.39553434951976,92.35116875011694,92.37335154981835,165.0
2025-09-11 09:53:00+00:00,92.37335154981835,92.57149683368982,92.12570396892355,92.34860040130668,345.0
2025-09-11 09:54:00+00:00,92.34860040130668,92.6355729756893,91.86941973475594,92.25249635522262,471.0
2025-09-11 09:55:00+00:00,92.25249635522262,92.37125703706111,91.99358284138945,92.18241993922528,266.0
2025-09-11 09:56:00+00:00,92.18241993922528,92.4681348562004,92.24905353073613,92.35859419346826,86.0
2025-09-11 09:57:00+00:00,92.35859419346826,92.62634520180264,92.239497871842,92.43292153682232,71.0
2025-09-11 09:58:00+00:00,92.43292153682232,92.6320921860151,92.12684709211878,92.37946963906694,236.0
2025-09-11 09:59:00+00:00,92.37946963906694,92.44437620882415,92.24904630377686,92.34671125630051,169.0
2025-09-11 10:00:00+00:00,92.34671125630051,92.44655594832255,91.813205530895,92.12988073960878,309.0
2025-09-11 10:01:00+00:00,92.12988073960878,92.27647348710184,92.09068952650523,92.18358150680353,103.0
2025-09-11 10:02:00+00:00,92.18358150680353,91.99011077156203,91.89101568117476,91.9405632263684,153.0
2025-09-11 10:03:00+00:00,91.9405632263684,92.29089660764411,91.79770858094197,92.04430259429304,300.0
2025-09-11 10:04:00+00:00,92.04430259429304,92.47874604922879,91.64537922007244,92.06206263465062,176.0
2025-09-11 10:05:00+00:00,92.06206263465062,92.84658366306256,91.93796632041945,92.392274991741,214.0
2025-09-11 10:06:00+00:00,92.392274991741,92.80354381325365,91.6763255520316,92.23993468264263,149.0
2025-09-11 10:07:00+00:00,92.23993468264263,92.84971635497925,91.60174656384513,92.22573145941219,73.0
2025-09-11 10:08:00+00:00,92.22573145941219,92.49738137142043,92.4522983940098,92.47483988271512,205.0
2025-09-11 10:09:00+00:00,92.47483988271512,92.80675656546096,92.47373940885082,92.64024798715589,198.0
2025-09-11 10:10:00+00:00,92.64024798715589,92.60480990141866,92.48229529987921,92.54355260064894,454.0
2025-09-11 10:11:00+00:00,92.54355260064894,92.67147756214922,92.47781830954267,92.57464793584595,451.0
2025-09-11 10:12:00+00:00,92.57464793584595,92.76279691614454,92.38705422552866,92.5749255708366,244.0
2025-09-11 10:13:00+00:00,92.5749255708366,92.64015081460906,92.58802301886834,92.6140869167387,179.0
2025-09-11 10:14:00+00:00,92.6140869167387,92.72776246481328,92.30639010369322,92.51707628425325,238.0
2025-09-11 10:15:00+00:00,92.51707628425325,92.54450145464203,92.46486178701484,92.50468162082844,323.0
2025-09-11 10:16:00+00:00,92.50468162082844,92.40197103430606,92.16444133490512,92.28320618460559,223.0
2025-09-11 10:17:00+00:00,92.28320618460559,92.57506187444724,92.02876316223981,92.30191251834353,390.0
2025-09-11 10:18:00+00:00,92.30191251834353,92.74437301548933,91.98410739607495,92.36424020578214,483.0
2025-09-11 10:19:00+00:00,92.36424020578214,92.79272594203098,91.8727489528818,92.3327374474564,231.0
2025-09-11 10:20:00+00:00,92.3327374474564,92.25725878841051,91.96139134904008,92.1093250687253,102.0
2025-09-11 10:21:00+00:00,92.1093250687253,92.2776815438296,92.21433022163265,92.24600588273113,104.0
2025-09-11 10:22:00+00:00,92.24600588273113,92.38824641119905,92.204670875088,92.29645864314352,442.0
2025-09-11 10:23:00+00:00,92.29645864314352,92.32232915554246,92.06967168456356,92.19600042005301,237.0
2025-09-11 10:24:00+00:00,92.19600042005301,92.5656416301895,91.74876482408291,92.15720322713621,197.0
2025-09-11 10:25:00+00:00,92.15720322713621,92.0833025683146,91.81667801273383,91.94999029052421,328.0
2025-09-11 10:26:00+00:00,91.94999029052421,92.15716703477212,91.4601716160435,91.8086693254078,480.0
2025-09-11 10:27:00+00:00,91.8086693254078,92.05206572090044,91.4172054300599,91.73463557548017,241.0
2025-09-11 10:28:00+00:00,91.73463557548017,91.99549047907597,91.81215853559469,91.90382450733533,191.0
2025-09-11 10:29:00+00:00,91.90382450733533,91.877277618812,91.7541375137724,91.8157075662922,438.0
2025-09-11 10:30:00+00:00,91.8157075662922,92.2995576116938,91.50828723223971,91.90392242196675,87.0
2025-09-11 10:31:00+00:00,91.90392242196675,92.0178419833697,91.64164265551274,91.82974231944122,429.0
2025-09-11 10:32:00+00:00,91.82974231944122,92.11338622583777,91.61441799887844,91.8639021123581,284.0
2025-09-11 10:33:00+00:00,91.8639021123581,92.18729900592265,91.50154192316148,91.84442046454207,59.0
2025-09-11 10:34:00+00:00,91.84442046454207,92.38336250077448,91.54619214383571,91.9647773223051,152.0
2025-09-11 10:35:00+00:00,91.9647773223051,91.94806188079487,91.83400051523425,91.89103119801456,355.0
2025-09-11 10:36:00+00:00,91.89103119801456,91.77514130120342,91.57392823826852,91.67453476973597,388.0
2025-09-11 10:37:00+00:00,91.67453476973597,91.76645809195081,91.20293649847058,91.4846972952107,138.0
2025-09-11 10:38:00+00:00,91.4846972952107,91.5542667687149,91.26921008262293,91.41173842566891,345.0
2025-09-11 10:39:00+00:00,91.41173842566891,91.35426913090045,91.12699217639535,91.2406306536479,495.0
2025-09-11 10:40:00+00:00,91.2406306536479,91.54494267121376,91.04863719739274,91.29678993430325,358.0
2025-09-11 10:41:00+00:00,91.29678993430325,91.2990197706744,91.1670352359696,91.233027503322,366.0
2025-09-11 10:42:00+00:00,91.233027503322,91.66517880897258,91.45196269906695,91.55857075401977,137.0
2025-09-11 10:43:00+00:00,91.55857075401977,91.39446159794544,91.24599344463049,91.32022752128796,336.0
2025-09-11 10:44:00+00:00,91.32022752128796,91.56500422153175,91.13124682668081,91.34812552410628,368.0
2025-09-11 10:45:00+00:00,91.34812552410628,91.37273937225372,91.01466384089271,91.19370160657321,99.0
2025-09-11 10:46:00+00:00,91.19370160657321,91.52149921361872,90.73096865482547,91.1262339342221,190.0
2025-09-11 10:47:00+00:00,91.1262339342221,91.44749979793733,90.84363324339964,91.14556652066848,447.0
2025-09-11 10:48:00+00:00,91.14556652066848,91.19501596018158,90.46138284531408,90.82819940274783,499.0
2025-09-11 10:49:00+00:00,90.82819940274783,91.09137245346679,90.6295692847174,90.8604708690921,127.0
2025-09-11 10:50:00+00:00,90.8604708690921,91.12042077572154,91.11995914601549,91.12018996086852,379.0
2025-09-11 10:51:00+00:00,91.12018996086852,91.16982593920152,90.94664397482104,91.05823495701128,275.0
2025-09-11 10:52:00+00:00,91.05823495701128,91.1720071555292,91.01544952439059,91.0937283399599,315.0
2025-09-11 10:53:00+00:00,91.0937283399599,91.41665928340282,91.05110462587703,91.23388195463993,279.0
2025-09-11 10:54:00+00:00,91.23388195463993,91.5534509750959,90.86944410890828,91.21144754200209,440.0
2025-09-11 10:55:00+00:00,91.21144754200209,91.4032340697747,90.86075960155071,91.1319968356627,250.0
2025-09-11 10:56:00+00:00,91.1319968356627,90.91336268095806,90.72951450832089,90.82143859463947,315.0
2025-09-11 10:57:00+00:00,90.82143859463947,90.95068019198945,90.86692808236532,90.90880413717738,351.0
2025-09-11 10:58:00+00:00,90.90880413717738,91.07108768029893,90.71565919914751,90.89337343972322,298.0
2025-09-11 10:59:00+00:00,90.89337343972322,90.98038025999057,90.53043748980184,90.7554088748962,445.0
2025-09-11 11:00:00+00:00,90.7554088748962,91.03277642719031,90.51251260407203,90.77264451563117,156.0
2025-09-11 11:01:00+00:00,90.77264451563117,90.79241829658659,90.59399366627514,90.69320598143086,476.0
2025-09-11 11:02:00+00:00,90.69320598143086,90.67789647074429,90.5647984776457,90.62134747419499,355.0
2025-09-11 11:03:00+00:00,90.62134747419499,91.13732158976217,90.27027709660538,90.70379934318377,482.0
2025-09-11 11:04:00+00:00,90.70379934318377,90.53237751213744,90.51139738889778,90.52188745051761,218.0
2025-09-11 11:05:00+00:00,90.52188745051761,91.00782968365675,90.32058360779538,90.66420664572607,265.0
2025-09-11 11:06:00+00:00,90.66420664572607,90.72808596857577,90.22056523178647,90.47432560018112,69.0
2025-09-11 11:07:00+00:00,90.47432560018112,90.51666292050298,90.25220526252185,90.38443409151242,465.0
2025-09-11 11:08:00+00:00,90.38443409151242,90.96206771996577,90.32896638437524,90.6455170521705,417.0
2025-09-11 11:09:00+00:00,90.6455170521705,90.90331146357123,90.69455096174026,90.79893121265575,183.0
2025-09-11 11:10:00+00:00,90.79893121265575,91.33835273634249,90.2860986499151,90.8122256931288,73.0
2025-09-11 11:11:00+00:00,90.8122256931288,90.93588215179655,90.4325149704059,90.68419856110123,363.0
2025-09-11 11:12:00+00:00,90.68419856110123,90.66061627062119,90.56384808899914,90.61223217981016,352.0
2025-09-11 11:13:00+00:00,90.61223217981016,91.03708331090279,90.20730106288634,90.62219218689457,287.0
2025-09-11 11:14:00+00:00,90.62219218689457,91.0185685043995,90.23601746920235,90.62729298680092,120.0
2025-09-11 11:15:00+00:00,90.62729298680092,90.82293516361032,90.40694633462915,90.61494074911974,463.0
2025-09-11 11:16:00+00:00,90.61494074911974,90.6335179690908,90.58798206365577,90.61075001637329,244.0
2025-09-11 11:17:00+00:00,90.61075001637329,90.65658539802465,90.50664993467441,90.58161766634953,376.0
2025-09-11 11:18:00+00:00,90.58161766634953,90.69544060453785,90.07636790309095,90.3859042538144,436.0
2025-09-11 11:19:00+00:00,90.3859042538144,90.45041721475616,90.1813896626742,90.31590343871518,296.0
2025-09-11 11:20:00+00:00,90.31590343871518,90.59277060800467,90.2870216337913,90.43989612089798,92.0
2025-09-11 11:21:00+00:00,90.43989612089798,90.65724783160684,89.85166911624094,90.25445847392389,449.0
2025-09-11 11:22:00+00:00,90.25445847392389,90.45618769017186,90.00141186350866,90.22879977684026,350.0
2025-09-11 11:23:00+00:00,90.22879977684026,90.251721370973,89.9841183127266,90.1179198418498,452.0
2025-09-11 11:24:00+00:00,90.1179198418498,90.35917590068101,89.9067703044417,90.13297310256135,325.0
2025-09-11 11:25:00+00:00,90.13297310256135,90.38863121317347,89.77225962375822,90.08044541846584,458.0
2025-09-11 11:26:00+00:00,90.08044541846584,90.61280101082686,89.94778538148661,90.28029319615673,440.0
2025-09-11 11:27:00+00:00,90.28029319615673,90.52468899794546,90.1731529633485,90.34892098064698,147.0
2025-09-11 11:28:00+00:00,90.34892098064698,90.50500146173992,89.83763008707133,90.17131577440563,127.0
2025-09-11 11:29:00+00:00,90.17131577440563,90.3806350919315,90.14366443598571,90.2621497639586,122.0
2025-09-11 11:30:00+00:00,90.2621497639586,90.2316859690114,90.0829701573871,90.15732806319924,409.0
2025-09-11 11:31:00+00:00,90.15732806319924,90.14843737516615,90.01022491344209,90.07933114430412,158.0
2025-09-11 11:32:00+00:00,90.07933114430412,90.27059652504238,89.97289154925306,90.12174403714772,252.0
2025-09-11 11:33:00+00:00,90.12174403714772,90.05877590561894,90.05180978522989,90.05529284542442,404.0
2025-09-11 11:34:00+00:00,90.05529284542442,90.25921866368685,90.0927478057792,90.17598323473302,242.0
2025-09-11 11:35:00+00:00,90.17598323473302,90.22800586323389,89.91455565050232,90.0712807568681,77.0
2025-09-11 11:36:00+00:00,90.0712807568681,90.02008489671125,89.95530630501322,89.98769560086224,212.0
2025-09-11 11:37:00+00:00,89.98769560086224,90.07856527272385,89.71971721755013,89.89914124513699,92.0
2025-09-11 11:38:00+00:00,89.89914124513699,89.95759338582073,89.6882024896581,89.82289793773941,223.0
2025-09-11 11:39:00+00:00,89.82289793773941,89.98551110557402,89.95672680040481,89.97111895298941,381.0
2025-09-11 11:40:00+00:00,89.97111895298941,90.1660924682007,89.94594602106193,90.05601924463132,283.0
2025-09-11 11:41:00+00:00,90.05601924463132,90.38974630156237,90.1848573914262,90.28730184649429,353.0
2025-09-11 11:42:00+00:00,90.28730184649429,90.86878462698971,90.32108330322285,90.59493396510628,98.0
2025-09-11 11:43:00+00:00,90.59493396510628,90.84734075618717,90.06261039169611,90.45497557394164,387.0
2025-09-11 11:44:00+00:00,90.45497557394164,90.81431440794438,90.1147470305456,90.46453071924499,241.0
2025-09-11 11:45:00+00:00,90.46453071924499,90.50459046450817,90.10553917344419,90.30506481897618,179.0
2025-09-11 11:46:00+00:00,90.30506481897618,90.28724470443056,90.11234248555711,90.19979359499384,343.0
2025-09-11 11:47:00+00:00,90.19979359499384,90.18224147260393,90.04692632665898,90.11458389963146,110.0
2025-09-11 11:48:00+00:00,90.11458389963146,90.28272575066516,89.66087331142289,89.97179953104403,274.0
2025-09-11 11:49:00+00:00,89.97179953104403,89.90941251806069,89.75048984305622,89.82995118055845,239.0
2025-09-11 11:50:00+00:00,89.82995118055845,89.9525371494791,89.66848624297467,89.81051169622688,124.0
2025-09-11 11:51:00+00:00,89.81051169622688,90.06634940983318,89.22715064005908,89.64675002494613,478.0
2025-09-11 11:52:00+00:00,89.64675002494613,89.77076137418906,89.74936361578268,89.76006249498587,213.0
2025-09-11 11:53:00+00:00,89.76006249498587,90.03287008718712,89.24029208541512,89.63658108630112,68.0
2025-09-11 11:54:00+00:00,89.63658108630112,90.32982955209899,89.70044734486898,90.01513844848398,249.0
2025-09-11 11:55:00+00:00,90.01513844848398,90.07074420791176,89.8376796440975,89.95421192600463,484.0
2025-09-11 11:56:00+00:00,89.95421192600463,90.42973671059002,89.49812306186746,89.96392988622874,350.0
2025-09-11 11:57:00+00:00,89.96392988622874,89.79597686746524,89.78262037498334,89.78929862122429,336.0
2025-09-11 11:58:00+00:00,89.78929862122429,90.07878986828622,89.95996226991927,90.01937606910275,455.0
2025-09-11 11:59:00+00:00,90.01937606910275,90.43391061819756,89.90742576473897,90.17066819146827,87.0
2025-09-11 12:00:00+00:00,90.17066819146827,90.4549344711012,89.96673910793156,90.21083678951638,297.0
2025-09-11 12:01:00+00:00,90.21083678951638,90.20211069605529,89.85544225101503,90.02877647353516,194.0
2025-09-11 12:02:00+00:00,90.02877647353516,90.07857558146091,90.03588460022308,90.057230090842,354.0
2025-09-11 12:03:00+00:00,90.057230090842,90.18334047000123,89.62839547510696,89.90586797255409,433.0
2025-09-11 12:04:00+00:00,89.90586797255409,90.4539992417063,89.75259256748208,90.10329590459419,84.0
2025-09-11 12:05:00+00:00,90.10329590459419,90.47319236304108,89.95226558537712,90.2127289742091,121.0
2025-09-11 12:06:00+00:00,90.2127289742091,90.23276900874384,90.21852023695382,90.22564462284883,479.0
2025-09-11 12:07:00+00:00,90.22564462284883,90.15589596816594,89.63712615539129,89.89651106177861,271.0
2025-09-11 12:08:00+00:00,89.89651106177861,90.10867322474424,89.41932742042586,89.76400032258505,191.0
2025-09-11 12:09:00+00:00,89.76400032258505,89.93885589188602,89.7744488919038,89.85665239189491,118.0
2025-09-11 12:10:00+00:00,89.85665239189491,90.26900681707193,89.77155257261947,90.0202796948457,209.0
2025-09-11 12:11:00+00:00,90.0202796948457,90.56740224900193,89.77294979223319,90.17017602061756,52.0
2025-09-11 12:12:00+00:00,90.17017602061756,90.1003744338332,89.80983512821123,89.95510478102221,150.0
2025-09-11 12:13:00+00:00,89.95510478102221,90.32308155454568,89.66852492325064,89.99580323889816,132.0
2025-09-11 12:14:00+00:00,89.99580323889816,90.27333763438938,89.99265409497562,90.1329958646825,88.0
2025-09-11 12:15:00+00:00,90.1329958646825,90.07639110066019,89.74174562202616,89.90906836134317,486.0
2025-09-11 12:16:00+00:00,89.90906836134317,89.99238103329269,89.82362363919414,89.90800233624341,405.0
2025-09-11 12:17:00+00:00,89.90800233624341,90.02492290724749,89.86495880616079,89.94494085670414,473.0
2025-09-11 12:18:00+00:00,89.94494085670414,90.06694899964636,89.74179425943079,89.90437162953857,158.0
2025-09-11 12:19:00+00:00,89.90437162953857,89.66954892839392,89.64033528403392,89.65494210621392,179.0
2025-09-11 12:20:00+00:00,89.65494210621392,90.04148747552902,89.18081679649829,89.61115213601366,177.0
2025-09-11 12:21:00+00:00,89.61115213601366,89.64519988651995,89.48913533171955,89.56716760911975,301.0
2025-09-11 12:22:00+00:00,89.56716760911975,89.63333770197083,89.46121465686072,89.54727617941577,131.0
2025-09-11 12:23:00+00:00,89.54727617941577,89.82179780998861,89.1214465071137,89.47162215855116,155.0
2025-09-11 12:24:00+00:00,89.47162215855116,89.75197641469184,89.07239635498051,89.41218638483618,488.0
2025-09-11 12:25:00+00:00,89.41218638483618,89.51352507224391,89.30019733804266,89.40686120514329,208.0
2025-09-11 12:26:00+00:00,89.40686120514329,89.70118679933458,89.23125043340264,89.46621861636861,401.0
2025-09-11 12:27:00+00:00,89.46621861636861,89.4529126857967,89.39783546566171,89.42537407572921,153.0
2025-09-11 12:28:00+00:00,89.42537407572921,89.50708423636158,89.23379864721858,89.37044144179008,468.0
2025-09-11 12:29:00+00:00,89.37044144179008,89.53276534345991,89.23288041879772,89.38282288112882,362.0
2025-09-11 12:30:00+00:00,89.38282288112882,89.22645833161869,89.02483813888443,89.12564823525156,437.0
2025-09-11 12:31:00+00:00,89.12564823525156,89.4329114778927,88.94597883205896,89.18944515497583,282.0
2025-09-11 12:32:00+00:00,89.18944515497583,89.35860327583674,89.02013636721864,89.18936982152769,457.0
2025-09-11 12:33:00+00:00,89.18936982152769,89.36814932575923,89.02121135535255,89.19468034055589,213.0
2025-09-11 12:34:00+00:00,89.19468034055589,89.41044766050588,89.2361755151356,89.32331158782074,265.0
2025-09-11 12:35:00+00:00,89.32331158782074,89.13987736711546,88.9842156357354,89.06204650142543,77.0
2025-09-11 12:36:00+00:00,89.06204650142543,88.90130694968833,88.69618495345104,88.79874595156969,126.0
2025-09-11 12:37:00+00:00,88.79874595156969,88.8463226662183,88.82412453178011,88.8352235989992,397.0
2025-09-11 12:38:00+00:00,88.8352235989992,89.07294935323468,88.59560117263753,88.8342752629361,197.0
2025-09-11 12:39:00+00:00,88.8342752629361,88.91194737484113,88.80196157624815,88.85695447554464,95.0
2025-09-11 12:40:00+00:00,88.85695447554464,88.80519020146613,88.7855718232594,88.79538101236277,181.0
2025-09-11 12:41:00+00:00,88.79538101236277,89.00393982659787,88.76388502062048,88.88391242360917,208.0
2025-09-11 12:42:00+00:00,88.88391242360917,89.02058919514853,88.99609945424875,89.00834432469864,372.0
2025-09-11 12:43:00+00:00,89.00834432469864,89.10282592664095,89.04314503284132,89.07298547974113,90.0
2025-09-11 12:44:00+00:00,89.07298547974113,89.17534136069605,88.90094492302049,89.03814314185827,61.0
2025-09-11 12:45:00+00:00,89.03814314185827,88.78566112198033,88.7285199391672,88.75709053057376,375.0
2025-09-11 12:46:00+00:00,88.75709053057376,89.08294465320705,88.63618012606719,88.85956238963712,113.0
2025-09-11 12:47:00+00:00,88.85956238963712,89.54461297744456,88.50049723382449,89.02255510563452,238.0
2025-09-11 12:48:00+00:00,89.02255510563452,89.34460871243279,88.87272545196761,89.1086670822002,357.0
2025-09-11 12:49:00+00:00,89.1086670822002,89.05192637942046,88.93041156092538,88.99116897017292,281.0
2025-09-11 12:50:00+00:00,88.99116897017292,89.34219000319689,88.82012412425203,89.08115706372446,105.0
2025-09-11 12:51:00+00:00,89.08115706372446,89.63757136251839,88.75486219765433,89.19621678008636,374.0
2025-09-11 12:52:00+00:00,89.19621678008636,89.97669509943495,88.83334803879526,89.4050215691151,71.0
2025-09-11 12:53:00+00:00,89.4050215691151,89.37673515514687,89.19847644054623,89.28760579784655,154.0
2025-09-11 12:54:00+00:00,89.28760579784655,89.56489878672902,88.94966434711124,89.25728156692013,99.0
2025-09-11 12:55:00+00:00,89.25728156692013,89.41024299713193,89.30453074021496,89.35738686867344,280.0
2025-09-11 12:56:00+00:00,89.35738686867344,89.41102852744734,89.3191359144671,89.36508222095722,360.0
2025-09-11 12:57:00+00:00,89.36508222095722,89.42072049622061,89.0101446082366,89.2154325522286,342.0
2025-09-11 12:58:00+00:00,89.2154325522286,89.52496979201385,89.01690034087034,89.27093506644209,112.0
2025-09-11 12:59:00+00:00,89.27093506644209,89.43772116387824,89.2591892415782,89.34845520272822,204.0
2025-09-11 13:00:00+00:00,89.34845520272822,89.36345967012743,89.35703033759937,89.3602450038634,115.0
2025-09-11 13:01:00+00:00,89.3602450038634,89.46734246377581,89.31202372833657,89.38968309605619,204.0
2025-09-11 13:02:00+00:00,89.38968309605619,89.47111192634357,89.2388908094906,89.35500136791708,153.0
2025-09-11 13:03:00+00:00,89.35500136791708,89.86301962468954,89.243697638609,89.55335863164927,383.0
2025-09-11 13:04:00+00:00,89.55335863164927,89.45559289085162,89.4093077305645,89.43245031070806,387.0
2025-09-11 13:05:00+00:00,89.43245031070806,89.75002105436438,88.9573723528848,89.35369670362459,418.0
2025-09-11 13:06:00+00:00,89.35369670362459,89.53173238965297,89.1786058305905,89.35516911012174,140.0
2025-09-11 13:07:00+00:00,89.35516911012174,89.63921301363243,89.30689785480294,89.47305543421768,56.0
2025-09-11 13:08:00+00:00,89.47305543421768,89.28563598159757,89.2590022634068,89.27231912250218,65.0
2025-09-11 13:09:00+00:00,89.27231912250218,89.17003378468478,89.02402940242324,89.09703159355401,429.0
2025-09-11 13:10:00+00:00,89.09703159355401,88.96552773958824,88.68470032847576,88.825114034032,457.0
2025-09-11 13:11:00+00:00,88.825114034032,88.89590893078984,88.76303182225429,88.82947037652207,145.0
2025-09-11 13:12:00+00:00,88.82947037652207,89.27074913877034,88.09042588856967,88.68058751367,444.0
2025-09-11 13:13:00+00:00,88.68058751367,89.30809985535534,87.9507982837075,88.62944906953142,288.0
2025-09-11 13:14:00+00:00,88.62944906953142,88.99963410038039,88.43520405020733,88.71741907529386,133.0
2025-09-11 13:15:00+00:00,88.71741907529386,88.90468705277824,88.35948518484231,88.63208611881028,190.0
2025-09-11 13:16:00+00:00,88.63208611881028,89.08118248604184,88.24449744465214,88.66283996534699,169.0
2025-09-11 13:17:00+00:00,88.66283996534699,88.62692219458908,88.61915516146173,88.62303867802541,393.0
2025-09-11 13:18:00+00:00,88.62303867802541,88.99911289028147,88.42574901219443,88.71243095123795,134.0
2025-09-11 13:19:00+00:00,88.71243095123795,88.86880023566131,88.68255603483165,88.77567813524648,132.0
2025-09-11 13:20:00+00:00,88.77567813524648,88.68611852776596,88.68105269283544,88.6835856103007,373.0
2025-09-11 13:21:00+00:00,88.6835856103007,88.8843664109371,88.43794055809653,88.66115348451682,185.0
2025-09-11 13:22:00+00:00,88.66115348451682,89.16605532548897,88.43408755959672,88.80007144254284,162.0
2025-09-11 13:23:00+00:00,88.80007144254284,89.34994823456165,88.35502125730159,88.85248474593162,413.0
2025-09-11 13:24:00+00:00,88.85248474593162,88.77251303786426,88.56047567260671,88.66649435523549,469.0
2025-09-11 13:25:00+00:00,88.66649435523549,88.75614477315555,88.751323782717,88.75373427793627,299.0
2025-09-11 13:26:00+00:00,88.75373427793627,88.89632261031859,88.32259100757786,88.60945680894822,422.0
2025-09-11 13:27:00+00:00,88.60945680894822,89.1406971341347,88.45410059665501,88.79739886539485,428.0
2025-09-11 13:28:00+00:00,88.79739886539485,88.95087531625376,88.91694400114179,88.93390965869777,314.0
2025-09-11 13:29:00+00:00,88.93390965869777,89.03690830358407,88.90826977765924,88.97258904062166,423.0
2025-09-11 13:30:00+00:00,88.97258904062166,89.1006291417402,88.88652212846964,88.99357563510492,54.0
2025-09-11 13:31:00+00:00,88.99357563510492,89.09594677302387,88.83540566179958,88.96567621741173,65.0
2025-09-11 13:32:00+00:00,88.96567621741173,89.08897071334859,89.02356993774036,89.05627032554447,447.0
2025-09-11 13:33:00+00:00,89.05627032554447,89.32772714524829,88.68578068512811,89.0067539151882,113.0
2025-09-11 13:34:00+00:00,89.0067539151882,89.2801911815757,88.7962296919768,89.03821043677625,377.0
2025-09-11 13:35:00+00:00,89.03821043677625,89.1780116860987,89.13146799005534,89.15473983807702,239.0
2025-09-11 13:36:00+00:00,89.15473983807702,89.33770382039006,88.82157600341566,89.07963991190286,404.0
2025-09-11 13:37:00+00:00,89.07963991190286,89.04209407324632,88.95259114659322,88.99734260991977,349.0
2025-09-11 13:38:00+00:00,88.99734260991977,88.86829160750216,88.80779303003837,88.83804231877026,82.0
2025-09-11 13:39:00+00:00,88.83804231877026,88.96512718860394,88.42748679464854,88.69630699162624,201.0
2025-09-11 13:40:00+00:00,88.69630699162624,88.62139008292795,88.28537471260921,88.45338239776858,368.0
2025-09-11 13:41:00+00:00,88.45338239776858,88.74415881776383,88.35637949942085,88.55026915859234,464.0
2025-09-11 13:42:00+00:00,88.55026915859234,88.89883988711317,88.6828905701985,88.79086522865583,412.0
2025-09-11 13:43:00+00:00,88.79086522865583,88.98113553967788,88.98066964186386,88.98090259077087,451.0
2025-09-11 13:44:00+00:00,88.98090259077087,88.79103226466981,88.73723046784096,88.76413136625538,480.0
2025-09-11 13:45:00+00:00,88.76413136625538,89.23970789762181,88.48168309416597,88.86069549589389,452.0
2025-09-11 13:46:00+00:00,88.86069549589389,89.10183526974448,88.99906843668408,89.05045185321428,311.0
2025-09-11 13:47:00+00:00,89.05045185321428,89.16637180861589,88.81253629360565,88.98945405111077,201.0
2025-09-11 13:48:00+00:00,88.98945405111077,89.08717975579191,88.91881366158441,89.00299670868816,278.0
2025-09-11 13:49:00+00:00,89.00299670868816,88.78519135682211,88.68548311683239,88.73533723682725,408.0
2025-09-11 13:50:00+00:00,88.73533723682725,88.80689003305325,88.73480541900751,88.77084772603038,241.0
2025-09-11 13:51:00+00:00,88.77084772603038,88.65725045883029,88.60143150819711,88.6293409835137,423.0
2025-09-11 13:52:00+00:00,88.6293409835137,88.88428839808806,88.42748207751082,88.65588523779944,365.0
2025-09-11 13:53:00+00:00,88.65588523779944,88.4565503055659,88.44047650253422,88.44851340405006,144.0
2025-09-11 13:54:00+00:00,88.44851340405006,88.74055503718084,88.30057544268696,88.5205652399339,464.0
2025-09-11 13:55:00+00:00,88.5205652399339,88.88968997379948,88.42372099196174,88.65670548288061,430.0
2025-09-11 13:56:00+00:00,88.65670548288061,88.63551879312436,88.46971203942437,88.55261541627436,319.0
2025-09-11 13:57:00+00:00,88.55261541627436,88.70707440216822,88.09638142030747,88.40172791123784,137.0
2025-09-11 13:58:00+00:00,88.40172791123784,88.32367319088462,87.90891774040745,88.11629546564603,152.0
2025-09-11 13:59:00+00:00,88.11629546564603,88.10142696880143,88.06075191141636,88.0810894401089,427.0
2025-09-11 14:00:00+00:00,88.0810894401089,88.19133482747574,87.817228786735,88.00428180710537,57.0
2025-09-11 14:01:00+00:00,88.00428180710537,87.82002751777225,87.77952302298345,87.79977527037785,267.0
2025-09-11 14:02:00+00:00,87.79977527037785,88.12382711982607,87.59508880739807,87.85945796361207,328.0
2025-09-11 14:03:00+00:00,87.85945796361207,88.02702946699148,87.57332401537425,87.80017674118287,154.0
2025-09-11 14:04:00+00:00,87.80017674118287,87.9785994842181,87.33863306022072,87.6586162722194,439.0
2025-09-11 14:05:00+00:00,87.6586162722194,87.819313606372,87.35214043092269,87.58572701864735,285.0
2025-09-11 14:06:00+00:00,87.58572701864735,88.02427312928286,87.42890016342729,87.72658664635507,79.0
2025-09-11 14:07:00+00:00,87.72658664635507,87.96689333773453,87.64503253261604,87.80596293517529,194.0
2025-09-11 14:08:00+00:00,87.80596293517529,87.89116241542916,87.68651560425519,87.78883900984218,228.0
2025-09-11 14:09:00+00:00,87.78883900984218,88.05411799877056,87.68668728626038,87.87040264251547,150.0
2025-09-11 14:10:00+00:00,87.87040264251547,87.88408213451203,87.55096004769507,87.71752109110355,473.0
2025-09-11 14:11:00+00:00,87.71752109110355,87.9468046817174,87.49675598227583,87.72178033199661,212.0
2025-09-11 14:12:00+00:00,87.72178033199661,87.74977230016853,87.73256277925864,87.74116753971359,275.0
2025-09-11 14:13:00+00:00,87.74116753971359,87.69093824017115,87.66776839681442,87.67935331849279,290.0
2025-09-11 14:14:00+00:00,87.67935331849279,88.2472276498093,87.22605851994365,87.73664308487648,149.0
2025-09-11 14:15:00+00:00,87.73664308487648,87.77211097751231,87.49587754716387,87.63399426233809,305.0
2025-09-11 14:16:00+00:00,87.63399426233809,87.83103207237104,87.57104058986326,87.70103633111715,209.0
2025-09-11 14:17:00+00:00,87.70103633111715,87.9239874108538,87.62334112214593,87.77366426649986,54.0
2025-09-11 14:18:00+00:00,87.77366426649986,87.85756858838768,86.92328867108337,87.39042862973552,233.0
2025-09-11 14:19:00+00:00,87.39042862973552,87.90327274282298,87.18992724806414,87.54659999544356,312.0
2025-09-11 14:20:00+00:00,87.54659999544356,87.33084866541137,86.96374849485068,87.14729858013102,102.0
2025-09-11 14:21:00+00:00,87.14729858013102,87.11837004829249,87.01524048005811,87.0668052641753,400.0
2025-09-11 14:22:00+00:00,87.0668052641753,87.29174504967489,87.10989287474351,87.2008189622092,347.0
2025-09-11 14:23:00+00:00,87.2008189622092,87.23183446810394,87.08682021812719,87.15932734311556,189.0
2025-09-11 14:24:00+00:00,87.15932734311556,87.25141599109995,86.68428460894708,86.96785030002351,316.0
2025-09-11 14:25:00+00:00,86.96785030002351,87.1300345546112,86.52054011583368,86.82528733522244,186.0
2025-09-11 14:26:00+00:00,86.82528733522244,87.26840449718088,86.64986044931831,86.9591324732496,341.0
2025-09-11 14:27:00+00:00,86.9591324732496,86.75225533686222,86.66545421969067,86.70885477827645,119.0
2025-09-11 14:28:00+00:00,86.70885477827645,87.08291065534853,86.62872828996377,86.85581947265615,324.0
2025-09-11 14:29:00+00:00,86.85581947265615,86.85519464692149,86.84208707783279,86.84864086237714,74.0
2025-09-11 14:30:00+00:00,86.84864086237714,86.90571045661362,86.4811751955507,86.69344282608216,57.0
2025-09-11 14:31:00+00:00,86.69344282608216,86.90969538096968,86.32559981732294,86.61764759914631,164.0
2025-09-11 14:32:00+00:00,86.61764759914631,86.53531304620734,86.43585497225675,86.48558400923204,128.0
2025-09-11 14:33:00+00:00,86.48558400923204,86.76192420991278,86.43413786072192,86.59803103531735,270.0
2025-09-11 14:34:00+00:00,86.59803103531735,86.73770388853352,86.64874316399577,86.69322352626465,124.0
2025-09-11 14:35:00+00:00,86.69322352626465,86.77291063300933,86.1669935649455,86.46995209897742,160.0
2025-09-11 14:36:00+00:00,86.46995209897742,86.59327158794501,86.2419685209398,86.41762005444241,94.0
2025-09-11 14:37:00+00:00,86.41762005444241,86.33073227006696,86.28086929943194,86.30580078474945,449.0
2025-09-11 14:38:00+00:00,86.30580078474945,86.51445897036243,86.43237995956963,86.47341946496603,380.0
2025-09-11 14:39:00+00:00,86.47341946496603,86.60938195914804,85.98756831655464,86.29847513785134,147.0
2025-09-11 14:40:00+00:00,86.29847513785134,86.6010692510551,86.41170871267175,86.50638898186342,104.0
2025-09-11 14:41:00+00:00,86.50638898186342,86.65903039233328,86.34510716409233,86.5020687782128,432.0
2025-09-11 14:42:00+00:00,86.5020687782128,86.46968592998286,86.23318505189548,86.35143549093917,350.0
2025-09-11 14:43:00+00:00,86.35143549093917,86.30527480133523,86.22223447756059,86.26375463944791,448.0
2025-09-11 14:44:00+00:00,86.26375463944791,86.17968485852394,86.14049714045903,86.16009099949149,130.0
2025-09-11 14:45:00+00:00,86.16009099949149,86.174107222937,85.81692581827916,85.99551652060808,211.0
2025-09-11 14:46:00+00:00,85.99551652060808,86.4427519415008,85.57274689403258,86.00774941776669,103.0
2025-09-11 14:47:00+00:00,86.00774941776669,85.96986849666371,85.72909118190253,85.84947983928312,240.0
2025-09-11 14:48:00+00:00,85.84947983928312,85.64613847919219,85.49218857279541,85.5691635259938,123.0
2025-09-11 14:49:00+00:00,85.5691635259938,85.54957668067429,85.4913123260839,85.5204445033791,51.0
2025-09-11 14:50:00+00:00,85.5204445033791,85.54525879723141,85.03371188039483,85.28948533881312,278.0
2025-09-11 14:51:00+00:00,85.28948533881312,85.6097984226014,84.776826541629,85.1933124821152,490.0
2025-09-11 14:52:00+00:00,85.1933124821152,85.23872243810263,84.9157124162318,85.07721742716721,340.0
2025-09-11 14:53:00+00:00,85.07721742716721,85.25977758301532,84.67244058444847,84.9661090837319,390.0
2025-09-11 14:54:00+00:00,84.9661090837319,85.38487742026393,85.05814909269978,85.22151325648186,415.0
2025-09-11 14:55:00+00:00,85.22151325648186,85.59305611298016,84.86439344755307,85.22872478026662,487.0
2025-09-11 14:56:00+00:00,85.22872478026662,85.65460945378601,84.8655896283081,85.26009954104705,107.0
2025-09-11 14:57:00+00:00,85.26009954104705,85.23541969433066,84.83101651722333,85.033218105777,162.0
2025-09-11 14:58:00+00:00,85.033218105777,85.09986333130448,84.79982890760144,84.94984611945296,327.0
2025-09-11 14:59:00+00:00,84.94984611945296,85.02088562009594,84.93368525581708,84.97728543795651,419.0
2025-09-11 15:00:00+00:00,84.97728543795651,84.85556154395418,84.83802486530625,84.84679320463022,398.0
2025-09-11 15:01:00+00:00,84.84679320463022,85.03419999005743,84.89068256792393,84.96244127899068,377.0
2025-09-11 15:02:00+00:00,84.96244127899068,84.94102318813157,84.67758360635943,84.8093033972455,190.0
2025-09-11 15:03:00+00:00,84.8093033972455,84.92554639850282,84.62021650462815,84.77288145156548,214.0
2025-09-11 15:04:00+00:00,84.77288145156548,84.73885823974535,84.65792629614145,84.6983922679434,85.0
2025-09-11 15:05:00+00:00,84.6983922679434,85.21809207613693,84.22045069284194,84.71927138448943,191.0
2025-09-11 15:06:00+00:00,84.71927138448943,85.00251454382088,84.27332084037168,84.63791769209628,120.0
2025-09-11 15:07:00+00:00,84.63791769209628,84.6501651912613,84.55690054828733,84.60353286977431,472.0
2025-09-11 15:08:00+00:00,84.60353286977431,84.66989717842549,84.47724685379441,84.57357201610995,91.0
2025-09-11 15:09:00+00:00,84.57357201610995,84.78834483903957,84.17257239635957,84.48045861769957,213.0
2025-09-11 15:10:00+00:00,84.48045861769957,84.60542090015758,84.47848393266202,84.5419524164098,449.0
2025-09-11 15:11:00+00:00,84.5419524164098,84.87756681976902,84.26681028024672,84.57218855000787,480.0
2025-09-11 15:12:00+00:00,84.57218855000787,84.82345420020285,84.29844156810726,84.56094788415506,219.0
2025-09-11 15:13:00+00:00,84.56094788415506,85.01284951672736,83.99988160439298,84.50636556056017,259.0
2025-09-11 15:14:00+00:00,84.50636556056017,84.83733937235665,84.3774515599625,84.60739546615957,285.0
2025-09-11 15:15:00+00:00,84.60739546615957,84.62170532196235,84.53323623348778,84.57747077772507,419.0
2025-09-11 15:16:00+00:00,84.57747077772507,84.83975562811062,84.23738478206573,84.53857020508818,395.0
2025-09-11 15:17:00+00:00,84.53857020508818,84.7988723601787,84.30482117115278,84.55184676566574,285.0
2025-09-11 15:18:00+00:00,84.55184676566574,84.82845785683196,84.70613234383697,84.76729510033447,217.0
2025-09-11 15:19:00+00:00,84.76729510033447,84.90248702235284,84.29159048856765,84.59703875546025,217.0
2025-09-11 15:20:00+00:00,84.59703875546025,85.09011226260826,84.29946094462322,84.69478660361574,342.0
2025-09-11 15:21:00+00:00,84.69478660361574,84.57294830223903,84.33628207367282,84.45461518795592,425.0
2025-09-11 15:22:00+00:00,84.45461518795592,84.59454271292408,84.3697457973981,84.48214425516109,84.0
2025-09-11 15:23:00+00:00,84.48214425516109,85.09887464439706,84.2650849402637,84.68197979233038,395.0
2025-09-11 15:24:00+00:00,84.68197979233038,85.0794399053208,84.40870944384342,84.74407467458211,266.0
2025-09-11 15:25:00+00:00,84.74407467458211,85.10687067337535,84.42466262053519,84.76576664695527,115.0
2025-09-11 15:26:00+00:00,84.76576664695527,84.81299648638482,84.57607591084637,84.6945361986156,93.0
2025-09-11 15:27:00+00:00,84.6945361986156,84.79313313798163,84.6038280276782,84.69848058282992,201.0
2025-09-11 15:28:00+00:00,84.69848058282992,84.92511960180397,84.40780565799346,84.66646262989872,161.0
2025-09-11 15:29:00+00:00,84.66646262989872,84.79669280902625,84.336712510076,84.56670265955113,96.0
2025-09-11 15:30:00+00:00,84.56670265955113,84.61521421458627,84.44466561566281,84.52993991512454,182.0
2025-09-11 15:31:00+00:00,84.52993991512454,84.79023071282755,84.31996404596482,84.55509737939619,425.0
2025-09-11 15:32:00+00:00,84.55509737939619,84.61415222848026,84.30153813027837,84.45784517937932,372.0
2025-09-11 15:33:00+00:00,84.45784517937932,84.49557419975693,84.21594917043947,84.3557616850982,144.0
2025-09-11 15:34:00+00:00,84.3557616850982,84.4391151498969,83.92852604843549,84.1838205991662,353.0
2025-09-11 15:35:00+00:00,84.1838205991662,84.34432174811008,84.12202654939688,84.23317414875348,253.0
2025-09-11 15:36:00+00:00,84.23317414875348,84.37306661213054,84.23114098898137,84.30210380055595,386.0
2025-09-11 15:37:00+00:00,84.30210380055595,84.38987705942203,84.27292911077767,84.33140308509985,161.0
2025-09-11 15:38:00+00:00,84.33140308509985,84.46080569738974,84.44635986208714,84.45358277973844,77.0
2025-09-11 15:39:00+00:00,84.45358277973844,84.61172702990946,84.31770220701331,84.46471461846139,190.0
2025-09-11 15:40:00+00:00,84.46471461846139,84.74309634927855,84.28569537402305,84.5143958616508,497.0
2025-09-11 15:41:00+00:00,84.5143958616508,84.61847125664409,84.48737393352278,84.55292259508343,300.0
2025-09-11 15:42:00+00:00,84.55292259508343,84.76201317963263,84.32061367609712,84.54131342786488,74.0
2025-09-11 15:43:00+00:00,84.54131342786488,84.49009567537553,84.45795564055089,84.47402565796321,488.0
2025-09-11 15:44:00+00:00,84.47402565796321,84.85477447205659,84.65532482686785,84.75504964946222,421.0
2025-09-11 15:45:00+00:00,84.75504964946222,85.00691129042809,84.38831156857583,84.69761142950196,294.0
2025-09-11 15:46:00+00:00,84.69761142950196,84.80144901152632,84.42466356170617,84.61305628661624,383.0
2025-09-11 15:47:00+00:00,84.61305628661624,84.82038914266653,84.51592799193196,84.66815856729924,133.0
2025-09-11 15:48:00+00:00,84.66815856729924,84.74415711104119,84.65614425754042,84.7001506842908,316.0
2025-09-11 15:49:00+00:00,84.7001506842908,84.68266951478347,84.36104951134834,84.5218595130659,460.0
2025-09-11 15:50:00+00:00,84.5218595130659,84.8139685072434,84.51466291139866,84.66431570932103,247.0
2025-09-11 15:51:00+00:00,84.66431570932103,84.9920499361479,84.31265841480452,84.6523541754762,67.0
2025-09-11 15:52:00+00:00,84.6523541754762,84.84516787141406,84.17764662065021,84.51140724603214,390.0
2025-09-11 15:53:00+00:00,84.51140724603214,84.73290985182467,84.59157097766479,84.66224041474473,378.0
2025-09-11 15:54:00+00:00,84.66224041474473,84.77894716363662,84.70452154730054,84.74173435546858,382.0
2025-09-11 15:55:00+00:00,84.74173435546858,84.88873610276812,84.27355886304156,84.58114748290484,341.0
2025-09-11 15:56:00+00:00,84.58114748290484,84.93556378295771,84.6782812724967,84.80692252772721,111.0
2025-09-11 15:57:00+00:00,84.80692252772721,84.97588211173058,84.80565751977781,84.8907698157542,101.0
2025-09-11 15:58:00+00:00,84.8907698157542,84.97293862867934,84.80600435437228,84.88947149152581,406.0
2025-09-11 15:59:00+00:00,84.88947149152581,85.12451226107532,85.05989261146345,85.09220243626939,434.0
2025-09-11 16:00:00+00:00,85.09220243626939,85.25330900835858,84.97176572075806,85.11253736455832,85.0
2025-09-11 16:01:00+00:00,85.11253736455832,85.42339485460394,84.79450936020402,85.10895210740398,311.0
2025-09-11 16:02:00+00:00,85.10895210740398,85.12847129250713,84.92092403305256,85.02469766277984,275.0
2025-09-11 16:03:00+00:00,85.02469766277984,85.27064879968339,84.92722628427168,85.09893754197753,207.0
2025-09-11 16:04:00+00:00,85.09893754197753,85.17991835187289,85.13967545397202,85.15979690292245,340.0
2025-09-11 16:05:00+00:00,85.15979690292245,85.18807553993125,85.13526878040159,85.16167216016642,461.0
2025-09-11 16:06:00+00:00,85.16167216016642,85.31913009213822,84.80250408635506,85.06081708924664,419.0
2025-09-11 16:07:00+00:00,85.06081708924664,85.20509404922781,84.94969917910235,85.07739661416508,118.0
2025-09-11 16:08:00+00:00,85.07739661416508,85.23168049210456,84.90529877184828,85.06848963197642,258.0
2025-09-11 16:09:00+00:00,85.06848963197642,84.90738817817193,84.88962126612263,84.89850472214728,471.0
2025-09-11 16:10:00+00:00,84.89850472214728,85.02716073678158,84.39539819669099,84.71127946673629,156.0
2025-09-11 16:11:00+00:00,84.71127946673629,85.05673673226414,84.50950769330132,84.78312221278273,434.0
2025-09-11 16:12:00+00:00,84.78312221278273,84.49446143399017,84.41128409325104,84.4528727636206,270.0
2025-09-11 16:13:00+00:00,84.4528727636206,84.53429140345399,84.42350466946623,84.47889803646011,284.0
2025-09-11 16:14:00+00:00,84.47889803646011,84.52525493092972,84.31142078670675,84.41833785881823,162.0
2025-09-11 16:15:00+00:00,84.41833785881823,84.62231854954102,84.54600247924428,84.58416051439265,463.0
2025-09-11 16:16:00+00:00,84.58416051439265,84.87662979388325,84.16651878445045,84.52157428916685,287.0
2025-09-11 16:17:00+00:00,84.52157428916685,84.62182407077046,84.58862917703365,84.60522662390206,308.0
2025-09-11 16:18:00+00:00,84.60522662390206,84.64061778783315,84.46912248726127,84.55487013754721,258.0
2025-09-11 16:19:00+00:00,84.55487013754721,84.66647162221886,84.47212499561155,84.56929830891521,90.0
2025-09-11 16:20:00+00:00,84.56929830891521,84.91956814030307,84.4060730696175,84.66282060496029,401.0
2025-09-11 16:21:00+00:00,84.66282060496029,84.72181703038602,84.48638111232465,84.60409907135534,197.0
2025-09-11 16:22:00+00:00,84.60409907135534,84.9043628169897,84.55696235435312,84.73066258567141,158.0
2025-09-11 16:23:00+00:00,84.73066258567141,84.8367322481408,84.37219103973294,84.60446164393687,401.0
2025-09-11 16:24:00+00:00,84.60446164393687,84.91544676432302,84.36826465291593,84.64185570861947,139.0
2025-09-11 16:25:00+00:00,84.64185570861947,84.78603988225272,84.73211554294379,84.75907771259826,357.0
2025-09-11 16:26:00+00:00,84.75907771259826,85.08700670880359,84.59906433280821,84.8430355208059,263.0
2025-09-11 16:27:00+00:00,84.8430355208059,85.54510404915791,84.62945978544136,85.08728191729963,409.0
2025-09-11 16:28:00+00:00,85.08728191729963,85.41872968557576,84.56106875971855,84.98989922264715,72.0
2025-09-11 16:29:00+00:00,84.98989922264715,84.90443594921794,84.72408470207893,84.81426032564843,398.0
2025-09-11 16:30:00+00:00,84.81426032564843,84.71772658449558,84.65798125892769,84.68785392171164,153.0
2025-09-11 16:31:00+00:00,84.68785392171164,84.8928996259893,84.65068574960394,84.77179268779662,441.0
2025-09-11 16:32:00+00:00,84.77179268779662,84.9891342018329,84.68112793359471,84.8351310677138,209.0
2025-09-11 16:33:00+00:00,84.8351310677138,84.90624086133175,84.7900481414814,84.84814450140658,53.0
2025-09-11 16:34:00+00:00,84.84814450140658,84.91655308128657,84.49413406210675,84.70534357169666,269.0
2025-09-11 16:35:00+00:00,84.70534357169666,84.9128829419524,84.69278959854944,84.80283627025092,74.0
2025-09-11 16:36:00+00:00,84.80283627025092,85.01982572817627,84.2745575117747,84.64719161997549,171.0
2025-09-11 16:37:00+00:00,84.64719161997549,84.90519856311376,84.68374612118312,84.79447234214844,372.0
2025-09-11 16:38:00+00:00,84.79447234214844,85.57695930869217,84.74043032537004,85.1586948170311,302.0
2025-09-11 16:39:00+00:00,85.1586948170311,85.39745965862238,85.01357521445456,85.20551743653847,368.0
2025-09-11 16:40:00+00:00,85.20551743653847,85.66506235451752,84.8950898139444,85.28007608423096,445.0
2025-09-11 16:41:00+00:00,85.28007608423096,85.77332889189091,84.6607765190729,85.2170527054819,260.0
2025-09-11 16:42:00+00:00,85.2170527054819,85.10800299153944,84.86394702129878,84.98597500641911,294.0
2025-09-11 16:43:00+00:00,84.98597500641911,85.2266392127365,84.59171216505032,84.90917568889341,76.0
2025-09-11 16:44:00+00:00,84.90917568889341,84.77577267664996,84.76441626312793,84.77009446988895,179.0
2025-09-11 16:45:00+00:00,84.77009446988895,84.81068418070059,84.36191568676891,84.58629993373475,375.0
2025-09-11 16:46:00+00:00,84.58629993373475,84.95108088440313,84.65914821988957,84.80511455214635,77.0
2025-09-11 16:47:00+00:00,84.80511455214635,84.97255201665926,84.70711170753752,84.83983186209839,211.0
2025-09-11 16:48:00+00:00,84.83983186209839,84.94189677175031,84.83443236832521,84.88816457003776,111.0
2025-09-11 16:49:00+00:00,84.88816457003776,85.18376657363761,84.51388377879765,84.84882517621763,435.0
2025-09-11 16:50:00+00:00,84.84882517621763,84.91985323716233,84.73379909525167,84.826826166207,302.0
2025-09-11 16:51:00+00:00,84.826826166207,85.14841463983487,84.75087466586479,84.94964465284983,340.0
2025-09-11 16:52:00+00:00,84.94964465284983,85.40509582337911,84.48595260196014,84.94552421266962,357.0
2025-09-11 16:53:00+00:00,84.94552421266962,85.03135825834549,84.9949842339412,85.01317124614334,150.0
2025-09-11 16:54:00+00:00,85.01317124614334,85.07541059079901,84.90095040847524,84.98818049963712,72.0
2025-09-11 16:55:00+00:00,84.98818049963712,84.9920604454039,84.89708608138963,84.94457326339676,228.0
2025-09-11 16:56:00+00:00,84.94457326339676,84.96918012667138,84.56181527871473,84.76549770269305,133.0
2025-09-11 16:57:00+00:00,84.76549770269305,84.59171346025268,84.43709256606381,84.51440301315824,194.0
2025-09-11 16:58:00+00:00,84.51440301315824,84.49155488435454,84.47094690605013,84.48125089520234,193.0
2025-09-11 16:59:00+00:00,84.48125089520234,84.73791049499467,84.23891063578107,84.48841056538787,401.0
2025-09-11 17:00:00+00:00,84.48841056538787,84.80595245479873,83.84519367454027,84.3255730646695,193.0
2025-09-11 17:01:00+00:00,84.3255730646695,84.4454493805184,84.19697563606582,84.3212125082921,118.0
2025-09-11 17:02:00+00:00,84.3212125082921,84.39840111293496,84.25762189569745,84.32801150431621,481.0
2025-09-11 17:03:00+00:00,84.32801150431621,84.24744813822058,83.86402028924134,84.05573421373096,72.0
2025-09-11 17:04:00+00:00,84.05573421373096,84.0110553248373,83.86980698839234,83.94043115661482,141.0
2025-09-11 17:05:00+00:00,83.94043115661482,84.24946506460527,83.73398630155081,83.99172568307804,206.0
2025-09-11 17:06:00+00:00,83.99172568307804,84.2588298672774,83.82217900837048,84.04050443782394,78.0
2025-09-11 17:07:00+00:00,84.04050443782394,83.92353540517506,83.86685873340237,83.89519706928871,454.0
2025-09-11 17:08:00+00:00,83.89519706928871,84.0988587963673,83.73141917292455,83.91513898464592,208.0
2025-09-11 17:09:00+00:00,83.91513898464592,84.22632048050205,83.8615412882025,84.04393088435228,402.0
2025-09-11 17:10:00+00:00,84.04393088435228,84.16032937134646,84.12357142580599,84.14195039857623,110.0
2025-09-11 17:11:00+00:00,84.14195039857623,84.27569699711489,83.98415292296474,84.12992496003982,284.0
2025-09-11 17:12:00+00:00,84.12992496003982,84.20440118972624,83.93737773965276,84.0708894646895,106.0
2025-09-11 17:13:00+00:00,84.0708894646895,84.16749411764032,83.81563105768662,83.99156258766347,154.0
2025-09-11 17:14:00+00:00,83.99156258766347,84.05937879841949,84.0416664898178,84.05052264411864,233.0
2025-09-11 17:15:00+00:00,84.05052264411864,84.29501888016435,83.85522938023107,84.07512413019771,438.0
2025-09-11 17:16:00+00:00,84.07512413019771,84.5090095729395,83.80006531006626,84.15453744150288,187.0
2025-09-11 17:17:00+00:00,84.15453744150288,84.34622635685578,83.99614515848837,84.17118575767208,389.0
2025-09-11 17:18:00+00:00,84.17118575767208,84.38982262653049,84.15942489744303,84.27462376198676,91.0
2025-09-11 17:19:00+00:00,84.27462376198676,84.35620037238377,84.2169640987002,84.28658223554199,163.0
2025-09-11 17:20:00+00:00,84.28658223554199,84.6473830379146,84.12431444021105,84.38584873906282,321.0
2025-09-11 17:21:00+00:00,84.38584873906282,84.77264613209788,84.21965074763393,84.4961484398659,260.0
2025-09-11 17:22:00+00:00,84.4961484398659,84.40376417781461,84.38471750300506,84.39424084040984,275.0
2025-09-11 17:23:00+00:00,84.39424084040984,84.20157201242228,84.12973908884643,84.16565555063436,355.0
2025-09-11 17:24:00+00:00,84.16565555063436,84.44083341456769,84.28065645520923,84.36074493488846,84.0
2025-09-11 17:25:00+00:00,84.36074493488846,84.65467085406821,84.13178728606242,84.39322907006532,362.0
2025-09-11 17:26:00+00:00,84.39322907006532,84.45624281578824,83.89670000245457,84.1764714091214,438.0
2025-09-11 17:27:00+00:00,84.1764714091214,84.20617006521651,83.96660880414673,84.08638943468162,394.0
2025-09-11 17:28:00+00:00,84.08638943468162,84.40089598308595,83.96670801692412,84.18380200000503,178.0
2025-09-11 17:29:00+00:00,84.18380200000503,84.18770139104971,84.10928464572395,84.14849301838683,207.0
2025-09-11 17:30:00+00:00,84.14849301838683,84.1127767317645,84.05499134670465,84.08388403923458,482.0
2025-09-11 17:31:00+00:00,84.08388403923458,84.34890434147641,84.17261003809512,84.26075718978576,405.0
2025-09-11 17:32:00+00:00,84.26075718978576,84.20101564683269,84.05597094070855,84.12849329377062,469.0
2025-09-11 17:33:00+00:00,84.12849329377062,84.1501669720362,83.90549783557739,84.0278324038068,461.0
2025-09-11 17:34:00+00:00,84.0278324038068,84.17242550642133,83.93653479209856,84.05448014925994,245.0
2025-09-11 17:35:00+00:00,84.05448014925994,84.31019261684645,83.8972549790029,84.10372379792467,108.0
2025-09-11 17:36:00+00:00,84.10372379792467,84.37473138450817,83.95799573417581,84.16636355934199,152.0
2025-09-11 17:37:00+00:00,84.16636355934199,84.52733115366304,84.03564006220445,84.28148560793375,182.0
2025-09-11 17:38:00+00:00,84.28148560793375,84.34581413646454,84.26737406152897,84.30659409899675,425.0
2025-09-11 17:39:00+00:00,84.30659409899675,84.6836533801047,84.05335513838166,84.36850425924318,174.0
2025-09-11 17:40:00+00:00,84.36850425924318,84.35989989002432,84.31151408882674,84.33570698942553,212.0
2025-09-11 17:41:00+00:00,84.33570698942553,84.38463116872641,84.30264667328244,84.34363892100443,433.0
2025-09-11 17:42:00+00:00,84.34363892100443,84.59863306038744,84.11585644836296,84.3572447543752,123.0
2025-09-11 17:43:00+00:00,84.3572447543752,84.46044192097835,84.30849162867702,84.38446677482769,348.0
2025-09-11 17:44:00+00:00,84.38446677482769,84.77997594393837,84.1846420435083,84.48230899372334,298.0
2025-09-11 17:45:00+00:00,84.48230899372334,84.68105875176018,84.42431780080075,84.55268827628046,493.0
2025-09-11 17:46:00+00:00,84.55268827628046,84.5933787087477,84.52321421516307,84.55829646195538,270.0
2025-09-11 17:47:00+00:00,84.55829646195538,84.80322079494952,84.10824169168787,84.4557312433187,284.0
2025-09-11 17:48:00+00:00,84.4557312433187,84.53852010454929,84.3900889290712,84.46430451681024,432.0
2025-09-11 17:49:00+00:00,84.46430451681024,84.47268680820751,84.44882286644928,84.4607548373284,496.0
2025-09-11 17:50:00+00:00,84.4607548373284,84.59430622896927,84.37615932453055,84.48523277674991,378.0
2025-09-11 17:51:00+00:00,84.48523277674991,84.8482951833039,84.6823533147974,84.76532424905065,364.0
2025-09-11 17:52:00+00:00,84.76532424905065,84.86846451522439,84.52904298323134,84.69875374922786,444.0
2025-09-11 17:53:00+00:00,84.69875374922786,84.91574914772211,84.58909440319762,84.75242177545987,490.0
2025-09-11 17:54:00+00:00,84.75242177545987,85.00257377537838,84.77415183241533,84.88836280389685,380.0
2025-09-11 17:55:00+00:00,84.88836280389685,84.90483822061549,84.89684688781102,84.90084255421326,181.0
2025-09-11 17:56:00+00:00,84.90084255421326,85.23060754370945,85.16757790863272,85.19909272617109,338.0
2025-09-11 17:57:00+00:00,85.19909272617109,85.19139338704554,85.11019364237359,85.15079351470956,156.0
2025-09-11 17:58:00+00:00,85.15079351470956,85.28235706705631,85.10203945232972,85.19219825969301,275.0
2025-09-11 17:59:00+00:00,85.19219825969301,85.1649337840918,85.01542894505835,85.09018136457507,250.0
2025-09-11 18:00:00+00:00,85.09018136457507,85.57850191741345,84.51215055494352,85.04532623617848,494.0
2025-09-11 18:01:00+00:00,85.04532623617848,85.24101579336751,84.91316053504558,85.07708816420654,299.0
2025-09-11 18:02:00+00:00,85.07708816420654,85.30398570765901,85.06633103808083,85.18515837286992,481.0
2025-09-11 18:03:00+00:00,85.18515837286992,85.92774589090119,84.52413680565336,85.22594134827727,413.0
2025-09-11 18:04:00+00:00,85.22594134827727,85.47693003794416,85.29718460299475,85.38705732046945,431.0
2025-09-11 18:05:00+00:00,85.38705732046945,85.66943423515681,85.08035571306763,85.37489497411222,126.0
2025-09-11 18:06:00+00:00,85.37489497411222,85.51213852473813,85.15259605473739,85.33236728973776,398.0
2025-09-11 18:07:00+00:00,85.33236728973776,85.8741047707047,85.48424785849964,85.67917631460217,163.0
2025-09-11 18:08:00+00:00,85.67917631460217,85.9246925197564,85.53502394880454,85.72985823428047,309.0
2025-09-11 18:09:00+00:00,85.72985823428047,85.68255221126482,85.59222091991869,85.63738656559175,268.0
2025-09-11 18:10:00+00:00,85.63738656559175,85.64230999912527,85.45419117143285,85.54825058527906,166.0
2025-09-11 18:11:00+00:00,85.54825058527906,85.77103596798777,85.08370231896386,85.42736914347581,493.0
2025-09-11 18:12:00+00:00,85.42736914347581,85.66860196927492,85.42633096565619,85.54746646746555,443.0
2025-09-11 18:13:00+00:00,85.54746646746555,85.70870016003833,85.29274366346625,85.5007219117523,308.0
2025-09-11 18:14:00+00:00,85.5007219117523,85.61004047604257,85.42407521907981,85.51705784756119,54.0
2025-09-11 18:15:00+00:00,85.51705784756119,85.60392154187164,85.41390170433965,85.50891162310565,132.0
2025-09-11 18:16:00+00:00,85.50891162310565,85.73362090014808,85.47195268968062,85.60278679491435,152.0
2025-09-11 18:17:00+00:00,85.60278679491435,85.75258237755858,85.23567828565282,85.4941303316057,487.0
2025-09-11 18:18:00+00:00,85.4941303316057,85.38506071854081,85.32755700825015,85.35630886339548,231.0
2025-09-11 18:19:00+00:00,85.35630886339548,85.7696147564931,85.00044820405148,85.38503148027229,71.0
2025-09-11 18:20:00+00:00,85.38503148027229,85.64374649250219,85.2803246544281,85.46203557346514,313.0
2025-09-11 18:21:00+00:00,85.46203557346514,85.54998828657902,85.4593607919479,85.50467453926346,477.0
2025-09-11 18:22:00+00:00,85.50467453926346,85.4546123766714,85.34722647181272,85.40091942424206,302.0
2025-09-11 18:23:00+00:00,85.40091942424206,85.517080512852,85.45842004580084,85.48775027932642,249.0
2025-09-11 18:24:00+00:00,85.48775027932642,85.6595327397887,85.12530121918654,85.39241697948762,129.0
2025-09-11 18:25:00+00:00,85.39241697948762,85.34485360422978,85.30642626549125,85.32563993486052,445.0
2025-09-11 18:26:00+00:00,85.32563993486052,85.25202570616815,85.15779483298647,85.20491026957731,97.0
2025-09-11 18:27:00+00:00,85.20491026957731,85.46017467276546,85.28256588798645,85.37137028037596,470.0
2025-09-11 18:28:00+00:00,85.37137028037596,85.52466130748438,85.38038454157463,85.4525229245295,150.0
2025-09-11 18:29:00+00:00,85.4525229245295,85.53466151708317,85.52554935759979,85.53010543734148,112.0
2025-09-11 18:30:00+00:00,85.53010543734148,85.85601105372389,85.52452173245176,85.69026639308782,206.0
2025-09-11 18:31:00+00:00,85.69026639308782,86.19521138077342,85.90989880724753,86.05255509401047,52.0
2025-09-11 18:32:00+00:00,86.05255509401047,85.86808060700142,85.79634492427911,85.83221276564026,56.0
2025-09-11 18:33:00+00:00,85.83221276564026,86.03025316268268,85.44414813273421,85.73720064770845,133.0
2025-09-11 18:34:00+00:00,85.73720064770845,86.04146785925661,85.27451927510384,85.65799356718023,361.0
2025-09-11 18:35:00+00:00,85.65799356718023,85.57909053492341,85.51839755132949,85.54874404312645,416.0
2025-09-11 18:36:00+00:00,85.54874404312645,85.42784829469095,85.39330550132426,85.4105768980076,161.0
2025-09-11 18:37:00+00:00,85.4105768980076,85.44529960483978,85.29909082104145,85.37219521294061,340.0
2025-09-11 18:38:00+00:00,85.37219521294061,85.32059296825311,85.11248920846741,85.21654108836026,208.0
2025-09-11 18:39:00+00:00,85.21654108836026,85.58849215341588,84.93026500510173,85.25937857925881,244.0
2025-09-11 18:40:00+00:00,85.25937857925881,85.56144659034894,84.97053438117453,85.26599048576173,200.0
2025-09-11 18:41:00+00:00,85.26599048576173,85.42233325029794,85.23273828010996,85.32753576520395,451.0
2025-09-11 18:42:00+00:00,85.32753576520395,85.41549462342475,85.36959606436623,85.39254534389549,280.0
2025-09-11 18:43:00+00:00,85.39254534389549,85.60210847588512,85.33752896615486,85.46981872101999,277.0
2025-09-11 18:44:00+00:00,85.46981872101999,85.43771904134378,85.40619962746526,85.42195933440452,436.0
2025-09-11 18:45:00+00:00,85.42195933440452,85.73493300083844,85.65342801534065,85.69418050808954,345.0
2025-09-11 18:46:00+00:00,85.69418050808954,85.79677963102466,85.65186013018098,85.72431988060282,117.0
2025-09-11 18:47:00+00:00,85.72431988060282,85.57944485217114,85.39088264099261,85.48516374658188,134.0
2025-09-11 18:48:00+00:00,85.48516374658188,85.41055907471585,85.30289681395274,85.3567279443343,203.0
2025-09-11 18:49:00+00:00,85.3567279443343,85.17763857765244,85.09070767946072,85.13417312855658,94.0
2025-09-11 18:50:00+00:00,85.13417312855658,85.26471629713615,85.00805732549469,85.13638681131542,361.0
2025-09-11 18:51:00+00:00,85.13638681131542,85.2525867813723,84.98907951310944,85.12083314724087,272.0
2025-09-11 18:52:00+00:00,85.12083314724087,85.21205732655608,84.91003262530072,85.0610449759284,69.0
2025-09-11 18:53:00+00:00,85.0610449759284,85.5113212799288,85.12469781688189,85.31800954840534,230.0
2025-09-11 18:54:00+00:00,85.31800954840534,85.51052189933397,85.26606944662835,85.38829567298116,423.0
2025-09-11 18:55:00+00:00,85.38829567298116,85.59437985535835,85.3683137233263,85.48134678934233,458.0
2025-09-11 18:56:00+00:00,85.48134678934233,85.59082732527823,85.13326466177422,85.36204599352622,482.0
2025-09-11 18:57:00+00:00,85.36204599352622,85.45063116193263,85.01778530913727,85.23420823553495,465.0
2025-09-11 18:58:00+00:00,85.23420823553495,85.44541644848435,85.03241154510273,85.23891399679354,323.0
2025-09-11 18:59:00+00:00,85.23891399679354,85.41001310807525,85.11206144858494,85.2610372783301,467.0
2025-09-11 19:00:00+00:00,85.2610372783301,85.2908102629023,84.75711158231051,85.0239609226064,480.0
2025-09-11 19:01:00+00:00,85.0239609226064,85.12221861166684,84.8797182006001,85.00096840613347,335.0
2025-09-11 19:02:00+00:00,85.00096840613347,85.04274425609368,84.96278101606116,85.00276263607742,235.0
2025-09-11 19:03:00+00:00,85.00276263607742,85.1903284095182,84.76034089436644,84.97533465194232,484.0
2025-09-11 19:04:00+00:00,84.97533465194232,85.04845569561476,84.69498568440596,84.87172069001036,236.0
2025-09-11 19:05:00+00:00,84.87172069001036,84.98257612247573,84.62354699327864,84.80306155787719,124.0
2025-09-11 19:06:00+00:00,84.80306155787719,84.93718787241323,84.62394660785642,84.78056724013483,97.0
2025-09-11 19:07:00+00:00,84.78056724013483,84.90606087050223,84.6781694150777,84.79211514278997,305.0
2025-09-11 19:08:00+00:00,84.79211514278997,84.88468598006096,84.85345878211311,84.86907238108704,65.0
2025-09-11 19:09:00+00:00,84.86907238108704,85.11821980953306,84.89534194741216,85.00678087847261,103.0
2025-09-11 19:10:00+00:00,85.00678087847261,85.14237517509137,84.79613849344064,84.969256834266,160.0
2025-09-11 19:11:00+00:00,84.969256834266,85.18495620552181,84.637319475601,84.91113784056141,288.0
2025-09-11 19:12:00+00:00,84.91113784056141,85.12935652159312,84.80444128540934,84.96689890350123,265.0
2025-09-11 19:13:00+00:00,84.96689890350123,85.19219175437469,84.89738220280661,85.04478697859065,280.0
2025-09-11 19:14:00+00:00,85.04478697859065,84.99787848405634,84.98095209060062,84.98941528732848,278.0
2025-09-11 19:15:00+00:00,84.98941528732848,85.15407982318021,85.0263955002404,85.0902376617103,497.0
2025-09-11 19:16:00+00:00,85.0902376617103,85.45571149051612,84.97500708731455,85.21535928891534,147.0
2025-09-11 19:17:00+00:00,85.21535928891534,85.41854659644083,85.3427066671512,85.38062663179602,263.0
2025-09-11 19:18:00+00:00,85.38062663179602,85.69760634150579,85.51975744489674,85.60868189320126,325.0
2025-09-11 19:19:00+00:00,85.60868189320126,85.70109379127364,85.29389629674436,85.497495044009,173.0
2025-09-11 19:20:00+00:00,85.497495044009,85.81543936731433,85.18311554411261,85.49927745571347,131.0
2025-09-11 19:21:00+00:00,85.49927745571347,85.83498964826639,85.16645799236476,85.50072382031557,70.0
2025-09-11 19:22:00+00:00,85.50072382031557,85.56752803203948,85.40876537556956,85.48814670380452,196.0
2025-09-11 19:23:00+00:00,85.48814670380452,85.4230996317005,85.38676198139487,85.40493080654768,164.0
2025-09-11 19:24:00+00:00,85.40493080654768,85.40130273560885,85.0283596816351,85.21483120862197,138.0
2025-09-11 19:25:00+00:00,85.21483120862197,85.36532942714456,85.0880276271152,85.22667852712988,172.0
2025-09-11 19:26:00+00:00,85.22667852712988,85.14245820727713,85.11455881057763,85.12850850892738,363.0
2025-09-11 19:27:00+00:00,85.12850850892738,85.26227926507629,85.01670065952074,85.13948996229851,422.0
2025-09-11 19:28:00+00:00,85.13948996229851,85.07702962122578,84.9992576509829,85.03814363610434,282.0
2025-09-11 19:29:00+00:00,85.03814363610434,85.06505166486671,84.73092813963824,84.89798990225248,79.0
2025-09-11 19:30:00+00:00,84.89798990225248,84.95206173059088,84.9036029408498,84.92783233572034,381.0
2025-09-11 19:31:00+00:00,84.92783233572034,85.21521189024702,84.67890944835702,84.94706066930202,118.0
2025-09-11 19:32:00+00:00,84.94706066930202,85.13556407671128,84.90624632009421,85.02090519840274,75.0
2025-09-11 19:33:00+00:00,85.02090519840274,85.49997625128387,85.10028151080218,85.30012888104302,305.0
2025-09-11 19:34:00+00:00,85.30012888104302,85.53151035429077,85.13972066512694,85.33561550970886,241.0
2025-09-11 19:35:00+00:00,85.33561550970886,85.46998861303756,85.3254718504728,85.39773023175518,190.0
2025-09-11 19:36:00+00:00,85.39773023175518,85.48628830131275,85.03333127384519,85.25980978757897,485.0
2025-09-11 19:37:00+00:00,85.25980978757897,85.33421144637913,84.85656117680276,85.09538631159094,91.0
2025-09-11 19:38:00+00:00,85.09538631159094,85.44219399900372,85.1531331394528,85.29766356922826,74.0
2025-09-11 19:39:00+00:00,85.29766356922826,85.26070907195978,85.09846966022101,85.1795893660904,314.0
2025-09-11 19:40:00+00:00,85.1795893660904,85.29517580039891,84.7974435091111,85.046309654755,238.0
2025-09-11 19:41:00+00:00,85.046309654755,85.39564853451068,84.68699541063884,85.04132197257476,410.0
2025-09-11 19:42:00+00:00,85.04132197257476,85.03861102108185,85.02102423431315,85.0298176276975,68.0
2025-09-11 19:43:00+00:00,85.0298176276975,85.3049150030723,84.52465612228724,84.91478556267977,238.0
2025-09-11 19:44:00+00:00,84.91478556267977,84.93741322730185,84.81448545901438,84.87594934315811,115.0
2025-09-11 19:45:00+00:00,84.87594934315811,85.26618808979194,84.79903269407365,85.03261039193279,68.0
2025-09-11 19:46:00+00:00,85.03261039193279,85.12991717178959,84.72982062902854,84.92986890040906,258.0
2025-09-11 19:47:00+00:00,84.92986890040906,84.84154033722285,84.6634751037125,84.75250772046768,380.0
2025-09-11 19:48:00+00:00,84.75250772046768,85.36928614100678,84.3755603267697,84.87242323388824,120.0
2025-09-11 19:49:00+00:00,84.87242323388824,85.17327619591035,84.69696385992538,84.93512002791786,429.0
2025-09-11 19:50:00+00:00,84.93512002791786,84.95510200675167,84.75710013902011,84.85610107288589,283.0
2025-09-11 19:51:00+00:00,84.85610107288589,84.93271619602642,84.37719393572768,84.65495506587705,266.0
2025-09-11 19:52:00+00:00,84.65495506587705,84.65071139849657,84.47019613437787,84.56045376643722,465.0
2025-09-11 19:53:00+00:00,84.56045376643722,84.74512585458447,84.36190475163579,84.55351530311013,198.0
2025-09-11 19:54:00+00:00,84.55351530311013,84.8076435543675,84.59533072508543,84.70148713972647,140.0
2025-09-11 19:55:00+00:00,84.70148713972647,84.77475003367807,84.36502881209135,84.56988942288471,403.0
2025-09-11 19:56:00+00:00,84.56988942288471,84.65941041165178,84.4589262822621,84.55916834695694,98.0
2025-09-11 19:57:00+00:00,84.55916834695694,84.84922381790054,84.44046864167962,84.64484622979008,442.0
2025-09-11 19:58:00+00:00,84.64484622979008,84.36438419393205,84.32170089678253,84.34304254535729,421.0
2025-09-11 19:59:00+00:00,84.34304254535729,84.49549300132993,84.45237301829131,84.47393300981062,489.0
2025-09-11 20:00:00+00:00,84.47393300981062,84.38874660494899,84.25972625509901,84.324236430024,257.0
2025-09-11 20:01:00+00:00,84.324236430024,84.71938827044633,84.0130913047056,84.36623978757596,329.0
2025-09-11 20:02:00+00:00,84.36623978757596,84.54925280197713,84.24567351513636,84.39746315855675,447.0
2025-09-11 20:03:00+00:00,84.39746315855675,84.82894100819242,84.24081782805878,84.5348794181256,109.0
2025-09-11 20:04:00+00:00,84.5348794181256,84.82500128717487,84.38453227342146,84.60476678029816,187.0
2025-09-11 20:05:00+00:00,84.60476678029816,84.31894742230786,84.28827036334523,84.30360889282655,262.0
2025-09-11 20:06:00+00:00,84.30360889282655,84.45348448128803,83.95537091212967,84.20442769670885,332.0
2025-09-11 20:07:00+00:00,84.20442769670885,84.46009831396957,83.98367314997394,84.22188573197175,355.0
2025-09-11 20:08:00+00:00,84.22188573197175,84.28571837871775,84.10879556767932,84.19725697319853,465.0
2025-09-11 20:09:00+00:00,84.19725697319853,84.37452096011188,84.1406767510586,84.25759885558524,270.0
2025-09-11 20:10:00+00:00,84.25759885558524,84.4462470937259,84.26859918283762,84.35742313828176,127.0
2025-09-11 20:11:00+00:00,84.35742313828176,84.54842308205085,84.3204757457435,84.43444941389717,135.0
2025-09-11 20:12:00+00:00,84.43444941389717,84.53729219620757,84.27733879283912,84.40731549452335,410.0
2025-09-11 20:13:00+00:00,84.40731549452335,84.56580532481586,83.78193943283138,84.17387237882362,257.0
2025-09-11 20:14:00+00:00,84.17387237882362,84.21557697345789,84.01718820540741,84.11638258943265,334.0
2025-09-11 20:15:00+00:00,84.11638258943265,84.2881081037955,84.0497600401393,84.1689340719674,303.0
2025-09-11 20:16:00+00:00,84.1689340719674,84.17257919561258,83.89016866405267,84.03137392983263,415.0
2025-09-11 20:17:00+00:00,84.03137392983263,84.41819238171352,83.80377149653985,84.11098193912669,148.0
2025-09-11 20:18:00+00:00,84.11098193912669,84.32257566260647,84.12876200802988,84.22566883531817,126.0
2025-09-11 20:19:00+00:00,84.22566883531817,84.45583242838697,84.02756466040859,84.24169854439778,380.0
2025-09-11 20:20:00+00:00,84.24169854439778,83.97910282533529,83.7317766812506,83.85543975329294,245.0
2025-09-11 20:21:00+00:00,83.85543975329294,84.14719014748526,83.24247337919174,83.6948317633385,417.0
2025-09-11 20:22:00+00:00,83.6948317633385,83.98510534850699,83.87882162763292,83.93196348806995,107.0
2025-09-11 20:23:00+00:00,83.93196348806995,84.01836709204913,83.70800030765763,83.86318369985338,172.0
2025-09-11 20:24:00+00:00,83.86318369985338,83.85488988803213,83.3730299203395,83.61395990418582,482.0
2025-09-11 20:25:00+00:00,83.61395990418582,83.96749436692586,83.57056445331388,83.76902941011987,429.0
2025-09-11 20:26:00+00:00,83.76902941011987,83.86440915010223,83.67700605857974,83.77070760434098,78.0
2025-09-11 20:27:00+00:00,83.77070760434098,84.17168407043967,83.64764632429085,83.90966519736526,417.0
2025-09-11 20:28:00+00:00,83.90966519736526,83.95350696197136,83.9355564457619,83.94453170386663,79.0
2025-09-11 20:29:00+00:00,83.94453170386663,84.33023619124614,83.67434753745005,84.0022918643481,104.0
2025-09-11 20:30:00+00:00,84.0022918643481,84.16234789151447,83.93374157432031,84.04804473291739,454.0
2025-09-11 20:31:00+00:00,84.04804473291739,84.21941719977464,84.05263188386535,84.13602454181999,106.0
2025-09-11 20:32:00+00:00,84.13602454181999,84.74893776540233,84.09893614132048,84.4239369533614,185.0
2025-09-11 20:33:00+00:00,84.4239369533614,84.67511901842866,84.41886260696666,84.54699081269766,110.0
2025-09-11 20:34:00+00:00,84.54699081269766,84.56847766287574,84.12513988196342,84.34680877241958,318.0
2025-09-11 20:35:00+00:00,84.34680877241958,84.7780265272996,84.02865230865163,84.40333941797562,75.0
2025-09-11 20:36:00+00:00,84.40333941797562,84.72784422188106,84.36811656686332,84.54798039437219,179.0
2025-09-11 20:37:00+00:00,84.54798039437219,84.7415601180669,84.65973377878151,84.70064694842421,196.0
2025-09-11 20:38:00+00:00,84.70064694842421,84.72870309722916,84.56422432140721,84.64646370931818,341.0
2025-09-11 20:39:00+00:00,84.64646370931818,84.97625118185354,84.61276013552151,84.79450565868753,273.0
2025-09-11 20:40:00+00:00,84.79450565868753,84.96996759932837,84.85521038074894,84.91258899003866,136.0
2025-09-11 20:41:00+00:00,84.91258899003866,85.28881166686534,85.19294964994057,85.24088065840296,258.0
2025-09-11 20:42:00+00:00,85.24088065840296,85.19720408664993,85.09287264772057,85.14503836718525,256.0
2025-09-11 20:43:00+00:00,85.14503836718525,85.09066828761199,85.0698498319641,85.08025905978805,209.0
2025-09-11 20:44:00+00:00,85.08025905978805,85.05635208837175,85.02604990336461,85.04120099586818,290.0
2025-09-11 20:45:00+00:00,85.04120099586818,85.01350629399573,84.94387442833843,84.97869036116708,196.0
2025-09-11 20:46:00+00:00,84.97869036116708,84.99236582889687,84.73826789114027,84.86531686001857,200.0
2025-09-11 20:47:00+00:00,84.86531686001857,84.63166150532152,84.39706158616318,84.51436154574235,402.0
2025-09-11 20:48:00+00:00,84.51436154574235,84.48431153906404,84.43423243197071,84.45927198551738,163.0
2025-09-11 20:49:00+00:00,84.45927198551738,84.51553425169604,84.49662278797285,84.50607851983445,198.0
2025-09-11 20:50:00+00:00,84.50607851983445,84.53622630019737,84.35093625067012,84.44358127543374,113.0
2025-09-11 20:51:00+00:00,84.44358127543374,84.75766861360343,84.62049785704421,84.68908323532382,364.0
2025-09-11 20:52:00+00:00,84.68908323532382,85.0750164113944,84.3065484492946,84.6907824303445,367.0
2025-09-11 20:53:00+00:00,84.6907824303445,85.00990792023846,84.69998953550267,84.85494872787056,355.0
2025-09-11 20:54:00+00:00,84.85494872787056,84.94763592009099,84.82882303235354,84.88822947622226,125.0
2025-09-11 20:55:00+00:00,84.88822947622226,85.17543371917384,84.81161248952947,84.99352310435165,253.0
2025-09-11 20:56:00+00:00,84.99352310435165,85.37545437562558,84.68280791730187,85.02913114646373,181.0
2025-09-11 20:57:00+00:00,85.02913114646373,85.20790809961457,85.1998725860145,85.20389034281453,393.0
2025-09-11 20:58:00+00:00,85.20389034281453,85.24869683846654,85.17338319784002,85.21104001815328,201.0
2025-09-11 20:59:00+00:00,85.21104001815328,85.37749417503929,85.1714579478465,85.2744760614429,237.0
2025-09-11 21:00:00+00:00,85.2744760614429,85.32471290842896,85.31798151471013,85.32134721156955,254.0
2025-09-11 21:01:00+00:00,85.32134721156955,85.54356542036795,85.02535424405654,85.28445983221225,392.0
2025-09-11 21:02:00+00:00,85.28445983221225,85.37251250576199,85.30005473198437,85.33628361887318,366.0
2025-09-11 21:03:00+00:00,85.33628361887318,85.8233479313641,85.42220162313392,85.622774777249,418.0
2025-09-11 21:04:00+00:00,85.622774777249,85.6474096965993,85.52869753217463,85.58805361438696,242.0
2025-09-11 21:05:00+00:00,85.58805361438696,86.19001277463599,85.09383189585606,85.64192233524602,418.0
2025-09-11 21:06:00+00:00,85.64192233524602,86.0456197529919,85.56168577492231,85.8036527639571,441.0
2025-09-11 21:07:00+00:00,85.8036527639571,86.26509833024359,85.63597204054342,85.9505351853935,285.0
2025-09-11 21:08:00+00:00,85.9505351853935,86.13048171052662,85.77360978392818,85.9520457472274,355.0
2025-09-11 21:09:00+00:00,85.9520457472274,85.92773250464323,85.36288484923581,85.64530867693952,459.0
2025-09-11 21:10:00+00:00,85.64530867693952,86.00907408815976,85.41435424411824,85.711714166139,427.0
2025-09-11 21:11:00+00:00,85.711714166139,85.5705641899884,85.28310825766442,85.42683622382641,174.0
2025-09-11 21:12:00+00:00,85.42683622382641,85.71233349969786,85.51847082656873,85.6154021631333,372.0
2025-09-11 21:13:00+00:00,85.6154021631333,85.85923737739749,85.41510120298868,85.63716929019309,250.0
2025-09-11 21:14:00+00:00,85.63716929019309,86.0115578230023,85.51980117152124,85.76567949726177,116.0
2025-09-11 21:15:00+00:00,85.76567949726177,85.66352829032154,85.63587715126373,85.64970272079263,217.0
2025-09-11 21:16:00+00:00,85.64970272079263,85.98326567873076,84.91768848119005,85.45047707996041,490.0
2025-09-11 21:17:00+00:00,85.45047707996041,85.56193099952742,85.40588099422266,85.48390599687504,481.0
2025-09-11 21:18:00+00:00,85.48390599687504,85.9012031333462,85.05799141768037,85.47959727551329,403.0
2025-09-11 21:19:00+00:00,85.47959727551329,85.45007698893689,85.38311388416874,85.41659543655281,495.0
2025-09-11 21:20:00+00:00,85.41659543655281,85.71278138249885,85.14210530327055,85.4274433428847,307.0
2025-09-11 21:21:00+00:00,85.4274433428847,86.14667029997845,85.41893543586524,85.78280286792184,390.0
2025-09-11 21:22:00+00:00,85.78280286792184,86.1099055842921,85.67059844863378,85.89025201646294,124.0
2025-09-11 21:23:00+00:00,85.89025201646294,86.12987664260206,85.92126545938402,86.02557105099304,184.0
2025-09-11 21:24:00+00:00,86.02557105099304,86.35697821502238,85.912102261616,86.13454023831919,127.0
2025-09-11 21:25:00+00:00,86.13454023831919,86.59134184854963,86.06046151371649,86.32590168113306,471.0
2025-09-11 21:26:00+00:00,86.32590168113306,86.44521485587367,86.15737119719645,86.30129302653506,326.0
2025-09-11 21:27:00+00:00,86.30129302653506,86.07800233643889,85.99341702954797,86.03570968299343,469.0
2025-09-11 21:28:00+00:00,86.03570968299343,86.02263566100807,86.00011516359372,86.0113754123009,237.0
2025-09-11 21:29:00+00:00,86.0113754123009,86.23591990949797,85.99641399842952,86.11616695396374,231.0
2025-09-11 21:30:00+00:00,86.11616695396374,86.3902810956274,85.59168848080832,85.99098478821786,354.0
2025-09-11 21:31:00+00:00,85.99098478821786,86.24479149272305,85.69168645606153,85.96823897439229,305.0
2025-09-11 21:32:00+00:00,85.96823897439229,85.95402961454774,85.8041301868161,85.87907990068192,217.0
2025-09-11 21:33:00+00:00,85.87907990068192,86.18735053071997,85.9582242085843,86.07278736965213,192.0
2025-09-11 21:34:00+00:00,86.07278736965213,86.30332000883395,86.03588711242737,86.16960356063066,280.0
2025-09-11 21:35:00+00:00,86.16960356063066,86.54945045532351,85.95826798745706,86.25385922139029,83.0
2025-09-11 21:36:00+00:00,86.25385922139029,86.35695197286014,86.31168801650682,86.33431999468348,134.0
2025-09-11 21:37:00+00:00,86.33431999468348,86.78782767649685,85.8711649157232,86.32949629611002,69.0
2025-09-11 21:38:00+00:00,86.32949629611002,86.36741563792906,86.34274933906828,86.35508248849867,119.0
2025-09-11 21:39:00+00:00,86.35508248849867,86.24495198189416,86.15844562122089,86.20169880155753,139.0
2025-09-11 21:40:00+00:00,86.20169880155753,86.14160718551871,85.69729156787277,85.91944937669574,84.0
2025-09-11 21:41:00+00:00,85.91944937669574,85.97048180854867,85.90710596379142,85.93879388617005,74.0
2025-09-11 21:42:00+00:00,85.93879388617005,86.05817046030985,85.90296760806187,85.98056903418586,418.0
2025-09-11 21:43:00+00:00,85.98056903418586,86.42582133694343,85.84751956481362,86.13667045087853,132.0
2025-09-11 21:44:00+00:00,86.13667045087853,86.48487426109577,86.19499445231267,86.33993435670422,299.0
2025-09-11 21:45:00+00:00,86.33993435670422,86.66547119029127,86.42153744014468,86.54350431521797,94.0
2025-09-11 21:46:00+00:00,86.54350431521797,86.50183473197458,86.32625037819562,86.4140425550851,476.0
2025-09-11 21:47:00+00:00,86.4140425550851,86.46827412789067,86.26851316801212,86.3683936479514,157.0
2025-09-11 21:48:00+00:00,86.3683936479514,86.69760265253478,86.1636865945477,86.43064462354124,387.0
2025-09-11 21:49:00+00:00,86.43064462354124,86.76839463553037,86.75064530275819,86.75951996914428,338.0
2025-09-11 21:50:00+00:00,86.75951996914428,86.96954778236753,86.93515820477839,86.95235299357296,395.0
2025-09-11 21:51:00+00:00,86.95235299357296,87.19442380791908,87.00253011820949,87.09847696306429,333.0
2025-09-11 21:52:00+00:00,87.09847696306429,87.14855696371616,86.94709920586716,87.04782808479166,279.0
2025-09-11 21:53:00+00:00,87.04782808479166,87.22583278499775,86.63933426525327,86.93258352512551,397.0
2025-09-11 21:54:00+00:00,86.93258352512551,87.17648437082987,86.89454986447883,87.03551711765435,416.0
2025-09-11 21:55:00+00:00,87.03551711765435,87.04114874677953,86.74273273028172,86.89194073853062,220.0
2025-09-11 21:56:00+00:00,86.89194073853062,86.992513205659,86.72922479317494,86.86086899941697,473.0
2025-09-11 21:57:00+00:00,86.86086899941697,87.14558680877451,86.54624462741688,86.8459157180957,494.0
2025-09-11 21:58:00+00:00,86.8459157180957,87.24434408499812,86.86299728372259,87.05367068436036,374.0
2025-09-11 21:59:00+00:00,87.05367068436036,87.0519549833175,86.96277791695482,87.00736645013616,468.0
2025-09-11 22:00:00+00:00,87.00736645013616,86.8469112664241,86.53228695216616,86.68959910929513,97.0
2025-09-11 22:01:00+00:00,86.68959910929513,86.98610444584504,86.52433373179072,86.75521908881788,293.0
2025-09-11 22:02:00+00:00,86.75521908881788,87.06992807655094,86.25867406622417,86.66430107138756,342.0
2025-09-11 22:03:00+00:00,86.66430107138756,86.96160181967109,86.37808444130631,86.6698431304887,467.0
2025-09-11 22:04:00+00:00,86.6698431304887,86.71414718532797,86.6029964931301,86.65857183922904,104.0
2025-09-11 22:05:00+00:00,86.65857183922904,86.63803574617059,86.6079661449776,86.62300094557409,412.0
2025-09-11 22:06:00+00:00,86.62300094557409,86.89769981806282,86.55380888318516,86.72575435062399,84.0
2025-09-11 22:07:00+00:00,86.72575435062399,86.54364795102201,86.5095023092975,86.52657513015976,211.0
2025-09-11 22:08:00+00:00,86.52657513015976,86.55327053510419,86.36572534119611,86.45949793815015,361.0
2025-09-11 22:09:00+00:00,86.45949793815015,86.78422393208926,86.31228772289556,86.54825582749241,180.0
2025-09-11 22:10:00+00:00,86.54825582749241,86.50350945585534,86.43363171193154,86.46857058389344,425.0
2025-09-11 22:11:00+00:00,86.46857058389344,86.41031936016633,86.10999131019436,86.26015533518034,468.0
2025-09-11 22:12:00+00:00,86.26015533518034,86.39057035219864,86.30283616004652,86.34670325612258,121.0
2025-09-11 22:13:00+00:00,86.34670325612258,86.79545996416843,86.18911829563365,86.49228912990104,166.0
2025-09-11 22:14:00+00:00,86.49228912990104,86.50605347897861,86.46684995928443,86.48645171913152,83.0
2025-09-11 22:15:00+00:00,86.48645171913152,86.49882280485886,85.96606836531396,86.23244558508641,369.0
2025-09-11 22:16:00+00:00,86.23244558508641,86.34714370548062,86.30047669189682,86.32381019868872,448.0
2025-09-11 22:17:00+00:00,86.32381019868872,86.26955222451033,85.94873933368325,86.10914577909679,320.0
2025-09-11 22:18:00+00:00,86.10914577909679,86.23130505321676,86.06677630866527,86.14904068094101,109.0
2025-09-11 22:19:00+00:00,86.14904068094101,86.32315748793425,85.74571399797918,86.03443574295672,128.0
2025-09-11 22:20:00+00:00,86.03443574295672,85.88804335406586,85.88173003107435,85.8848866925701,65.0
2025-09-11 22:21:00+00:00,85.8848866925701,85.95079864571206,85.70515229281976,85.82797546926591,270.0
2025-09-11 22:22:00+00:00,85.82797546926591,85.9990698150157,85.60969143659926,85.80438062580748,374.0
2025-09-11 22:23:00+00:00,85.80438062580748,85.88527086756955,85.5577428091539,85.72150683836172,117.0
2025-09-11 22:24:00+00:00,85.72150683836172,85.80104452947724,85.79342960762396,85.7972370685506,431.0
2025-09-11 22:25:00+00:00,85.7972370685506,85.77932082379455,85.70037715554783,85.73984898967119,163.0
2025-09-11 22:26:00+00:00,85.73984898967119,86.19811771242333,85.53388995716269,85.866003834793,281.0
2025-09-11 22:27:00+00:00,85.866003834793,86.22035017227127,85.58410242177557,85.90222629702342,350.0
2025-09-11 22:28:00+00:00,85.90222629702342,86.00785044776042,85.61693100980229,85.81239072878135,292.0
2025-09-11 22:29:00+00:00,85.81239072878135,86.30186363380577,85.10013742592594,85.70100052986585,265.0
2025-09-11 22:30:00+00:00,85.70100052986585,85.54784124055645,85.43110652493543,85.48947388274594,201.0
2025-09-11 22:31:00+00:00,85.48947388274594,85.93109040591438,85.12243749983466,85.52676395287452,243.0
2025-09-11 22:32:00+00:00,85.52676395287452,85.60577879868674,85.3567931217382,85.48128596021247,157.0
2025-09-11 22:33:00+00:00,85.48128596021247,85.76727433866584,84.58804364342917,85.17765899104751,182.0
2025-09-11 22:34:00+00:00,85.17765899104751,85.16050152326754,85.05797862948852,85.10924007637803,389.0
2025-09-11 22:35:00+00:00,85.10924007637803,85.1663559916348,84.82222059478214,84.99428829320847,447.0
2025-09-11 22:36:00+00:00,84.99428829320847,85.38958489929546,85.00123764390277,85.19541127159911,432.0
2025-09-11 22:37:00+00:00,85.19541127159911,85.0780885910627,84.87808250239279,84.97808554672774,198.0
2025-09-11 22:38:00+00:00,84.97808554672774,84.99036128260948,84.598757047981,84.79455916529524,194.0
2025-09-11 22:39:00+00:00,84.79455916529524,85.30749595980197,84.56421571775712,84.93585583877955,76.0
2025-09-11 22:40:00+00:00,84.93585583877955,85.3900822550818,84.82769496961988,85.10888861235084,173.0
2025-09-11 22:41:00+00:00,85.10888861235084,85.06231709335209,84.9653523615661,85.0138347274591,313.0
2025-09-11 22:42:00+00:00,85.0138347274591,85.09301450995935,84.773523224815,84.93326886738717,170.0
2025-09-11 22:43:00+00:00,84.93326886738717,85.07426888790981,84.94935809851056,85.01181349321018,380.0
2025-09-11 22:44:00+00:00,85.01181349321018,84.98323271615581,84.44793598225573,84.71558434920577,72.0
2025-09-11 22:45:00+00:00,84.71558434920577,84.524668706946,84.43414332698562,84.47940601696581,235.0
2025-09-11 22:46:00+00:00,84.47940601696581,84.47534375628085,84.4123346830249,84.44383921965287,176.0
2025-09-11 22:47:00+00:00,84.44383921965287,84.75659490298818,84.52417642681127,84.64038566489972,272.0
2025-09-11 22:48:00+00:00,84.64038566489972,84.62746021656965,84.54270617446731,84.58508319551848,61.0
2025-09-11 22:49:00+00:00,84.58508319551848,84.64160464590003,84.55417692500276,84.5978907854514,238.0
2025-09-11 22:50:00+00:00,84.5978907854514,85.04829450645354,84.43548043103948,84.74188746874651,404.0
2025-09-11 22:51:00+00:00,84.74188746874651,85.11481135647348,84.90543501404674,85.01012318526011,435.0
2025-09-11 22:52:00+00:00,85.01012318526011,85.00685472630127,84.86634139339341,84.93659805984734,165.0
2025-09-11 22:53:00+00:00,84.93659805984734,84.96982784620944,84.89907816554982,84.93445300587963,242.0
2025-09-11 22:54:00+00:00,84.93445300587963,85.3900969868747,84.94370983241545,85.16690340964507,360.0
2025-09-11 22:55:00+00:00,85.16690340964507,85.12549463875857,84.81983286059122,84.9726637496749,258.0
2025-09-11 22:56:00+00:00,84.9726637496749,85.3912162896093,84.81626209615587,85.10373919288259,294.0
2025-09-11 22:57:00+00:00,85.10373919288259,85.28070128360149,84.66698818454581,84.97384473407365,203.0
2025-09-11 22:58:00+00:00,84.97384473407365,85.14684899677108,84.82696489213349,84.98690694445229,426.0
2025-09-11 22:59:00+00:00,84.98690694445229,85.1642574214894,84.7477093948431,84.95598340816625,334.0
2025-09-11 23:00:00+00:00,84.95598340816625,85.29766779417474,84.37030792091201,84.83398785754338,482.0
2025-09-11 23:01:00+00:00,84.83398785754338,84.93744687800317,84.48051185554216,84.70897936677267,400.0
2025-09-11 23:02:00+00:00,84.70897936677267,84.76770688639535,84.72051074760519,84.74410881700027,215.0
2025-09-11 23:03:00+00:00,84.74410881700027,85.02886616753152,84.71263881701175,84.87075249227163,197.0
2025-09-11 23:04:00+00:00,84.87075249227163,85.10319223117149,84.60528353971931,84.8542378854454,89.0
2025-09-11 23:05:00+00:00,84.8542378854454,85.04594898088571,84.68037592453318,84.86316245270945,330.0
2025-09-11 23:06:00+00:00,84.86316245270945,85.0259660870538,84.8458360418085,84.93590106443115,387.0
2025-09-11 23:07:00+00:00,84.93590106443115,84.92349602335784,84.70091048203867,84.81220325269825,209.0
2025-09-11 23:08:00+00:00,84.81220325269825,85.14273780566933,84.66997800274817,84.90635790420875,59.0
2025-09-11 23:09:00+00:00,84.90635790420875,85.03404085434933,84.98750557046087,85.0107732124051,421.0
2025-09-11 23:10:00+00:00,85.0107732124051,85.57580354483856,85.11105004720788,85.34342679602322,150.0
2025-09-11 23:11:00+00:00,85.34342679602322,85.34031022602565,85.25027646199948,85.29529334401256,312.0
2025-09-11 23:12:00+00:00,85.29529334401256,85.50252141963315,84.9708888653391,85.23670514248613,73.0
2025-09-11 23:13:00+00:00,85.23670514248613,85.57691815574222,85.09323792729975,85.33507804152099,78.0
2025-09-11 23:14:00+00:00,85.33507804152099,85.44164286396847,85.43833704789216,85.43998995593032,454.0
2025-09-11 23:15:00+00:00,85.43998995593032,85.87016815261559,84.87271326330792,85.37144070796175,352.0
2025-09-11 23:16:00+00:00,85.37144070796175,85.55568920410884,85.08396769145843,85.31982844778364,52.0
2025-09-11 23:17:00+00:00,85.31982844778364,85.55206139922161,85.22615929545019,85.3891103473359,95.0
2025-09-11 23:18:00+00:00,85.3891103473359,85.6137020021504,84.95265017785059,85.2831760900005,271.0
2025-09-11 23:19:00+00:00,85.2831760900005,85.30028536768646,85.16106421881037,85.23067479324841,356.0
2025-09-11 23:20:00+00:00,85.23067479324841,85.31426166184649,85.16999762008133,85.24212964096391,240.0
2025-09-11 23:21:00+00:00,85.24212964096391,85.68321025133154,85.05592716890062,85.36956871011608,442.0
2025-09-11 23:22:00+00:00,85.36956871011608,85.41479403350982,85.1695706095675,85.29218232153866,343.0
2025-09-11 23:23:00+00:00,85.29218232153866,85.19362874531642,84.91996373055092,85.05679623793367,326.0
2025-09-11 23:24:00+00:00,85.05679623793367,84.8237380962371,84.8014977824555,84.8126179393463,180.0
2025-09-11 23:25:00+00:00,84.8126179393463,84.7268121962505,84.57828381114066,84.65254800369559,356.0
2025-09-11 23:26:00+00:00,84.65254800369559,84.51854685974656,84.45338839741557,84.48596762858107,443.0
2025-09-11 23:27:00+00:00,84.48596762858107,84.68794597896388,84.2448065032894,84.46637624112664,72.0
2025-09-11 23:28:00+00:00,84.46637624112664,84.48433116365042,84.14742858650773,84.31587987507908,380.0
2025-09-11 23:29:00+00:00,84.31587987507908,84.25234860150064,84.20174459882446,84.22704660016255,445.0
2025-09-11 23:30:00+00:00,84.22704660016255,84.22294349425329,84.03566631501434,84.12930490463381,244.0
2025-09-11 23:31:00+00:00,84.12930490463381,84.15785650289907,83.98961116923662,84.07373383606785,394.0
2025-09-11 23:32:00+00:00,84.07373383606785,84.41752553115627,84.06383684587338,84.24068118851483,211.0
2025-09-11 23:33:00+00:00,84.24068118851483,84.3557691889599,84.29296501538627,84.32436710217308,136.0
2025-09-11 23:34:00+00:00,84.32436710217308,84.49270859317826,84.1601059687327,84.32640728095548,417.0
2025-09-11 23:35:00+00:00,84.32640728095548,84.30900437201414,84.22722043803746,84.2681124050258,190.0
2025-09-11 23:36:00+00:00,84.2681124050258,84.2926143895792,84.13412290488341,84.2133686472313,390.0
2025-09-11 23:37:00+00:00,84.2133686472313,84.38798484762181,84.1215747065908,84.25477977710631,191.0
2025-09-11 23:38:00+00:00,84.25477977710631,84.46162098897466,84.19566038655927,84.32864068776696,229.0
2025-09-11 23:39:00+00:00,84.32864068776696,84.47168961950929,83.95613353502809,84.21391157726869,358.0
2025-09-11 23:40:00+00:00,84.21391157726869,84.35232435672728,84.08471561136776,84.21851998404752,203.0
2025-09-11 23:41:00+00:00,84.21851998404752,84.17698682842473,83.74753448876959,83.96226065859716,413.0
2025-09-11 23:42:00+00:00,83.96226065859716,84.02690515804721,83.9509525315274,83.98892884478731,67.0
2025-09-11 23:43:00+00:00,83.98892884478731,84.5839993084258,83.58600448858505,84.08500189850542,55.0
2025-09-11 23:44:00+00:00,84.08500189850542,84.17028368572835,83.92908623600172,84.04968496086504,86.0
2025-09-11 23:45:00+00:00,84.04968496086504,84.48150120483804,84.07652887478044,84.27901503980924,165.0
2025-09-11 23:46:00+00:00,84.27901503980924,84.1940168113566,84.14135073967391,84.16768377551526,74.0
2025-09-11 23:47:00+00:00,84.16768377551526,84.21995962154028,84.17032125263106,84.19514043708567,221.0
2025-09-11 23:48:00+00:00,84.19514043708567,84.82549364353463,83.55573866503082,84.19061615428272,60.0
2025-09-11 23:49:00+00:00,84.19061615428272,84.26049868793757,84.09540315885263,84.1779509233951,390.0
2025-09-11 23:50:00+00:00,84.1779509233951,84.23469250243838,84.09234160204647,84.16351705224243,118.0
2025-09-11 23:51:00+00:00,84.16351705224243,84.27495645321241,84.07912283177913,84.17703964249577,487.0
2025-09-11 23:52:00+00:00,84.17703964249577,84.48695414321233,84.0813973536792,84.28417574844576,435.0
2025-09-11 23:53:00+00:00,84.28417574844576,84.50293305553208,84.41414274404767,84.45853789978987,362.0
2025-09-11 23:54:00+00:00,84.45853789978987,84.4932303229899,84.4232753204699,84.4582528217299,409.0
2025-09-11 23:55:00+00:00,84.4582528217299,84.8432212384798,84.27999129066015,84.56160626456997,398.0
2025-09-11 23:56:00+00:00,84.56160626456997,84.5158304735612,84.42944810253512,84.47263928804816,430.0
2025-09-11 23:57:00+00:00,84.47263928804816,84.83647619564948,84.3030207670628,84.56974848135614,299.0
2025-09-11 23:58:00+00:00,84.56974848135614,84.86338004035872,84.08290306933225,84.47314155484548,330.0
2025-09-11 23:59:00+00:00,84.47314155484548,84.84099837299424,84.38190536278354,84.61145186788889,261.0
2025-09-12 00:00:00+00:00,84.61145186788889,85.21267589110336,84.57229583008417,84.89248586059377,330.0
2025-09-12 00:01:00+00:00,84.89248586059377,84.93435229487608,84.8195302588129,84.87694127684449,221.0
2025-09-12 00:02:00+00:00,84.87694127684449,84.64475832702242,84.55175212064744,84.59825522383493,105.0
2025-09-12 00:03:00+00:00,84.59825522383493,84.63724775469703,84.42022181254751,84.52873478362227,469.0
2025-09-12 00:04:00+00:00,84.52873478362227,85.06415480729171,84.30599009325076,84.68507245027124,364.0
2025-09-12 00:05:00+00:00,84.68507245027124,84.95370912942961,84.55700611603585,84.75535762273273,367.0
2025-09-12 00:06:00+00:00,84.75535762273273,85.2474441290641,84.32657321644969,84.7870086727569,176.0
2025-09-12 00:07:00+00:00,84.7870086727569,85.03316481643807,84.79761263737504,84.91538872690656,396.0
2025-09-12 00:08:00+00:00,84.91538872690656,84.98872001875684,84.96551494302584,84.97711748089134,283.0
2025-09-12 00:09:00+00:00,84.97711748089134,85.18153287746783,85.08342210556124,85.13247749151454,84.0
2025-09-12 00:10:00+00:00,85.13247749151454,85.4047964893745,85.09513893771971,85.24996771354711,479.0
2025-09-12 00:11:00+00:00,85.24996771354711,85.8373878562399,85.05216680791705,85.44477733207847,496.0
2025-09-12 00:12:00+00:00,85.44477733207847,85.6619908034054,85.31956036901208,85.49077558620874,441.0
2025-09-12 00:13:00+00:00,85.49077558620874,85.76718863401771,85.44669422805683,85.60694143103727,263.0
2025-09-12 00:14:00+00:00,85.60694143103727,85.73289141773267,85.40213298234042,85.56751220003655,154.0
2025-09-12 00:15:00+00:00,85.56751220003655,85.69767537334012,85.28302213739018,85.49034875536515,54.0
2025-09-12 00:16:00+00:00,85.49034875536515,85.96954061417375,85.44945419336312,85.70949740376844,381.0
2025-09-12 00:17:00+00:00,85.70949740376844,85.80181097715966,85.67278522828344,85.73729810272155,450.0
2025-09-12 00:18:00+00:00,85.73729810272155,85.87484393143752,85.80690215206398,85.84087304175075,96.0
2025-09-12 00:19:00+00:00,85.84087304175075,86.062961463418,85.65065343017908,85.85680744679854,357.0
2025-09-12 00:20:00+00:00,85.85680744679854,85.80985668635172,85.75275555713158,85.78130612174165,62.0
2025-09-12 00:21:00+00:00,85.78130612174165,85.95238273795694,85.61305590942,85.78271932368847,399.0
2025-09-12 00:22:00+00:00,85.78271932368847,86.0047070965744,85.93068025619152,85.96769367638296,62.0
2025-09-12 00:23:00+00:00,85.96769367638296,86.13275966038285,85.94588546681263,86.03932256359774,488.0
2025-09-12 00:24:00+00:00,86.03932256359774,86.14117607727977,85.49627363905722,85.8187248581685,126.0
2025-09-12 00:25:00+00:00,85.8187248581685,86.35687275024009,85.22516989673815,85.79102132348912,230.0
2025-09-12 00:26:00+00:00,85.79102132348912,86.10187748826922,85.93949329271544,86.02068539049233,362.0
2025-09-12 00:27:00+00:00,86.02068539049233,86.08580032239037,85.90040644671454,85.99310338455246,430.0
2025-09-12 00:28:00+00:00,85.99310338455246,85.86312268393453,85.65922449325842,85.76117358859648,213.0
2025-09-12 00:29:00+00:00,85.76117358859648,86.11791192208814,85.89217769981714,86.00504481095264,491.0
2025-09-12 00:30:00+00:00,86.00504481095264,86.41376078437766,85.7724865738423,86.09312367910998,57.0
2025-09-12 00:31:00+00:00,86.09312367910998,86.1830531151088,85.98511231546465,86.08408271528673,262.0
2025-09-12 00:32:00+00:00,86.08408271528673,86.12666335175321,85.9456093281574,86.0361363399553,494.0
2025-09-12 00:33:00+00:00,86.0361363399553,86.30404018452384,86.04782353049404,86.17593185750894,173.0
2025-09-12 00:34:00+00:00,86.17593185750894,86.47588561800494,85.73591726401462,86.10590144100978,290.0
2025-09-12 00:35:00+00:00,86.10590144100978,86.32269966634824,86.18597376847451,86.25433671741138,250.0
2025-09-12 00:36:00+00:00,86.25433671741138,86.46548169608364,86.18354889096663,86.32451529352514,227.0
2025-09-12 00:37:00+00:00,86.32451529352514,86.67963955314603,86.03276880959628,86.35620418137115,395.0
2025-09-12 00:38:00+00:00,86.35620418137115,86.71026986350238,86.03984093250985,86.37505539800611,283.0
2025-09-12 00:39:00+00:00,86.37505539800611,86.44336365825419,86.26141446525259,86.35238906175339,371.0
2025-09-12 00:40:00+00:00,86.35238906175339,86.58589641676475,86.38997481797814,86.48793561737145,283.0
2025-09-12 00:41:00+00:00,86.48793561737145,87.04876500611198,85.70272673857275,86.37574587234236,498.0
2025-09-12 00:42:00+00:00,86.37574587234236,86.23587820101761,86.0958394046493,86.16585880283345,261.0
2025-09-12 00:43:00+00:00,86.16585880283345,86.5261088391876,85.96451326582167,86.24531105250463,408.0
2025-09-12 00:44:00+00:00,86.24531105250463,86.36929117033372,86.2847323192374,86.32701174478557,325.0
2025-09-12 00:45:00+00:00,86.32701174478557,86.59974755596872,86.17869409210167,86.38922082403519,410.0
2025-09-12 00:46:00+00:00,86.38922082403519,86.52762119897187,86.35652277765976,86.44207198831582,448.0
2025-09-12 00:47:00+00:00,86.44207198831582,86.48747959408927,86.31355983953635,86.40051971681281,151.0
2025-09-12 00:48:00+00:00,86.40051971681281,86.62958628641226,86.37569049327979,86.50263838984603,185.0
2025-09-12 00:49:00+00:00,86.50263838984603,86.79801318667822,86.19544130247638,86.4967272445773,185.0
2025-09-12 00:50:00+00:00,86.4967272445773,86.77766365803708,86.08943581225051,86.4335497351438,269.0
2025-09-12 00:51:00+00:00,86.4335497351438,86.45766842190399,86.32857634351898,86.39312238271148,271.0
2025-09-12 00:52:00+00:00,86.39312238271148,86.70421958620932,86.60652776910527,86.6553736776573,51.0
2025-09-12 00:53:00+00:00,86.6553736776573,86.59385624973241,86.26644249585478,86.4301493727936,452.0
2025-09-12 00:54:00+00:00,86.4301493727936,86.59683118061893,86.39310643439727,86.4949688075081,436.0
2025-09-12 00:55:00+00:00,86.4949688075081,86.33685571215857,86.21792632641267,86.27739101928562,320.0
2025-09-12 00:56:00+00:00,86.27739101928562,86.41111065240021,86.11565938995098,86.2633850211756,187.0
2025-09-12 00:57:00+00:00,86.2633850211756,86.23615938262813,86.178428623466,86.20729400304707,421.0
2025-09-12 00:58:00+00:00,86.20729400304707,86.08209210552901,85.7941043185552,85.9380982120421,172.0
2025-09-12 00:59:00+00:00,85.9380982120421,86.15015961915552,85.82636552777959,85.98826257346755,187.0
2025-09-12 01:00:00+00:00,85.98826257346755,85.97421814189535,85.90429850487514,85.93925832338525,498.0
2025-09-12 01:01:00+00:00,85.93925832338525,85.71628004866638,85.62187508387389,85.66907756627013,465.0
2025-09-12 01:02:00+00:00,85.66907756627013,86.10521552187637,85.44885060778807,85.77703306483222,312.0
2025-09-12 01:03:00+00:00,85.77703306483222,86.0645710536886,85.85916450881628,85.96186778125244,126.0
2025-09-12 01:04:00+00:00,85.96186778125244,86.23850678259804,86.06994018568004,86.15422348413904,105.0
2025-09-12 01:05:00+00:00,86.15422348413904,86.28982230368102,86.11142648644064,86.20062439506083,483.0
2025-09-12 01:06:00+00:00,86.20062439506083,86.33794970557133,86.0752102169105,86.20657996124092,169.0
2025-09-12 01:07:00+00:00,86.20657996124092,86.55294111627344,86.20404870727722,86.37849491177533,356.0
2025-09-12 01:08:00+00:00,86.37849491177533,86.67335892403132,86.52014674407583,86.59675283405358,208.0
2025-09-12 01:09:00+00:00,86.59675283405358,86.85086544081089,86.63738084418749,86.74412314249919,273.0
2025-09-12 01:10:00+00:00,86.74412314249919,86.93746470292761,86.30593596015488,86.62170033154125,493.0
2025-09-12 01:11:00+00:00,86.62170033154125,86.78899217858509,86.50673888705796,86.64786553282153,316.0
2025-09-12 01:12:00+00:00,86.64786553282153,86.76271623678173,86.64730190529343,86.70500907103758,243.0
2025-09-12 01:13:00+00:00,86.70500907103758,86.74363919626371,86.19630865270771,86.46997392448571,237.0
2025-09-12 01:14:00+00:00,86.46997392448571,86.65080368256253,86.41094384935826,86.5308737659604,153.0
2025-09-12 01:15:00+00:00,86.5308737659604,87.39067381131981,86.26213265842752,86.82640323487367,300.0
2025-09-12 01:16:00+00:00,86.82640323487367,87.04912720785251,86.77044935748026,86.90978828266638,306.0
2025-09-12 01:17:00+00:00,86.90978828266638,87.22362218477356,86.9805412724133,87.10208172859343,92.0
2025-09-12 01:18:00+00:00,87.10208172859343,87.22467100572904,87.02729577042545,87.12598338807724,232.0
2025-09-12 01:19:00+00:00,87.12598338807724,87.11949361857133,87.11333655302762,87.11641508579947,340.0
2025-09-12 01:20:00+00:00,87.11641508579947,87.20824147580299,87.12426218510251,87.16625183045275,74.0
2025-09-12 01:21:00+00:00,87.16625183045275,87.08189976100459,87.03739672843247,87.05964824471853,489.0
2025-09-12 01:22:00+00:00,87.05964824471853,86.93875386279846,86.92900670214574,86.9338802824721,437.0
2025-09-12 01:23:00+00:00,86.9338802824721,87.39190573500439,86.80642298684573,87.09916436092506,336.0
2025-09-12 01:24:00+00:00,87.09916436092506,87.2829336210951,87.27435404876347,87.27864383492928,57.0
2025-09-12 01:25:00+00:00,87.27864383492928,87.3854950490458,86.91247817934664,87.14898661419622,283.0
2025-09-12 01:26:00+00:00,87.14898661419622,87.48069586392029,87.0705415341177,87.27561869901899,454.0
2025-09-12 01:27:00+00:00,87.27561869901899,87.40975826186153,87.11871216405106,87.2642352129563,60.0
2025-09-12 01:28:00+00:00,87.2642352129563,87.69869478759533,86.91875772016168,87.3087262538785,406.0
2025-09-12 01:29:00+00:00,87.3087262538785,87.61291646567244,87.12512096849099,87.36901871708172,427.0
2025-09-12 01:30:00+00:00,87.36901871708172,87.59959433963996,87.399263830569,87.49942908510448,84.0
2025-09-12 01:31:00+00:00,87.49942908510448,87.6668702002945,87.3537027033533,87.5102864518239,153.0
2025-09-12 01:32:00+00:00,87.5102864518239,87.90880497810086,87.4823707853743,87.69558788173758,375.0
2025-09-12 01:33:00+00:00,87.69558788173758,87.9962335647654,87.4763635144913,87.73629853962835,460.0
2025-09-12 01:34:00+00:00,87.73629853962835,88.25239108247317,87.38457378463673,87.81848243355495,396.0
2025-09-12 01:35:00+00:00,87.81848243355495,87.91862677758908,87.49894765669052,87.7087872171398,286.0
2025-09-12 01:36:00+00:00,87.7087872171398,88.24537166705477,87.74112344098782,87.9932475540213,321.0
2025-09-12 01:37:00+00:00,87.9932475540213,88.0813503783116,88.02921270459,88.0552815414508,286.0
2025-09-12 01:38:00+00:00,88.0552815414508,88.24209014248402,88.05692326298217,88.14950670273309,309.0
2025-09-12 01:39:00+00:00,88.14950670273309,87.94697710025885,87.927266484953,87.93712179260592,396.0
2025-09-12 01:40:00+00:00,87.93712179260592,88.11435314901738,87.54298615540657,87.82866965221197,72.0
2025-09-12 01:41:00+00:00,87.82866965221197,87.9949293552133,87.98887798498522,87.99190367009926,144.0
2025-09-12 01:42:00+00:00,87.99190367009926,88.26806143588804,87.79149448877241,88.02977796233023,76.0
2025-09-12 01:43:00+00:00,88.02977796233023,87.86421352903409,87.6906583174509,87.77743592324249,408.0
2025-09-12 01:44:00+00:00,87.77743592324249,88.11761761987948,87.71088253356596,87.91425007672272,377.0
2025-09-12 01:45:00+00:00,87.91425007672272,87.8983918340487,87.78674802264545,87.84256992834707,73.0
2025-09-12 01:46:00+00:00,87.84256992834707,88.35491142811257,87.70254351355625,88.02872747083441,97.0
2025-09-12 01:47:00+00:00,88.02872747083441,88.20449399352351,87.8297662871259,88.01713014032471,169.0
2025-09-12 01:48:00+00:00,88.01713014032471,88.0457235641195,88.0425981012225,88.044160832671,158.0
2025-09-12 01:49:00+00:00,88.044160832671,88.31955053607219,88.08044683626538,88.19999868616878,283.0
2025-09-12 01:50:00+00:00,88.19999868616878,88.2457608811103,87.91691963317754,88.08134025714392,274.0
2025-09-12 01:51:00+00:00,88.08134025714392,87.98702568372352,87.9134962589819,87.9502609713527,210.0
2025-09-12 01:52:00+00:00,87.9502609713527,88.18056667511169,87.66811664556113,87.92434166033641,123.0
2025-09-12 01:53:00+00:00,87.92434166033641,88.44017520435872,87.62682940191544,88.03350230313708,342.0
2025-09-12 01:54:00+00:00,88.03350230313708,87.86173202447137,87.85413782930851,87.85793492688994,405.0
2025-09-12 01:55:00+00:00,87.85793492688994,87.65621576122052,87.62055342196814,87.63838459159433,338.0
2025-09-12 01:56:00+00:00,87.63838459159433,87.83560251458587,87.65786923206207,87.74673587332397,413.0
2025-09-12 01:57:00+00:00,87.74673587332397,87.92601902935922,87.40879634167936,87.6674076855193,461.0
2025-09-12 01:58:00+00:00,87.6674076855193,87.73081388323341,87.50087551395838,87.6158446985959,428.0
2025-09-12 01:59:00+00:00,87.6158446985959,87.70962575232775,87.03468465228514,87.37215520230644,343.0
2025-09-12 02:00:00+00:00,87.37215520230644,87.43130759267213,87.13512175238854,87.28321467253033,72.0
2025-09-12 02:01:00+00:00,87.28321467253033,87.57173352564651,86.99271433673097,87.28222393118874,200.0
2025-09-12 02:02:00+00:00,87.28222393118874,87.58594658151452,87.22228769693794,87.40411713922623,242.0
2025-09-12 02:03:00+00:00,87.40411713922623,87.35872168376005,87.24740344636388,87.30306256506196,370.0
2025-09-12 02:04:00+00:00,87.30306256506196,87.82084310199023,87.21990408680621,87.52037359439822,431.0
2025-09-12 02:05:00+00:00,87.52037359439822,87.59403332297686,87.26706831773834,87.4305508203576,338.0
2025-09-12 02:06:00+00:00,87.4305508203576,87.39922252393701,87.28280159981311,87.34101206187506,213.0
2025-09-12 02:07:00+00:00,87.34101206187506,87.5789664918245,87.50634554494863,87.54265601838657,404.0
2025-09-12 02:08:00+00:00,87.54265601838657,87.6425243346564,87.49833186082321,87.5704280977398,363.0
2025-09-12 02:09:00+00:00,87.5704280977398,87.67991754746582,87.31597554818823,87.49794654782703,409.0
2025-09-12 02:10:00+00:00,87.49794654782703,87.47857340164647,87.47660294031992,87.4775881709832,315.0
2025-09-12 02:11:00+00:00,87.4775881709832,87.72292097625711,87.58770679718998,87.65531388672355,341.0
2025-09-12 02:12:00+00:00,87.65531388672355,88.21879955545,87.47781391753307,87.84830673649154,206.0
2025-09-12 02:13:00+00:00,87.84830673649154,87.78226956089777,87.69921403320096,87.74074179704937,229.0
2025-09-12 02:14:00+00:00,87.74074179704937,87.80162891899138,87.66868550865297,87.73515721382218,174.0
2025-09-12 02:15:00+00:00,87.73515721382218,87.97254767153653,87.52149813107873,87.74702290130763,165.0
2025-09-12 02:16:00+00:00,87.74702290130763,88.02133408067901,87.21328476151389,87.61730942109645,343.0
2025-09-12 02:17:00+00:00,87.61730942109645,87.69355061263687,87.52643191736792,87.60999126500239,222.0
2025-09-12 02:18:00+00:00,87.60999126500239,87.71620791502635,87.50517362783656,87.61069077143145,110.0
2025-09-12 02:19:00+00:00,87.61069077143145,87.9713019484194,87.55001963741013,87.76066079291476,65.0
2025-09-12 02:20:00+00:00,87.76066079291476,87.92932295335372,87.91017993557962,87.91975144446667,437.0
2025-09-12 02:21:00+00:00,87.91975144446667,88.27093173670404,87.48176056270914,87.87634614970659,245.0
2025-09-12 02:22:00+00:00,87.87634614970659,87.99358409273246,87.70271299502518,87.84814854387882,309.0
2025-09-12 02:23:00+00:00,87.84814854387882,88.02591058688546,87.84554429984522,87.93572744336534,457.0
2025-09-12 02:24:00+00:00,87.93572744336534,87.91121303050754,87.80593267525028,87.85857285287891,100.0
2025-09-12 02:25:00+00:00,87.85857285287891,88.01402138534539,87.85834408773528,87.93618273654033,471.0
2025-09-12 02:26:00+00:00,87.93618273654033,88.11349337809455,87.73568314105324,87.9245882595739,366.0
2025-09-12 02:27:00+00:00,87.9245882595739,88.0892370533336,87.50442337111896,87.79683021222628,338.0
2025-09-12 02:28:00+00:00,87.79683021222628,87.85144519126229,87.4903743131361,87.6709097521992,244.0
2025-09-12 02:29:00+00:00,87.6709097521992,87.96150776020396,87.76131995757656,87.86141385889026,367.0
2025-09-12 02:30:00+00:00,87.86141385889026,88.10997972991682,87.5716225875101,87.84080115871346,141.0
2025-09-12 02:31:00+00:00,87.84080115871346,88.54195029246581,87.57245432174521,88.05720230710551,185.0
2025-09-12 02:32:00+00:00,88.05720230710551,88.29173156793726,87.6870371872387,87.98938437758798,482.0
2025-09-12 02:33:00+00:00,87.98938437758798,88.05866669978941,87.99698774542402,88.02782722260672,174.0
2025-09-12 02:34:00+00:00,88.02782722260672,88.76040221482945,87.92825387665677,88.34432804574311,373.0
2025-09-12 02:35:00+00:00,88.34432804574311,88.86623131880252,87.54240453432739,88.20431792656495,468.0
2025-09-12 02:36:00+00:00,88.20431792656495,88.28986928979967,87.61729437732876,87.95358183356421,316.0
2025-09-12 02:37:00+00:00,87.95358183356421,88.12782719571173,88.11914489276624,88.12348604423899,183.0
2025-09-12 02:38:00+00:00,88.12348604423899,88.02876175581055,87.99976192003898,88.01426183792476,431.0
2025-09-12 02:39:00+00:00,88.01426183792476,88.15085054213456,87.87220585256459,88.01152819734958,421.0
2025-09-12 02:40:00+00:00,88.01152819734958,88.0550076462279,87.8134140395923,87.9342108429101,294.0
2025-09-12 02:41:00+00:00,87.9342108429101,88.21327366015362,87.72590430292487,87.96958898153925,101.0
2025-09-12 02:42:00+00:00,87.96958898153925,87.93496909808852,87.75353277660608,87.8442509373473,248.0
2025-09-12 02:43:00+00:00,87.8442509373473,87.82792326770912,87.81316489929223,87.82054408350068,244.0
2025-09-12 02:44:00+00:00,87.82054408350068,87.9305192966773,87.82911793986379,87.87981861827055,135.0
2025-09-12 02:45:00+00:00,87.87981861827055,87.92012117430875,87.57388698387808,87.74700407909341,230.0
2025-09-12 02:46:00+00:00,87.74700407909341,87.85244759678024,87.45736646322824,87.65490703000424,119.0
2025-09-12 02:47:00+00:00,87.65490703000424,87.7453444667399,87.47314395910443,87.60924421292216,361.0
2025-09-12 02:48:00+00:00,87.60924421292216,87.61175950161227,87.23159874073586,87.42167912117407,244.0
2025-09-12 02:49:00+00:00,87.42167912117407,87.48475202079783,87.24781836428673,87.36628519254228,378.0
2025-09-12 02:50:00+00:00,87.36628519254228,87.61665861870165,87.14705097787859,87.38185479829012,255.0
2025-09-12 02:51:00+00:00,87.38185479829012,87.35849311679613,87.3005078772807,87.32950049703841,371.0
2025-09-12 02:52:00+00:00,87.32950049703841,87.44552605412314,87.14239188791417,87.29395897101865,379.0
2025-09-12 02:53:00+00:00,87.29395897101865,87.49345606300481,87.08925006989493,87.29135306644987,122.0
2025-09-12 02:54:00+00:00,87.29135306644987,87.67268300619132,86.73838535100809,87.2055341785997,248.0
2025-09-12 02:55:00+00:00,87.2055341785997,87.34173889390298,87.25021664098871,87.29597776744585,387.0
2025-09-12 02:56:00+00:00,87.29597776744585,87.75406743463407,87.21435875078814,87.4842130927111,316.0
2025-09-12 02:57:00+00:00,87.4842130927111,87.64973875391671,87.19685201035661,87.42329538213666,149.0
2025-09-12 02:58:00+00:00,87.42329538213666,87.61940891288012,87.35448105471346,87.48694498379679,424.0
2025-09-12 02:59:00+00:00,87.48694498379679,87.46132883915733,87.44968231056173,87.45550557485953,139.0
2025-09-12 03:00:00+00:00,87.45550557485953,87.78403228708514,87.22289679444886,87.503464540767,497.0
2025-09-12 03:01:00+00:00,87.503464540767,87.75416109297922,87.66428445849684,87.70922277573803,368.0
2025-09-12 03:02:00+00:00,87.70922277573803,87.91358099204389,87.63875803210784,87.77616951207587,195.0
2025-09-12 03:03:00+00:00,87.77616951207587,87.63115909485116,87.45480989933553,87.54298449709334,137.0
2025-09-12 03:04:00+00:00,87.54298449709334,87.76685292516936,87.43838907405186,87.60262099961061,455.0
2025-09-12 03:05:00+00:00,87.60262099961061,87.82776649695757,87.70178156447645,87.764774030717,285.0
2025-09-12 03:06:00+00:00,87.764774030717,87.85234576553871,87.61886697823677,87.73560637188774,412.0
2025-09-12 03:07:00+00:00,87.73560637188774,87.89298160803466,87.8404847889646,87.86673319849963,424.0
2025-09-12 03:08:00+00:00,87.86673319849963,88.18494019270607,87.36670573398713,87.7758229633466,80.0
2025-09-12 03:09:00+00:00,87.7758229633466,87.74381302280688,87.41708515207097,87.58044908743892,357.0
2025-09-12 03:10:00+00:00,87.58044908743892,87.93174116670559,87.26625187371778,87.59899652021168,200.0
2025-09-12 03:11:00+00:00,87.59899652021168,87.42180984094415,87.31519395935695,87.36850190015055,458.0
2025-09-12 03:12:00+00:00,87.36850190015055,87.44698057724915,87.22718922047179,87.33708489886047,148.0
2025-09-12 03:13:00+00:00,87.33708489886047,87.56195495041617,87.44970762332359,87.50583128686988,65.0
2025-09-12 03:14:00+00:00,87.50583128686988,87.42728034632124,87.08375345957627,87.25551690294876,348.0
2025-09-12 03:15:00+00:00,87.25551690294876,87.14195794043367,87.03446760291514,87.0882127716744,298.0
2025-09-12 03:16:00+00:00,87.0882127716744,87.05569550385879,86.85130510345003,86.95350030365441,299.0
2025-09-12 03:17:00+00:00,86.95350030365441,87.1926500882716,86.69783365311206,86.94524187069183,168.0
2025-09-12 03:18:00+00:00,86.94524187069183,87.05873869648003,86.73637920180984,86.89755894914494,272.0
2025-09-12 03:19:00+00:00,86.89755894914494,87.25820765323628,86.90203786715871,87.0801227601975,483.0
2025-09-12 03:20:00+00:00,87.0801227601975,87.41173994776702,86.9979984162905,87.20486918202876,393.0
2025-09-12 03:21:00+00:00,87.20486918202876,87.40240453846855,87.13695260454725,87.2696785715079,493.0
2025-09-12 03:22:00+00:00,87.2696785715079,87.54610695836293,87.0313816814968,87.28874431992986,199.0
2025-09-12 03:23:00+00:00,87.28874431992986,87.44802029622663,87.23247231920608,87.34024630771636,441.0
2025-09-12 03:24:00+00:00,87.34024630771636,87.36989869395566,87.08488261861447,87.22739065628507,222.0
2025-09-12 03:25:00+00:00,87.22739065628507,87.45117842401146,87.22806383246984,87.33962112824065,471.0
2025-09-12 03:26:00+00:00,87.33962112824065,87.24287906615332,87.14522950143207,87.1940542837927,439.0
2025-09-12 03:27:00+00:00,87.1940542837927,87.83182516993884,86.77494008547197,87.3033826277054,124.0
2025-09-12 03:28:00+00:00,87.3033826277054,87.52486473067503,87.39283981458081,87.45885227262792,487.0
2025-09-12 03:29:00+00:00,87.45885227262792,87.50644247248347,87.46659675165547,87.48651961206947,323.0
2025-09-12 03:30:00+00:00,87.48651961206947,87.55305909953998,87.37373743457624,87.46339826705811,399.0
2025-09-12 03:31:00+00:00,87.46339826705811,87.90016882753523,87.13169664334859,87.51593273544191,310.0
2025-09-12 03:32:00+00:00,87.51593273544191,87.3943415099403,86.88784867153485,87.14109509073758,147.0
2025-09-12 03:33:00+00:00,87.14109509073758,87.30344611061044,87.05777932277867,87.18061271669455,493.0
2025-09-12 03:34:00+00:00,87.18061271669455,87.3629754114013,86.96860572932687,87.16579057036408,100.0
2025-09-12 03:35:00+00:00,87.16579057036408,87.28201709812525,87.03632542679476,87.15917126246,414.0
2025-09-12 03:36:00+00:00,87.15917126246,87.4765724874857,87.0266103317744,87.25159140963005,144.0
2025-09-12 03:37:00+00:00,87.25159140963005,87.56417180638383,86.91944098813548,87.24180639725965,403.0
2025-09-12 03:38:00+00:00,87.24180639725965,87.24530820645774,86.94013852146637,87.09272336396205,240.0
2025-09-12 03:39:00+00:00,87.09272336396205,87.23164096088261,86.91686425382211,87.07425260735236,156.0
2025-09-12 03:40:00+00:00,87.07425260735236,87.33499237611912,86.83116076258864,87.08307656935388,156.0
2025-09-12 03:41:00+00:00,87.08307656935388,87.3825284703748,86.81365365263794,87.09809106150637,193.0
2025-09-12 03:42:00+00:00,87.09809106150637,87.36340058452592,86.87509528022878,87.11924793237735,455.0
2025-09-12 03:43:00+00:00,87.11924793237735,87.27829609172079,87.23205878790372,87.25517743981226,396.0
2025-09-12 03:44:00+00:00,87.25517743981226,87.41719644642866,86.80910345326494,87.1131499498468,351.0
2025-09-12 03:45:00+00:00,87.1131499498468,87.42075544394676,86.85146796761994,87.13611170578335,333.0
2025-09-12 03:46:00+00:00,87.13611170578335,87.34211606603935,87.26763215261349,87.30487410932642,237.0
2025-09-12 03:47:00+00:00,87.30487410932642,87.19759745242217,86.95842119050658,87.07800932146438,455.0
2025-09-12 03:48:00+00:00,87.07800932146438,87.55138805888912,86.65156673372887,87.101477396309,173.0
2025-09-12 03:49:00+00:00,87.101477396309,87.09493497717781,86.95512495421363,87.02502996569572,474.0
2025-09-12 03:50:00+00:00,87.02502996569572,87.32853668939916,86.6247668989692,86.97665179418418,221.0
2025-09-12 03:51:00+00:00,86.97665179418418,86.90591758350072,86.81145476390776,86.85868617370424,203.0
2025-09-12 03:52:00+00:00,86.85868617370424,87.15998631614539,86.51321079174215,86.83659855394377,264.0
2025-09-12 03:53:00+00:00,86.83659855394377,87.21805470503216,86.9354705265433,87.07676261578773,386.0
2025-09-12 03:54:00+00:00,87.07676261578773,87.14735701796779,86.67617374658484,86.91176538227631,371.0
2025-09-12 03:55:00+00:00,86.91176538227631,86.82289973386882,86.6959397759182,86.75941975489351,395.0
2025-09-12 03:56:00+00:00,86.75941975489351,86.61801159243966,86.56229332375933,86.5901524580995,90.0
2025-09-12 03:57:00+00:00,86.5901524580995,87.02153978497384,86.60807923327746,86.81480950912565,122.0
2025-09-12 03:58:00+00:00,86.81480950912565,86.96497481899911,86.54427214327234,86.75462348113572,431.0
2025-09-12 03:59:00+00:00,86.75462348113572,87.07807237151529,86.42450179798946,86.75128708475238,491.0
2025-09-12 04:00:00+00:00,86.75128708475238,86.91073020915775,86.48704980483811,86.69889000699793,107.0
2025-09-12 04:01:00+00:00,86.69889000699793,86.80957346488645,86.34273921312254,86.5761563390045,456.0
2025-09-12 04:02:00+00:00,86.5761563390045,86.64006361930456,86.45118451142983,86.54562406536719,168.0
2025-09-12 04:03:00+00:00,86.54562406536719,86.87090641819586,86.85977057285035,86.8653384955231,490.0
2025-09-12 04:04:00+00:00,86.8653384955231,87.16917912383637,86.92464501548015,87.04691206965826,497.0
2025-09-12 04:05:00+00:00,87.04691206965826,87.06570504286154,86.80552471151631,86.93561487718893,336.0
2025-09-12 04:06:00+00:00,86.93561487718893,87.14364951134644,86.8965540555287,87.02010178343757,135.0
2025-09-12 04:07:00+00:00,87.02010178343757,87.35627700569104,86.46698429469735,86.9116306501942,404.0
2025-09-12 04:08:00+00:00,86.9116306501942,86.77564337829213,86.58507340821242,86.68035839325228,95.0
2025-09-12 04:09:00+00:00,86.68035839325228,87.34876853045098,86.27726579012536,86.81301716028817,200.0
2025-09-12 04:10:00+00:00,86.81301716028817,87.01353428446745,86.91489654643297,86.96421541545021,337.0
2025-09-12 04:11:00+00:00,86.96421541545021,87.28678926235942,86.91476312695902,87.10077619465922,80.0
2025-09-12 04:12:00+00:00,87.10077619465922,87.17481992067815,86.90399884117892,87.03940938092853,226.0
2025-09-12 04:13:00+00:00,87.03940938092853,87.30009954478795,86.73517647954041,87.01763801216418,408.0
2025-09-12 04:14:00+00:00,87.01763801216418,87.37029721985677,86.86081739122609,87.11555730554143,91.0
2025-09-12 04:15:00+00:00,87.11555730554143,87.31680364806142,87.01665719761867,87.16673042284005,215.0
2025-09-12 04:16:00+00:00,87.16673042284005,87.1558330939732,87.07472186137284,87.11527747767302,51.0
2025-09-12 04:17:00+00:00,87.11527747767302,87.34542297119309,86.46250771356516,86.90396534237912,346.0
2025-09-12 04:18:00+00:00,86.90396534237912,86.92168436285998,86.9159374754157,86.91881091913784,85.0
2025-09-12 04:19:00+00:00,86.91881091913784,87.12738647361645,86.99182188355336,87.0596041785849,176.0
2025-09-12 04:20:00+00:00,87.0596041785849,86.96484442067324,86.84186002156872,86.90335222112098,285.0
2025-09-12 04:21:00+00:00,86.90335222112098,87.10089740909582,86.8724178331497,86.98665762112276,146.0
2025-09-12 04:22:00+00:00,86.98665762112276,87.07860467899002,86.98125119210715,87.02992793554859,153.0
2025-09-12 04:23:00+00:00,87.02992793554859,87.24589408592371,87.00992806519068,87.1279110755572,425.0
2025-09-12 04:24:00+00:00,87.1279110755572,87.66423805935844,86.81965342379257,87.2419457415755,399.0
2025-09-12 04:25:00+00:00,87.2419457415755,87.18018105780331,87.12204556485736,87.15111331133033,86.0
2025-09-12 04:26:00+00:00,87.15111331133033,87.14714063683182,86.73283882450359,86.9399897306677,435.0
2025-09-12 04:27:00+00:00,86.9399897306677,86.99604348793859,86.7448390927449,86.87044129034174,260.0
2025-09-12 04:28:00+00:00,86.87044129034174,87.09057010747938,86.88218370843205,86.98637690795572,115.0
2025-09-12 04:29:00+00:00,86.98637690795572,87.2236564699697,86.60771395897699,86.91568521447334,458.0
2025-09-12 04:30:00+00:00,86.91568521447334,86.83350887094561,86.8169859727718,86.8252474218587,201.0
2025-09-12 04:31:00+00:00,86.8252474218587,86.70830128317044,86.46842344900801,86.58836236608923,196.0
2025-09-12 04:32:00+00:00,86.58836236608923,87.12981105833019,86.50278929791706,86.81630017812363,115.0
2025-09-12 04:33:00+00:00,86.81630017812363,86.97724956610007,86.87054023634916,86.92389490122461,448.0
2025-09-12 04:34:00+00:00,86.92389490122461,87.03736960943202,87.01130323706117,87.0243364232466,179.0
2025-09-12 04:35:00+00:00,87.0243364232466,87.41857191087426,86.88293137292165,87.15075164189795,316.0
2025-09-12 04:36:00+00:00,87.15075164189795,87.34403042515918,87.10831979680769,87.22617511098343,157.0
2025-09-12 04:37:00+00:00,87.22617511098343,87.24688666574777,87.14153965625489,87.19421316100133,452.0
2025-09-12 04:38:00+00:00,87.19421316100133,87.40354641438084,86.94204732205834,87.17279686821959,404.0
2025-09-12 04:39:00+00:00,87.17279686821959,87.13695106861687,87.09686257203504,87.11690682032595,276.0
2025-09-12 04:40:00+00:00,87.11690682032595,87.70433715210949,87.21943037210569,87.46188376210759,205.0
2025-09-12 04:41:00+00:00,87.46188376210759,88.09323791154932,86.97645378535319,87.53484584845125,344.0
2025-09-12 04:42:00+00:00,87.53484584845125,87.70984095153602,87.23809700194275,87.47396897673939,273.0
2025-09-12 04:43:00+00:00,87.47396897673939,87.54922739627091,87.52090976589272,87.53506858108182,473.0
2025-09-12 04:44:00+00:00,87.53506858108182,87.4781929158279,87.32668596302092,87.40243943942441,353.0
2025-09-12 04:45:00+00:00,87.40243943942441,87.65851668508016,87.54130033854373,87.59990851181195,62.0
2025-09-12 04:46:00+00:00,87.59990851181195,87.55459981990802,87.47157453335836,87.51308717663319,420.0
2025-09-12 04:47:00+00:00,87.51308717663319,87.61934197263322,87.53843643253647,87.57888920258485,136.0
2025-09-12 04:48:00+00:00,87.57888920258485,87.770556916202,87.66751693093482,87.71903692356841,185.0
2025-09-12 04:49:00+00:00,87.71903692356841,88.01454171632247,87.52481593452757,87.76967882542502,246.0
2025-09-12 04:50:00+00:00,87.76967882542502,88.25399409516905,87.31024012072797,87.78211710794851,144.0
2025-09-12 04:51:00+00:00,87.78211710794851,87.83181841780575,87.73526051077135,87.78353946428855,474.0
2025-09-12 04:52:00+00:00,87.78353946428855,87.90709857805145,87.6451171819367,87.77610787999407,490.0
2025-09-12 04:53:00+00:00,87.77610787999407,87.77358300401987,87.62683737422454,87.7002101891222,120.0
2025-09-12 04:54:00+00:00,87.7002101891222,87.7188301276985,87.56337073450742,87.64110043110296,194.0
2025-09-12 04:55:00+00:00,87.64110043110296,87.93583650491645,87.73581515376979,87.83582582934312,216.0
2025-09-12 04:56:00+00:00,87.83582582934312,88.1618014450455,87.48125232734871,87.8215268861971,351.0
2025-09-12 04:57:00+00:00,87.8215268861971,87.75329656834747,87.68284968377394,87.7180731260607,318.0
2025-09-12 04:58:00+00:00,87.7180731260607,87.73935220059755,87.56098075730102,87.65016647894929,355.0
2025-09-12 04:59:00+00:00,87.65016647894929,88.0520923099944,87.53782258782326,87.79495744890883,63.0
2025-09-12 05:00:00+00:00,87.79495744890883,88.14690173778962,87.62104792272382,87.88397483025672,281.0
2025-09-12 05:01:00+00:00,87.88397483025672,88.08478340763114,87.8309602203253,87.95787181397822,144.0
2025-09-12 05:02:00+00:00,87.95787181397822,88.12138782902875,87.72641587194181,87.92390185048528,152.0
2025-09-12 05:03:00+00:00,87.92390185048528,88.31690784954753,87.68219770185556,87.99955277570155,398.0
2025-09-12 05:04:00+00:00,87.99955277570155,88.10572846353367,87.7235597933753,87.91464412845448,113.0
2025-09-12 05:05:00+00:00,87.91464412845448,88.00395284014309,87.75687712165194,87.88041498089751,64.0
2025-09-12 05:06:00+00:00,87.88041498089751,88.22180401423525,87.79489247022171,88.00834824222848,269.0
2025-09-12 05:07:00+00:00,88.00834824222848,88.15603183592738,88.09164727592231,88.12383955592485,381.0
2025-09-12 05:08:00+00:00,88.12383955592485,88.29701884727669,87.69126234332711,87.9941405953019,279.0
2025-09-12 05:09:00+00:00,87.9941405953019,88.18100005338795,87.58158204190903,87.88129104764849,122.0
2025-09-12 05:10:00+00:00,87.88129104764849,88.08454528636858,87.70669780208536,87.89562154422697,398.0
2025-09-12 05:11:00+00:00,87.89562154422697,88.40121551826806,87.8457757606738,88.12349563947093,221.0
2025-09-12 05:12:00+00:00,88.12349563947093,87.95676870552849,87.78453054061167,87.87064962307008,369.0
2025-09-12 05:13:00+00:00,87.87064962307008,87.93247354274497,87.88221291052169,87.90734322663333,140.0
2025-09-12 05:14:00+00:00,87.90734322663333,87.8087947762381,87.64337299646343,87.72608388635076,460.0
2025-09-12 05:15:00+00:00,87.72608388635076,87.74597988266903,87.53932516542075,87.64265252404489,177.0
2025-09-12 05:16:00+00:00,87.64265252404489,87.79921806875818,87.39029474413367,87.59475640644592,486.0
2025-09-12 05:17:00+00:00,87.59475640644592,87.7530155162499,87.326029162153,87.53952233920145,219.0
2025-09-12 05:18:00+00:00,87.53952233920145,87.62579375297857,87.3131223082229,87.46945803060073,377.0
2025-09-12 05:19:00+00:00,87.46945803060073,87.60802619998421,87.3327810644351,87.47040363220965,275.0
2025-09-12 05:20:00+00:00,87.47040363220965,88.00111212980988,86.79929444346146,87.40020328663567,84.0
2025-09-12 05:21:00+00:00,87.40020328663567,87.35012756078031,87.06724207928791,87.20868482003411,94.0
2025-09-12 05:22:00+00:00,87.20868482003411,87.53695352393903,87.08456971245535,87.31076161819719,232.0
2025-09-12 05:23:00+00:00,87.31076161819719,87.51149826608913,87.30733788983396,87.40941807796155,136.0
2025-09-12 05:24:00+00:00,87.40941807796155,87.82478964230413,87.21529052190687,87.5200400821055,323.0
2025-09-12 05:25:00+00:00,87.5200400821055,87.32166507634072,87.31434675462894,87.31800591548483,112.0
2025-09-12 05:26:00+00:00,87.31800591548483,87.57463430250195,87.13969789673718,87.35716609961956,315.0
2025-09-12 05:27:00+00:00,87.35716609961956,87.47941081649478,87.41216601933812,87.44578841791645,142.0
2025-09-12 05:28:00+00:00,87.44578841791645,87.65713020153626,86.96413291556343,87.31063155854984,131.0
2025-09-12 05:29:00+00:00,87.31063155854984,87.54366924609054,87.07999665381676,87.31183294995365,215.0
2025-09-12 05:30:00+00:00,87.31183294995365,87.29839994661123,87.2948142470226,87.29660709681691,312.0
2025-09-12 05:31:00+00:00,87.29660709681691,87.68547925270214,87.39084260813065,87.5381609304164,229.0
2025-09-12 05:32:00+00:00,87.5381609304164,87.83301749195134,87.74943508371366,87.7912262878325,207.0
2025-09-12 05:33:00+00:00,87.7912262878325,87.82458205816499,87.32006957124119,87.57232581470309,203.0
2025-09-12 05:34:00+00:00,87.57232581470309,87.99547908668673,87.80559654728073,87.90053781698373,202.0
2025-09-12 05:35:00+00:00,87.90053781698373,88.23407058877342,87.32582413496266,87.77994736186804,231.0
2025-09-12 05:36:00+00:00,87.77994736186804,88.37556909586905,87.4427660159202,87.90916755589463,425.0
2025-09-12 05:37:00+00:00,87.90916755589463,88.09931635007159,87.97515215802973,88.03723425405066,310.0
2025-09-12 05:38:00+00:00,88.03723425405066,88.02728785979971,87.78440348940043,87.90584567460007,239.0
2025-09-12 05:39:00+00:00,87.90584567460007,88.23299248238624,87.70883037082149,87.97091142660386,387.0
2025-09-12 05:40:00+00:00,87.97091142660386,88.21777779006322,87.69566782736223,87.95672280871273,287.0
2025-09-12 05:41:00+00:00,87.95672280871273,88.31862683738667,87.74115076044937,88.02988879891802,477.0
2025-09-12 05:42:00+00:00,88.02988879891802,88.33695488792932,87.78375142160615,88.06035315476774,303.0
2025-09-12 05:43:00+00:00,88.06035315476774,88.27894728878033,88.15809300071246,88.21852014474639,147.0
2025-09-12 05:44:00+00:00,88.21852014474639,88.27845870736037,88.17853761896599,88.22849816316318,303.0
2025-09-12 05:45:00+00:00,88.22849816316318,88.208736907656,88.20383118158875,88.20628404462238,398.0
2025-09-12 05:46:00+00:00,88.20628404462238,88.87844835098086,87.82439755444311,88.35142295271199,145.0
2025-09-12 05:47:00+00:00,88.35142295271199,88.47050244809991,88.38624686940669,88.4283746587533,140.0
2025-09-12 05:48:00+00:00,88.4283746587533,88.69215715258166,88.35883796621884,88.52549755940025,319.0
2025-09-12 05:49:00+00:00,88.52549755940025,88.64027165640077,88.23431280963645,88.43729223301861,448.0
2025-09-12 05:50:00+00:00,88.43729223301861,88.51839047487437,88.07909065210828,88.29874056349132,200.0
2025-09-12 05:51:00+00:00,88.29874056349132,88.35077083116487,88.09638686064169,88.22357884590328,278.0
2025-09-12 05:52:00+00:00,88.22357884590328,88.22860121791415,88.05431970362916,88.14146046077165,344.0
2025-09-12 05:53:00+00:00,88.14146046077165,88.57580206108203,87.91513174629434,88.24546690368818,348.0
2025-09-12 05:54:00+00:00,88.24546690368818,88.50524560462013,88.2442559296848,88.37475076715246,115.0
2025-09-12 05:55:00+00:00,88.37475076715246,88.49321362078479,88.21516389636963,88.35418875857721,227.0
2025-09-12 05:56:00+00:00,88.35418875857721,88.81966991070816,88.26839800760321,88.54403395915568,497.0
2025-09-12 05:57:00+00:00,88.54403395915568,89.19582591079411,88.25612475296695,88.72597533188053,449.0
2025-09-12 05:58:00+00:00,88.72597533188053,89.13394729267331,88.38280261817495,88.75837495542413,397.0
2025-09-12 05:59:00+00:00,88.75837495542413,88.73511293457919,88.56292248960436,88.64901771209178,60.0
2025-09-12 06:00:00+00:00,88.64901771209178,89.0236410189949,88.69385659569856,88.85874880734673,237.0
2025-09-12 06:01:00+00:00,88.85874880734673,88.88893471632569,88.81229786631222,88.85061629131896,73.0
2025-09-12 06:02:00+00:00,88.85061629131896,88.87041013751772,88.86445519385379,88.86743266568575,185.0
2025-09-12 06:03:00+00:00,88.86743266568575,88.8741536508117,88.77019525715335,88.82217445398253,439.0
2025-09-12 06:04:00+00:00,88.82217445398253,88.93158464708227,88.47582308226339,88.70370386467283,224.0
2025-09-12 06:05:00+00:00,88.70370386467283,88.75221963402447,88.264796989699,88.50850831186173,125.0
2025-09-12 06:06:00+00:00,88.50850831186173,88.8231586172657,88.36198048720419,88.59256955223495,374.0
2025-09-12 06:07:00+00:00,88.59256955223495,88.71510588674468,88.2619449670226,88.48852542688364,391.0
2025-09-12 06:08:00+00:00,88.48852542688364,88.97563762705559,88.8154800158405,88.89555882144805,344.0
2025-09-12 06:09:00+00:00,88.89555882144805,89.0234521282535,88.47825996130143,88.75085604477746,414.0
2025-09-12 06:10:00+00:00,88.75085604477746,88.59437974074332,88.5728665484465,88.58362314459491,365.0
2025-09-12 06:11:00+00:00,88.58362314459491,88.68811134725526,88.61475663192904,88.65143398959215,335.0
2025-09-12 06:12:00+00:00,88.65143398959215,89.0297457350724,88.68031661021169,88.85503117264204,450.0
2025-09-12 06:13:00+00:00,88.85503117264204,89.05775538883809,88.66952513846324,88.86364026365067,195.0
2025-09-12 06:14:00+00:00,88.86364026365067,88.95318026178894,88.92672039163777,88.93995032671336,255.0
2025-09-12 06:15:00+00:00,88.93995032671336,88.92996957510373,88.45871552851766,88.69434255181069,303.0
2025-09-12 06:16:00+00:00,88.69434255181069,88.6474567913703,88.56104556133016,88.60425117635023,351.0
2025-09-12 06:17:00+00:00,88.60425117635023,88.46702643496226,88.45632483318863,88.46167563407545,264.0
2025-09-12 06:18:00+00:00,88.46167563407545,88.33468269043296,88.08646589483912,88.21057429263604,248.0
2025-09-12 06:19:00+00:00,88.21057429263604,88.22760821231093,88.22449976998224,88.22605399114659,124.0
2025-09-12 06:20:00+00:00,88.22605399114659,88.08630474408935,87.7731731799455,87.92973896201742,337.0
2025-09-12 06:21:00+00:00,87.92973896201742,87.84576338726144,87.6652791374318,87.75552126234662,105.0
2025-09-12 06:22:00+00:00,87.75552126234662,87.79847933364194,87.57119499105262,87.68483716234728,263.0
2025-09-12 06:23:00+00:00,87.68483716234728,87.75351049986317,87.39762661383101,87.57556855684709,234.0
2025-09-12 06:24:00+00:00,87.57556855684709,87.79394214928271,87.46137303403106,87.62765759165688,399.0
2025-09-12 06:25:00+00:00,87.62765759165688,87.79493043077407,87.54073499548333,87.6678327131287,264.0
2025-09-12 06:26:00+00:00,87.6678327131287,87.97236038425866,87.59853488968461,87.78544763697164,52.0
2025-09-12 06:27:00+00:00,87.78544763697164,87.89797332153232,87.87117883362002,87.88457607757617,277.0
2025-09-12 06:28:00+00:00,87.88457607757617,88.36983786299946,87.70035133400434,88.0350945985019,147.0
2025-09-12 06:29:00+00:00,88.0350945985019,88.28883669181334,87.78084584634058,88.03484126907696,221.0
2025-09-12 06:30:00+00:00,88.03484126907696,88.3999592742243,87.74988848949624,88.07492388186027,183.0
2025-09-12 06:31:00+00:00,88.07492388186027,88.27831447233929,88.0067397457969,88.1425271090681,124.0
2025-09-12 06:32:00+00:00,88.1425271090681,88.46643067574036,87.85608546017349,88.16125806795692,475.0
2025-09-12 06:33:00+00:00,88.16125806795692,88.41332558781451,87.80417038608479,88.10874798694965,164.0
2025-09-12 06:34:00+00:00,88.10874798694965,88.20166418988903,87.92798040354758,88.0648222967183,278.0
2025-09-12 06:35:00+00:00,88.0648222967183,87.9578101717676,87.95597240337806,87.95689128757283,422.0
2025-09-12 06:36:00+00:00,87.95689128757283,88.11807988640992,87.90699019256012,88.01253503948502,213.0
2025-09-12 06:37:00+00:00,88.01253503948502,88.08525603541467,87.91499225240504,88.00012414390986,471.0
2025-09-12 06:38:00+00:00,88.00012414390986,88.04389044354411,87.78136677866169,87.9126286111029,231.0
2025-09-12 06:39:00+00:00,87.9126286111029,88.18770304093312,87.4629818542897,87.8253424476114,476.0
2025-09-12 06:40:00+00:00,87.8253424476114,87.82722875597172,87.50483442296935,87.66603158947053,253.0
2025-09-12 06:41:00+00:00,87.66603158947053,88.08503417904278,87.50465149010036,87.79484283457157,56.0
2025-09-12 06:42:00+00:00,87.79484283457157,87.97994023676893,87.63045333117697,87.80519678397295,440.0
2025-09-12 06:43:00+00:00,87.80519678397295,87.73893270606709,87.6443328915826,87.69163279882484,438.0
2025-09-12 06:44:00+00:00,87.69163279882484,88.2455525218172,87.35055073387558,87.79805162784639,483.0
2025-09-12 06:45:00+00:00,87.79805162784639,87.83967569167878,87.60887065566327,87.72427317367102,105.0
2025-09-12 06:46:00+00:00,87.72427317367102,87.7245342527669,87.35424954949745,87.53939190113218,429.0
2025-09-12 06:47:00+00:00,87.53939190113218,87.91079074088681,87.43639011326563,87.67359042707622,203.0
2025-09-12 06:48:00+00:00,87.67359042707622,87.71716147789968,87.48880860235332,87.6029850401265,428.0
2025-09-12 06:49:00+00:00,87.6029850401265,87.71187577128818,87.3866649155212,87.54927034340469,483.0
2025-09-12 06:50:00+00:00,87.54927034340469,87.71695370207217,87.3924031609944,87.55467843153329,139.0
2025-09-12 06:51:00+00:00,87.55467843153329,87.83091769051106,87.57881359840744,87.70486564445925,217.0
2025-09-12 06:52:00+00:00,87.70486564445925,88.01680445557118,87.39819901628705,87.70750173592911,170.0
2025-09-12 06:53:00+00:00,87.70750173592911,87.79687220571654,87.30290014813423,87.54988617692538,187.0
2025-09-12 06:54:00+00:00,87.54988617692538,88.17695336301243,87.06572638535927,87.62133987418585,318.0
2025-09-12 06:55:00+00:00,87.62133987418585,87.68794652006143,87.42729324084895,87.55761988045519,235.0
2025-09-12 06:56:00+00:00,87.55761988045519,87.86339944075851,87.7484495470039,87.80592449388121,345.0
2025-09-12 06:57:00+00:00,87.80592449388121,87.84137137593554,87.77018265739896,87.80577701666725,353.0
2025-09-12 06:58:00+00:00,87.80577701666725,87.88195007585021,87.14184267284479,87.5118963743475,141.0
2025-09-12 06:59:00+00:00,87.5118963743475,87.79919084360613,87.31844811508616,87.55881947934614,69.0
2025-09-12 07:00:00+00:00,87.55881947934614,87.91952177779021,87.70966294243019,87.8145923601102,385.0
2025-09-12 07:01:00+00:00,87.8145923601102,88.17037041880864,87.87447178334243,88.02242110107554,131.0
2025-09-12 07:02:00+00:00,88.02242110107554,88.29050277684641,88.23849906486623,88.26450092085632,139.0
2025-09-12 07:03:00+00:00,88.26450092085632,88.25814321179138,88.00103917442004,88.12959119310571,320.0
2025-09-12 07:04:00+00:00,88.12959119310571,88.75098986968499,87.74952042804256,88.25025514886377,168.0
2025-09-12 07:05:00+00:00,88.25025514886377,88.15914406958184,88.15032108993476,88.1547325797583,135.0
2025-09-12 07:06:00+00:00,88.1547325797583,88.43029860225525,87.93849305250797,88.1843958273816,188.0
2025-09-12 07:07:00+00:00,88.1843958273816,88.19880224264708,87.83354709809555,88.01617467037131,285.0
2025-09-12 07:08:00+00:00,88.01617467037131,88.29933179865107,87.56293217120223,87.93113198492665,430.0
2025-09-12 07:09:00+00:00,87.93113198492665,87.91934968916715,87.76461531373943,87.84198250145329,494.0
2025-09-12 07:10:00+00:00,87.84198250145329,88.31179948004879,87.60911780461365,87.96045864233122,379.0
2025-09-12 07:11:00+00:00,87.96045864233122,88.06940006902674,88.06293902088835,88.06616954495755,454.0
2025-09-12 07:12:00+00:00,88.06616954495755,88.27464519425885,87.93084444139083,88.10274481782484,288.0
2025-09-12 07:13:00+00:00,88.10274481782484,88.35403234563033,87.49489104718488,87.9244616964076,233.0
2025-09-12 07:14:00+00:00,87.9244616964076,88.26478955869887,87.5019508557853,87.88337020724208,418.0
2025-09-12 07:15:00+00:00,87.88337020724208,87.90304310868875,87.66709364997341,87.78506837933108,186.0
2025-09-12 07:16:00+00:00,87.78506837933108,88.25952537438914,87.5397944753133,87.89965992485122,415.0
2025-09-12 07:17:00+00:00,87.89965992485122,88.25286195239451,87.85741873706053,88.05514034472752,499.0
2025-09-12 07:18:00+00:00,88.05514034472752,88.35543118377167,88.03413126227115,88.19478122302141,225.0
2025-09-12 07:19:00+00:00,88.19478122302141,88.33502342080568,87.85483292862322,88.09492817471445,335.0
2025-09-12 07:20:00+00:00,88.09492817471445,87.89452092468233,87.5728040695027,87.73366249709251,401.0
2025-09-12 07:21:00+00:00,87.73366249709251,87.61976063794694,87.38311401122922,87.50143732458808,402.0
2025-09-12 07:22:00+00:00,87.50143732458808,87.76382222362886,87.61263381578362,87.68822801970624,142.0
2025-09-12 07:23:00+00:00,87.68822801970624,87.7654335396948,87.50549825565712,87.63546589767596,483.0
2025-09-12 07:24:00+00:00,87.63546589767596,87.70501287609608,87.36865970056692,87.5368362883315,276.0
2025-09-12 07:25:00+00:00,87.5368362883315,87.77247975219161,87.73310457471449,87.75279216345305,68.0
2025-09-12 07:26:00+00:00,87.75279216345305,88.03567152845285,87.80329298609477,87.91948225727381,103.0
2025-09-12 07:27:00+00:00,87.91948225727381,88.08660080794435,87.75881238176807,87.92270659485621,377.0
2025-09-12 07:28:00+00:00,87.92270659485621,87.9280869731609,87.83995286231743,87.88401991773917,242.0
2025-09-12 07:29:00+00:00,87.88401991773917,87.89794447557179,87.83527005351533,87.86660726454356,98.0
2025-09-12 07:30:00+00:00,87.86660726454356,88.21414351054263,87.57896129477017,87.8965524026564,284.0
2025-09-12 07:31:00+00:00,87.8965524026564,88.2397434594903,87.97578398432107,88.10776372190568,319.0
2025-09-12 07:32:00+00:00,88.10776372190568,88.17291087114542,88.15431994218862,88.16361540666702,85.0
2025-09-12 07:33:00+00:00,88.16361540666702,88.3509457327496,88.16841771532715,88.25968172403837,207.0
2025-09-12 07:34:00+00:00,88.25968172403837,88.69704972449826,88.13218360836716,88.4146166664327,258.0
2025-09-12 07:35:00+00:00,88.4146166664327,88.57467815138767,87.94457782503773,88.2596279882127,401.0
2025-09-12 07:36:00+00:00,88.2596279882127,88.72278639415195,87.99645427095909,88.35962033255552,343.0
2025-09-12 07:37:00+00:00,88.35962033255552,88.32550495431664,88.31566900910164,88.32058698170914,89.0
2025-09-12 07:38:00+00:00,88.32058698170914,88.05772508926894,87.91803633120172,87.98788071023533,326.0
2025-09-12 07:39:00+00:00,87.98788071023533,87.79406964026522,87.62082808289905,87.70744886158214,456.0
2025-09-12 07:40:00+00:00,87.70744886158214,87.93858530810114,87.20862737318878,87.57360634064496,74.0
2025-09-12 07:41:00+00:00,87.57360634064496,87.67400557209643,87.61282613015558,87.64341585112601,493.0
2025-09-12 07:42:00+00:00,87.64341585112601,87.73173579081978,87.58501981324122,87.6583778020305,92.0
2025-09-12 07:43:00+00:00,87.6583778020305,87.83085613644266,87.53439003175868,87.68262308410067,330.0
2025-09-12 07:44:00+00:00,87.68262308410067,87.9831320645655,87.8960572685593,87.9395946665624,208.0
2025-09-12 07:45:00+00:00,87.9395946665624,88.25345999552266,87.29123813411906,87.77234906482086,378.0
2025-09-12 07:46:00+00:00,87.77234906482086,88.10701147813613,87.43046313031239,87.76873730422426,429.0
2025-09-12 07:47:00+00:00,87.76873730422426,88.25928992603264,87.35836275209573,87.80882633906418,433.0
2025-09-12 07:48:00+00:00,87.80882633906418,87.95147397858959,87.47233192768245,87.71190295313602,441.0
2025-09-12 07:49:00+00:00,87.71190295313602,88.02856627678473,87.40269356599258,87.71562992138865,417.0
2025-09-12 07:50:00+00:00,87.71562992138865,87.70971549630345,87.30102746154712,87.50537147892528,189.0
2025-09-12 07:51:00+00:00,87.50537147892528,87.7306280411203,87.65062967380632,87.69062885746331,259.0
2025-09-12 07:52:00+00:00,87.69062885746331,87.73794006205574,87.46409566247152,87.60101786226363,373.0
2025-09-12 07:53:00+00:00,87.60101786226363,88.04852687869294,87.68818119862937,87.86835403866115,125.0
2025-09-12 07:54:00+00:00,87.86835403866115,88.21382021588114,87.51432767375915,87.86407394482015,309.0
2025-09-12 07:55:00+00:00,87.86407394482015,88.01633210784298,87.98301175451344,87.99967193117821,288.0
2025-09-12 07:56:00+00:00,87.99967193117821,88.09401496219311,87.89125755775038,87.99263625997175,492.0
2025-09-12 07:57:00+00:00,87.99263625997175,88.04744440784707,87.92971260667615,87.98857850726161,72.0
2025-09-12 07:58:00+00:00,87.98857850726161,88.05630316603668,87.76675762336814,87.91153039470241,92.0
2025-09-12 07:59:00+00:00,87.91153039470241,88.27428757038369,87.58019312689636,87.92724034864003,63.0
2025-09-12 08:00:00+00:00,87.92724034864003,87.99806426906025,87.94031868013676,87.9691914745985,296.0
2025-09-12 08:01:00+00:00,87.9691914745985,88.24572279029493,87.48581008989285,87.86576644009389,297.0
2025-09-12 08:02:00+00:00,87.86576644009389,87.98360794015775,87.7149666607475,87.84928730045263,316.0
2025-09-12 08:03:00+00:00,87.84928730045263,87.93658867758818,87.60126922264355,87.76892895011586,158.0
2025-09-12 08:04:00+00:00,87.76892895011586,88.17990376354753,87.96451686010688,88.0722103118272,188.0
2025-09-12 08:05:00+00:00,88.0722103118272,88.2956062255164,87.8251076318763,88.06035692869635,237.0
2025-09-12 08:06:00+00:00,88.06035692869635,88.31188382825553,88.21752457657843,88.26470420241698,71.0
2025-09-12 08:07:00+00:00,88.26470420241698,88.24043308517926,88.23718327729398,88.23880818123662,388.0
2025-09-12 08:08:00+00:00,88.23880818123662,88.46141857227028,88.08484883700908,88.27313370463968,73.0
2025-09-12 08:09:00+00:00,88.27313370463968,88.17719411528601,88.01949700449144,88.09834555988873,350.0
2025-09-12 08:10:00+00:00,88.09834555988873,88.07148389946839,88.0070877636483,88.03928583155835,254.0
2025-09-12 08:11:00+00:00,88.03928583155835,88.083074508863,88.05111190159306,88.06709320522803,499.0
2025-09-12 08:12:00+00:00,88.06709320522803,88.29198924723714,88.26172023086481,88.27685473905098,361.0
2025-09-12 08:13:00+00:00,88.27685473905098,88.32612471729563,88.28638237356462,88.30625354543012,263.0
2025-09-12 08:14:00+00:00,88.30625354543012,88.57107473296762,88.40838653077998,88.4897306318738,365.0
2025-09-12 08:15:00+00:00,88.4897306318738,88.60578288249447,88.5438539846106,88.57481843355254,102.0
2025-09-12 08:16:00+00:00,88.57481843355254,88.93423767780504,88.64836776901555,88.7913027234103,131.0
2025-09-12 08:17:00+00:00,88.7913027234103,89.37314112986164,88.19373770719912,88.78343941853038,274.0
2025-09-12 08:18:00+00:00,88.78343941853038,89.41626621603974,88.78839184329026,89.102329029665,436.0
2025-09-12 08:19:00+00:00,89.102329029665,89.16763630683937,88.90731917952738,89.03747774318337,419.0
2025-09-12 08:20:00+00:00,89.03747774318337,89.0476164736166,88.8227251713033,88.93517082245995,219.0
2025-09-12 08:21:00+00:00,88.93517082245995,89.22674920685401,88.32103648825705,88.77389284755553,177.0
2025-09-12 08:22:00+00:00,88.77389284755553,89.37884729828531,88.7908273954393,89.0848373468623,483.0
2025-09-12 08:23:00+00:00,89.0848373468623,89.28937991756192,89.09943048740519,89.19440520248355,304.0
2025-09-12 08:24:00+00:00,89.19440520248355,89.20507450208339,89.09435320297555,89.14971385252947,103.0
2025-09-12 08:25:00+00:00,89.14971385252947,89.39138624326648,89.24240463244425,89.31689543785537,151.0
2025-09-12 08:26:00+00:00,89.31689543785537,89.6854275223066,89.13272601860406,89.40907677045533,426.0
2025-09-12 08:27:00+00:00,89.40907677045533,89.94571856669998,89.40058232124599,89.67315044397299,454.0
2025-09-12 08:28:00+00:00,89.67315044397299,89.56605572898596,89.36433103053324,89.4651933797596,458.0
2025-09-12 08:29:00+00:00,89.4651933797596,89.47296697823315,89.3862124736935,89.42958972596333,53.0
2025-09-12 08:30:00+00:00,89.42958972596333,89.78404225356674,88.95109094105403,89.36756659731039,420.0
2025-09-12 08:31:00+00:00,89.36756659731039,89.12545682986872,89.08130921840201,89.10338302413537,100.0
2025-09-12 08:32:00+00:00,89.10338302413537,89.42236328696877,89.06806450537796,89.24521389617337,413.0
2025-09-12 08:33:00+00:00,89.24521389617337,89.25059132393193,89.16745635252923,89.20902383823058,446.0
2025-09-12 08:34:00+00:00,89.20902383823058,89.68434462063482,88.93175823474567,89.30805142769024,212.0
2025-09-12 08:35:00+00:00,89.30805142769024,89.71544794152689,89.53401509154847,89.62473151653768,137.0
2025-09-12 08:36:00+00:00,89.62473151653768,89.95718995600073,89.19732012232554,89.57725503916313,371.0
2025-09-12 08:37:00+00:00,89.57725503916313,89.55387066621797,89.48749796884927,89.52068431753362,80.0
2025-09-12 08:38:00+00:00,89.52068431753362,89.81116299553933,89.2620771689832,89.53662008226127,310.0
2025-09-12 08:39:00+00:00,89.53662008226127,89.85977730793114,89.47884367899321,89.66931049346218,199.0
2025-09-12 08:40:00+00:00,89.66931049346218,89.85175785631608,89.33447761024743,89.59311773328176,241.0
2025-09-12 08:41:00+00:00,89.59311773328176,89.63992205477372,89.37680418982895,89.50836312230133,421.0
2025-09-12 08:42:00+00:00,89.50836312230133,89.90798299752542,89.39285029700288,89.65041664726415,496.0
2025-09-12 08:43:00+00:00,89.65041664726415,90.05112293844685,89.3515748001797,89.70134886931328,230.0
2025-09-12 08:44:00+00:00,89.70134886931328,89.59942896380736,89.25386708858531,89.42664802619633,180.0
2025-09-12 08:45:00+00:00,89.42664802619633,89.59692959280677,88.92792036498618,89.26242497889648,425.0
2025-09-12 08:46:00+00:00,89.26242497889648,89.79143113720575,89.13588365751433,89.46365739736004,235.0
2025-09-12 08:47:00+00:00,89.46365739736004,89.68458341912428,89.35063782296417,89.51761062104423,139.0
2025-09-12 08:48:00+00:00,89.51761062104423,89.52560404525425,89.30504428688275,89.4153241660685,456.0
2025-09-12 08:49:00+00:00,89.4153241660685,89.60037580670067,89.18456666299736,89.39247123484901,496.0
2025-09-12 08:50:00+00:00,89.39247123484901,89.53157131721815,89.25692096439855,89.39424614080835,180.0
2025-09-12 08:51:00+00:00,89.39424614080835,89.70437235597657,89.28153982921856,89.49295609259757,121.0
2025-09-12 08:52:00+00:00,89.49295609259757,89.51516759927475,89.10645079804797,89.31080919866136,118.0
2025-09-12 08:53:00+00:00,89.31080919866136,89.24613425178944,89.15030865203559,89.19822145191252,319.0
2025-09-12 08:54:00+00:00,89.19822145191252,89.26418762303012,89.20531173926656,89.23474968114834,189.0
2025-09-12 08:55:00+00:00,89.23474968114834,89.33890703062576,89.10386819131577,89.22138761097077,330.0
2025-09-12 08:56:00+00:00,89.22138761097077,89.3657673254307,89.23013977390274,89.29795354966672,391.0
2025-09-12 08:57:00+00:00,89.29795354966672,89.25404881810097,89.01278434026402,89.1334165791825,52.0
2025-09-12 08:58:00+00:00,89.1334165791825,89.2266597996409,89.13569523886515,89.18117751925303,436.0
2025-09-12 08:59:00+00:00,89.18117751925303,89.51552925200433,89.1391111492464,89.32732020062537,63.0
2025-09-12 09:00:00+00:00,89.32732020062537,89.75622404977969,89.02892258403517,89.39257331690743,101.0
2025-09-12 09:01:00+00:00,89.39257331690743,89.44057190453444,89.38188529108555,89.41122859781,376.0
2025-09-12 09:02:00+00:00,89.41122859781,89.70765396838402,89.08908586456192,89.39836991647297,329.0
2025-09-12 09:03:00+00:00,89.39836991647297,89.34825286485122,89.22472410730646,89.28648848607884,490.0
2025-09-12 09:04:00+00:00,89.28648848607884,89.64331212419205,88.91038038484035,89.2768462545162,305.0
2025-09-12 09:05:00+00:00,89.2768462545162,89.5517116945064,89.33968746959414,89.44569958205027,237.0
2025-09-12 09:06:00+00:00,89.44569958205027,89.45818141269089,89.40128083841759,89.42973112555424,350.0
2025-09-12 09:07:00+00:00,89.42973112555424,89.47935376889733,89.14154293049613,89.31044834969673,392.0
2025-09-12 09:08:00+00:00,89.31044834969673,89.70586087221268,88.7831960818793,89.24452847704599,351.0
2025-09-12 09:09:00+00:00,89.24452847704599,89.38794357275924,89.15489585281955,89.2714197127894,216.0
2025-09-12 09:10:00+00:00,89.2714197127894,89.30272404385057,89.14011102468176,89.22141753426617,481.0
2025-09-12 09:11:00+00:00,89.22141753426617,89.93304585510565,88.63973484551651,89.28639035031108,185.0
2025-09-12 09:12:00+00:00,89.28639035031108,89.57465239326727,89.1382317356696,89.35644206446844,205.0
2025-09-12 09:13:00+00:00,89.35644206446844,89.72192613433899,89.22942607701592,89.47567610567745,174.0
2025-09-12 09:14:00+00:00,89.47567610567745,89.89178032041504,89.44210200013178,89.66694116027341,184.0
2025-09-12 09:15:00+00:00,89.66694116027341,89.88502002358805,89.71694929661777,89.80098466010291,145.0
2025-09-12 09:16:00+00:00,89.80098466010291,89.8730076023522,89.47745122360473,89.67522941297847,311.0
2025-09-12 09:17:00+00:00,89.67522941297847,89.60193323764773,89.50561625686493,89.55377474725633,377.0
2025-09-12 09:18:00+00:00,89.55377474725633,89.66792703732901,89.41926674878664,89.54359689305782,243.0
2025-09-12 09:19:00+00:00,89.54359689305782,89.55363171376626,89.41240348185127,89.48301759780877,465.0
2025-09-12 09:20:00+00:00,89.48301759780877,89.35622057331781,89.30449263199512,89.33035660265647,263.0
2025-09-12 09:21:00+00:00,89.33035660265647,89.41232262078492,89.13006033153701,89.27119147616096,260.0
2025-09-12 09:22:00+00:00,89.27119147616096,89.4894546058155,88.92589255709836,89.20767358145693,81.0
2025-09-12 09:23:00+00:00,89.20767358145693,89.45681304123404,88.77882276929374,89.11781790526389,456.0
2025-09-12 09:24:00+00:00,89.11781790526389,89.38290564743347,88.768322746133,89.07561419678323,116.0
2025-09-12 09:25:00+00:00,89.07561419678323,89.32425243251332,89.14216815774289,89.2332102951281,123.0
2025-09-12 09:26:00+00:00,89.2332102951281,89.47271665166211,89.04704785940156,89.25988225553183,470.0
2025-09-12 09:27:00+00:00,89.25988225553183,89.87746142312977,89.30543183525984,89.5914466291948,283.0
2025-09-12 09:28:00+00:00,89.5914466291948,89.73621841694141,89.49250892765637,89.6143636722989,80.0
2025-09-12 09:29:00+00:00,89.6143636722989,89.64896373293153,89.50179839491345,89.57538106392249,248.0
2025-09-12 09:30:00+00:00,89.57538106392249,89.71783184076328,89.43404090414033,89.5759363724518,315.0
2025-09-12 09:31:00+00:00,89.5759363724518,89.7057660346353,89.51504649871828,89.61040626667679,54.0
2025-09-12 09:32:00+00:00,89.61040626667679,89.91221960181267,89.4256409883995,89.66893029510608,389.0
2025-09-12 09:33:00+00:00,89.66893029510608,90.09127322610782,89.80610783289102,89.94869052949942,350.0
2025-09-12 09:34:00+00:00,89.94869052949942,90.14438931981412,89.52502988863289,89.8347096042235,55.0
2025-09-12 09:35:00+00:00,89.8347096042235,90.31732602584279,89.58375886868922,89.950542447266,328.0
2025-09-12 09:36:00+00:00,89.950542447266,90.1379577004208,89.81919776702614,89.97857773372347,150.0
2025-09-12 09:37:00+00:00,89.97857773372347,90.07692874770649,89.45663062786343,89.76677968778496,380.0
2025-09-12 09:38:00+00:00,89.76677968778496,89.91494986713987,89.82627896658447,89.87061441686217,219.0
2025-09-12 09:39:00+00:00,89.87061441686217,90.52331138494789,89.560008902875,90.04166014391144,140.0
2025-09-12 09:40:00+00:00,90.04166014391144,90.12123899292375,89.73068532785281,89.92596216038828,278.0
2025-09-12 09:41:00+00:00,89.92596216038828,89.93806180988392,89.91145236704361,89.92475708846376,249.0
2025-09-12 09:42:00+00:00,89.92475708846376,90.00928561945366,89.37537415711935,89.69232988828651,203.0
2025-09-12 09:43:00+00:00,89.69232988828651,89.66125115650273,89.38501234942764,89.52313175296518,445.0
2025-09-12 09:44:00+00:00,89.52313175296518,90.21992846383887,89.10802506856297,89.66397676620092,342.0
2025-09-12 09:45:00+00:00,89.66397676620092,89.76543263132187,89.43710250282997,89.60126756707592,269.0
2025-09-12 09:46:00+00:00,89.60126756707592,89.67370619254172,89.23102620756816,89.45236620005494,151.0
2025-09-12 09:47:00+00:00,89.45236620005494,89.75700668914146,89.20931362699943,89.48316015807045,305.0
2025-09-12 09:48:00+00:00,89.48316015807045,89.68038489156349,89.14574901228342,89.41306695192345,61.0
2025-09-12 09:49:00+00:00,89.41306695192345,89.39389585346561,89.30598981070546,89.34994283208553,448.0
2025-09-12 09:50:00+00:00,89.34994283208553,89.46376596198272,89.43440584483068,89.4490859034067,50.0
2025-09-12 09:51:00+00:00,89.4490859034067,89.52461507756395,89.06208023648362,89.29334765702379,364.0
2025-09-12 09:52:00+00:00,89.29334765702379,89.30910433730719,89.03522631331325,89.17216532531022,205.0
2025-09-12 09:53:00+00:00,89.17216532531022,89.29469439953768,89.09085995430983,89.19277717692376,373.0
2025-09-12 09:54:00+00:00,89.19277717692376,89.41243344533657,89.23270264795934,89.32256804664796,212.0
2025-09-12 09:55:00+00:00,89.32256804664796,89.76043825006923,89.21679311149808,89.48861568078365,61.0
2025-09-12 09:56:00+00:00,89.48861568078365,90.29915252020028,88.49962151192851,89.3993870160644,476.0
2025-09-12 09:57:00+00:00,89.3993870160644,89.67989469940153,89.37045893871192,89.52517681905672,394.0
2025-09-12 09:58:00+00:00,89.52517681905672,89.44221971318068,89.39765630008158,89.41993800663113,70.0
2025-09-12 09:59:00+00:00,89.41993800663113,89.95615603169453,89.37429016746107,89.6652230995778,64.0
2025-09-12 10:00:00+00:00,89.6652230995778,89.65551991854534,89.37020597053328,89.51286294453931,288.0
2025-09-12 10:01:00+00:00,89.51286294453931,89.7393346327412,89.64349476664852,89.69141469969486,480.0
2025-09-12 10:02:00+00:00,89.69141469969486,89.72289106609706,89.48338177480177,89.60313642044942,310.0
2025-09-12 10:03:00+00:00,89.60313642044942,89.87774765378882,89.87052274641886,89.87413520010384,54.0
2025-09-12 10:04:00+00:00,89.87413520010384,90.3537358669744,89.55403857870681,89.9538872228406,364.0
2025-09-12 10:05:00+00:00,89.9538872228406,90.09694134586316,89.53685801634843,89.8168996811058,242.0
2025-09-12 10:06:00+00:00,89.8168996811058,89.78220519842039,89.71093174210121,89.7465684702608,337.0
2025-09-12 10:07:00+00:00,89.7465684702608,90.12320790383879,89.58037730884618,89.85179260634249,207.0
2025-09-12 10:08:00+00:00,89.85179260634249,90.29466456925961,89.69289073777774,89.99377765351868,53.0
2025-09-12 10:09:00+00:00,89.99377765351868,89.99526749276441,89.97319693709301,89.98423221492871,58.0
2025-09-12 10:10:00+00:00,89.98423221492871,90.37868078497527,89.60183967205231,89.99026022851379,334.0
2025-09-12 10:11:00+00:00,89.99026022851379,90.2531469089502,89.93222319751105,90.09268505323062,335.0
2025-09-12 10:12:00+00:00,90.09268505323062,90.34156076979565,89.87943508063793,90.11049792521679,195.0
2025-09-12 10:13:00+00:00,90.11049792521679,90.4812700940985,89.39038966604431,89.93582988007141,87.0
2025-09-12 10:14:00+00:00,89.93582988007141,90.01139005755051,89.64105690975695,89.82622348365373,397.0
2025-09-12 10:15:00+00:00,89.82622348365373,89.8827218918173,89.83309605934691,89.8579089755821,118.0
2025-09-12 10:16:00+00:00,89.8579089755821,90.18719462943407,89.85658432903848,90.02188947923628,134.0
2025-09-12 10:17:00+00:00,90.02188947923628,90.35671774822683,90.12401194839805,90.24036484831244,253.0
2025-09-12 10:18:00+00:00,90.24036484831244,90.5338957062692,90.15799247750793,90.34594409188857,372.0
2025-09-12 10:19:00+00:00,90.34594409188857,90.54919858853633,90.22057304053537,90.38488581453585,497.0
2025-09-12 10:20:00+00:00,90.38488581453585,90.59240712832619,90.38052294802876,90.48646503817747,331.0
2025-09-12 10:21:00+00:00,90.48646503817747,90.51851133377217,90.27351343924634,90.39601238650926,482.0
2025-09-12 10:22:00+00:00,90.39601238650926,90.62637130089654,90.12410384397747,90.375237572437,343.0
2025-09-12 10:23:00+00:00,90.375237572437,90.5687511506025,89.95841901788212,90.26358508424231,431.0
2025-09-12 10:24:00+00:00,90.26358508424231,90.26478366806026,89.92455504293173,90.094669355496,129.0
2025-09-12 10:25:00+00:00,90.094669355496,90.1966623241218,90.0828519072075,90.13975711566465,75.0
2025-09-12 10:26:00+00:00,90.13975711566465,90.37277648526488,89.95691109980105,90.16484379253296,351.0
2025-09-12 10:27:00+00:00,90.16484379253296,90.3780717004163,90.13771808492758,90.25789489267194,488.0
2025-09-12 10:28:00+00:00,90.25789489267194,90.51141989566447,90.15230318519617,90.33186154043032,381.0
2025-09-12 10:29:00+00:00,90.33186154043032,90.67214782663925,90.05734274823703,90.36474528743814,204.0
2025-09-12 10:30:00+00:00,90.36474528743814,90.784566409247,90.0958827460562,90.4402245776516,270.0
2025-09-12 10:31:00+00:00,90.4402245776516,90.71737221319482,90.15149650640352,90.43443435979917,100.0
2025-09-12 10:32:00+00:00,90.43443435979917,90.78919380708466,90.1917284077118,90.49046110739823,203.0
2025-09-12 10:33:00+00:00,90.49046110739823,90.58631397697462,90.19758813059755,90.39195105378609,357.0
2025-09-12 10:34:00+00:00,90.39195105378609,90.59760949351544,90.28657573773951,90.44209261562747,124.0
2025-09-12 10:35:00+00:00,90.44209261562747,90.71762324023709,90.3480122218206,90.53281773102884,266.0
2025-09-12 10:36:00+00:00,90.53281773102884,90.48941579163511,90.39442655331848,90.4419211724768,180.0
2025-09-12 10:37:00+00:00,90.4419211724768,90.74179059535449,90.15611568014823,90.44895313775136,270.0
2025-09-12 10:38:00+00:00,90.44895313775136,90.5816436249488,90.14712918441661,90.3643864046827,393.0
2025-09-12 10:39:00+00:00,90.3643864046827,90.4385859579572,90.14751083502668,90.29304839649194,448.0
2025-09-12 10:40:00+00:00,90.29304839649194,90.28714906785602,89.9944847697477,90.14081691880186,234.0
2025-09-12 10:41:00+00:00,90.14081691880186,90.54909981172844,90.07515313933067,90.31212647552955,422.0
2025-09-12 10:42:00+00:00,90.31212647552955,90.6095076081147,90.30370912257142,90.45660836534306,366.0
2025-09-12 10:43:00+00:00,90.45660836534306,90.63237912697548,90.42673973639057,90.52955943168303,464.0
2025-09-12 10:44:00+00:00,90.52955943168303,91.14050476182867,90.45503324500602,90.79776900341734,383.0
2025-09-12 10:45:00+00:00,90.79776900341734,90.90115216076295,90.64284390086063,90.77199803081179,297.0
2025-09-12 10:46:00+00:00,90.77199803081179,91.42705551725379,90.94441805060242,91.1857367839281,353.0
2025-09-12 10:47:00+00:00,91.1857367839281,91.26334050538608,91.04590137058983,91.15462093798796,192.0
2025-09-12 10:48:00+00:00,91.15462093798796,91.41291886164548,90.96612253249351,91.1895206970695,353.0
2025-09-12 10:49:00+00:00,91.1895206970695,91.42838112445429,90.84187319578541,91.13512716011985,368.0
2025-09-12 10:50:00+00:00,91.13512716011985,91.2137927687223,91.15828579448012,91.18603928160121,324.0
2025-09-12 10:51:00+00:00,91.18603928160121,91.30930342108898,91.29150770834293,91.30040556471596,96.0
2025-09-12 10:52:00+00:00,91.30040556471596,91.34043264474404,91.2291793116781,91.28480597821107,283.0
2025-09-12 10:53:00+00:00,91.28480597821107,91.62998233385979,91.42684114253625,91.52841173819802,369.0
2025-09-12 10:54:00+00:00,91.52841173819802,91.70646254628763,91.41603957222678,91.5612510592572,139.0
2025-09-12 10:55:00+00:00,91.5612510592572,91.68823287602648,91.5085822579435,91.59840756698499,404.0
2025-09-12 10:56:00+00:00,91.59840756698499,91.51406279659226,91.43313432879744,91.47359856269485,429.0
2025-09-12 10:57:00+00:00,91.47359856269485,91.69939436101282,91.36268366780095,91.53103901440689,292.0
2025-09-12 10:58:00+00:00,91.53103901440689,91.76365537170568,91.26162340397758,91.51263938784163,483.0
2025-09-12 10:59:00+00:00,91.51263938784163,91.50912449530713,91.3492455633021,91.42918502930462,436.0
2025-09-12 11:00:00+00:00,91.42918502930462,91.55531495420783,91.09020181781159,91.32275838600971,259.0
2025-09-12 11:01:00+00:00,91.32275838600971,91.7338797223833,91.64508417061657,91.68948194649994,447.0
2025-09-12 11:02:00+00:00,91.68948194649994,92.05269967898174,91.25380425590338,91.65325196744256,469.0
2025-09-12 11:03:00+00:00,91.65325196744256,91.46125139916745,91.44507762610331,91.45316451263538,98.0
2025-09-12 11:04:00+00:00,91.45316451263538,91.40274151549019,91.31212410410637,91.35743280979828,499.0
2025-09-12 11:05:00+00:00,91.35743280979828,91.4815608409903,91.21917200892035,91.35036642495533,52.0
2025-09-12 11:06:00+00:00,91.35036642495533,91.78748588314194,91.06312310885592,91.42530449599893,268.0
2025-09-12 11:07:00+00:00,91.42530449599893,91.76589418307861,91.236945465709,91.5014198243938,472.0
2025-09-12 11:08:00+00:00,91.5014198243938,91.75608773429448,91.43257977540216,91.59433375484832,375.0
2025-09-12 11:09:00+00:00,91.59433375484832,92.00601934623229,91.00553718569925,91.50577826596577,170.0
2025-09-12 11:10:00+00:00,91.50577826596577,91.79908507526162,91.3059521262964,91.55251860077901,339.0
2025-09-12 11:11:00+00:00,91.55251860077901,91.43949859606013,91.42508028079365,91.43228943842689,146.0
2025-09-12 11:12:00+00:00,91.43228943842689,91.60633125628003,91.08836045513247,91.34734585570625,156.0
2025-09-12 11:13:00+00:00,91.34734585570625,91.53231096933064,90.91106292196616,91.2216869456484,460.0
2025-09-12 11:14:00+00:00,91.2216869456484,91.15291048104704,90.96553259621835,91.0592215386327,71.0
2025-09-12 11:15:00+00:00,91.0592215386327,91.36134098524242,91.04805251721997,91.2046967512312,482.0
2025-09-12 11:16:00+00:00,91.2046967512312,91.46318705142852,91.13471765664121,91.29895235403487,254.0
2025-09-12 11:17:00+00:00,91.29895235403487,91.50739254816135,91.35821377844316,91.43280316330225,79.0
2025-09-12 11:18:00+00:00,91.43280316330225,91.46156830208514,91.41482185395793,91.43819507802154,404.0
2025-09-12 11:19:00+00:00,91.43819507802154,91.65584859584634,91.43375543742987,91.5448020166381,71.0
2025-09-12 11:20:00+00:00,91.5448020166381,91.58580297697715,91.02072879030045,91.3032658836388,196.0
2025-09-12 11:21:00+00:00,91.3032658836388,91.57747595304359,91.26561703839563,91.42154649571961,158.0
2025-09-12 11:22:00+00:00,91.42154649571961,91.48234194447178,91.40933520691763,91.44583857569471,402.0
2025-09-12 11:23:00+00:00,91.44583857569471,91.57663171858098,91.48716606378528,91.53189889118313,228.0
2025-09-12 11:24:00+00:00,91.53189889118313,92.00455813238402,91.1636221605497,91.58409014646686,344.0
2025-09-12 11:25:00+00:00,91.58409014646686,91.50168921659677,91.3954960963275,91.44859265646214,82.0
2025-09-12 11:26:00+00:00,91.44859265646214,91.6114061954689,90.87525963346886,91.24333291446888,362.0
2025-09-12 11:27:00+00:00,91.24333291446888,91.24121847043091,91.05064082561441,91.14592964802266,369.0
2025-09-12 11:28:00+00:00,91.14592964802266,91.3476402204403,91.0987542733885,91.2231972469144,178.0
2025-09-12 11:29:00+00:00,91.2231972469144,91.34624065637553,91.28910865350818,91.31767465494185,446.0
2025-09-12 11:30:00+00:00,91.31767465494185,91.406934387588,90.8540472152095,91.13049080139875,261.0
2025-09-12 11:31:00+00:00,91.13049080139875,91.39641929624912,90.59653537506443,90.99647733565678,350.0
2025-09-12 11:32:00+00:00,90.99647733565678,91.1409382837544,90.6546877441377,90.89781301394605,131.0
2025-09-12 11:33:00+00:00,90.89781301394605,90.99918510900793,90.69903227899465,90.84910869400129,469.0
2025-09-12 11:34:00+00:00,90.84910869400129,90.70902981448995,90.61834322221554,90.66368651835275,160.0
2025-09-12 11:35:00+00:00,90.66368651835275,90.6063890261358,90.33461087240819,90.470499949272,331.0
2025-09-12 11:36:00+00:00,90.470499949272,90.7446160013202,89.97346577651317,90.35904088891668,90.0
2025-09-12 11:37:00+00:00,90.35904088891668,90.49762165659949,90.24384307559622,90.37073236609785,70.0
2025-09-12 11:38:00+00:00,90.37073236609785,90.33683114281472,90.08484330457209,90.2108372236934,107.0
2025-09-12 11:39:00+00:00,90.2108372236934,90.44455638622365,89.94578058821999,90.19516848722182,474.0
2025-09-12 11:40:00+00:00,90.19516848722182,90.48102821101135,90.19596533285845,90.3384967719349,144.0
2025-09-12 11:41:00+00:00,90.3384967719349,90.1991345526459,90.12540074664757,90.16226764964674,445.0
2025-09-12 11:42:00+00:00,90.16226764964674,90.42572967691041,89.84297341439631,90.13435154565336,311.0
2025-09-12 11:43:00+00:00,90.13435154565336,90.50620026783392,90.03981325173328,90.2730067597836,89.0
2025-09-12 11:44:00+00:00,90.2730067597836,90.22797680485242,90.20479720611745,90.21638700548493,248.0
2025-09-12 11:45:00+00:00,90.21638700548493,90.22173601201709,90.05584156161706,90.13878878681707,265.0
2025-09-12 11:46:00+00:00,90.13878878681707,90.68053897954034,89.91194161580528,90.29624029767281,170.0
2025-09-12 11:47:00+00:00,90.29624029767281,90.36698287648731,90.14257007527142,90.25477647587937,321.0
2025-09-12 11:48:00+00:00,90.25477647587937,90.58962935973679,90.21922931467807,90.40442933720743,437.0
2025-09-12 11:49:00+00:00,90.40442933720743,90.7520284354381,90.17320879091055,90.46261861317433,447.0
2025-09-12 11:50:00+00:00,90.46261861317433,90.49566677093391,90.33655050077114,90.41610863585252,286.0
2025-09-12 11:51:00+00:00,90.41610863585252,90.73535637303415,90.22702297456986,90.481189673802,452.0
2025-09-12 11:52:00+00:00,90.481189673802,90.54184756875375,90.50753664740549,90.52469210807962,465.0
2025-09-12 11:53:00+00:00,90.52469210807962,90.87109345395835,90.45574845597598,90.66342095496717,89.0
2025-09-12 11:54:00+00:00,90.66342095496717,90.87626008723112,90.30149849600625,90.58887929161868,335.0
2025-09-12 11:55:00+00:00,90.58887929161868,90.59459876646582,90.59435859709055,90.59447868177818,397.0
2025-09-12 11:56:00+00:00,90.59447868177818,90.62046908785707,90.5517701042598,90.58611959605844,57.0
2025-09-12 11:57:00+00:00,90.58611959605844,90.81601324160091,90.54768518778191,90.68184921469141,321.0
2025-09-12 11:58:00+00:00,90.68184921469141,90.76998481677903,90.31503250568964,90.54250866123434,461.0
2025-09-12 11:59:00+00:00,90.54250866123434,90.972987040663,90.38848004508965,90.68073354287633,170.0
2025-09-12 12:00:00+00:00,90.68073354287633,90.8368251148545,90.65154745588062,90.74418628536756,435.0
2025-09-12 12:01:00+00:00,90.74418628536756,90.81408776838,90.31612878468326,90.56510827653163,470.0
2025-09-12 12:02:00+00:00,90.56510827653163,90.97890493404314,90.47988864548164,90.72939678976239,335.0
2025-09-12 12:03:00+00:00,90.72939678976239,91.22438671196204,90.84352066299263,91.03395368747734,333.0
2025-09-12 12:04:00+00:00,91.03395368747734,91.29053425233786,91.05118152556818,91.17085788895302,290.0
2025-09-12 12:05:00+00:00,91.17085788895302,91.65261018442804,91.07982188021076,91.3662160323194,234.0
2025-09-12 12:06:00+00:00,91.3662160323194,91.51935527629306,91.23647846697244,91.37791687163275,253.0
2025-09-12 12:07:00+00:00,91.37791687163275,91.3564020130248,90.94452426363866,91.15046313833173,285.0
2025-09-12 12:08:00+00:00,91.15046313833173,91.30233556480998,90.49501023063745,90.89867289772371,266.0
2025-09-12 12:09:00+00:00,90.89867289772371,91.13942613753812,90.7274928250126,90.93345948127536,421.0
2025-09-12 12:10:00+00:00,90.93345948127536,90.94833657744685,90.75716202100692,90.85274929922689,396.0
2025-09-12 12:11:00+00:00,90.85274929922689,90.85888986248739,90.59750433577625,90.72819709913182,206.0
2025-09-12 12:12:00+00:00,90.72819709913182,91.02724002868986,90.41207629274022,90.71965816071504,280.0
2025-09-12 12:13:00+00:00,90.71965816071504,90.95616188170601,90.65076887420025,90.80346537795313,146.0
2025-09-12 12:14:00+00:00,90.80346537795313,90.62956074056417,90.58205463602668,90.60580768829543,129.0
2025-09-12 12:15:00+00:00,90.60580768829543,90.64718972451054,90.44245396144389,90.54482184297721,215.0
2025-09-12 12:16:00+00:00,90.54482184297721,90.77223176278214,90.72800962576663,90.75012069427439,76.0
2025-09-12 12:17:00+00:00,90.75012069427439,90.66004230747426,90.54768739444445,90.60386485095935,434.0
2025-09-12 12:18:00+00:00,90.60386485095935,90.73991470976087,90.70438045035702,90.72214758005894,106.0
2025-09-12 12:19:00+00:00,90.72214758005894,90.69328109908929,90.61913456431776,90.65620783170353,196.0
2025-09-12 12:20:00+00:00,90.65620783170353,90.79763117289173,90.66328404739818,90.73045761014495,163.0
2025-09-12 12:21:00+00:00,90.73045761014495,90.9767694214421,90.78307482927343,90.87992212535777,143.0
2025-09-12 12:22:00+00:00,90.87992212535777,91.03378455420962,90.92827498732215,90.98102977076589,215.0
2025-09-12 12:23:00+00:00,90.98102977076589,91.19875740664304,91.01162024750744,91.10518882707524,373.0
2025-09-12 12:24:00+00:00,91.10518882707524,90.99305135202805,90.90284955342226,90.94795045272515,451.0
2025-09-12 12:25:00+00:00,90.94795045272515,91.36843051483044,90.83157952896099,91.10000502189571,134.0
2025-09-12 12:26:00+00:00,91.10000502189571,91.21077401445193,90.75634395911179,90.98355898678186,157.0
2025-09-12 12:27:00+00:00,90.98355898678186,91.10975147762268,90.92822238820587,91.01898693291427,261.0
2025-09-12 12:28:00+00:00,91.01898693291427,91.38925700013131,90.71924644427067,91.05425172220099,193.0
2025-09-12 12:29:00+00:00,91.05425172220099,91.15525498895673,91.08581409730738,91.12053454313205,409.0
2025-09-12 12:30:00+00:00,91.12053454313205,91.26042771826177,91.0727756673128,91.16660169278728,150.0
2025-09-12 12:31:00+00:00,91.16660169278728,91.10234997184322,91.00021753951124,91.05128375567723,231.0
2025-09-12 12:32:00+00:00,91.05128375567723,91.12535872730452,90.60886034369535,90.86710953549994,295.0
2025-09-12 12:33:00+00:00,90.86710953549994,91.28382811339402,90.68835002027377,90.9860890668339,221.0
2025-09-12 12:34:00+00:00,90.9860890668339,91.05391065575577,90.96899963269044,91.0114551442231,327.0
2025-09-12 12:35:00+00:00,91.0114551442231,91.32108369661142,91.01591664632454,91.16850017146798,409.0
2025-09-12 12:36:00+00:00,91.16850017146798,91.20039670533839,91.12436934450449,91.16238302492144,289.0
2025-09-12 12:37:00+00:00,91.16238302492144,91.09029997645248,90.85057639160405,90.97043818402827,255.0
2025-09-12 12:38:00+00:00,90.97043818402827,91.40110821833136,90.80362701622877,91.10236761728007,478.0
2025-09-12 12:39:00+00:00,91.10236761728007,91.0978050094241,91.00573341967278,91.05176921454844,491.0
2025-09-12 12:40:00+00:00,91.05176921454844,91.13387519030378,91.06310726500583,91.0984912276548,497.0
2025-09-12 12:41:00+00:00,91.0984912276548,91.14059750913442,90.87952311202638,91.0100603105804,57.0
2025-09-12 12:42:00+00:00,91.0100603105804,91.40376860949077,91.06585011011792,91.23480935980434,426.0
2025-09-12 12:43:00+00:00,91.23480935980434,91.15905291306244,91.07080379242167,91.11492835274206,454.0
2025-09-12 12:44:00+00:00,91.11492835274206,91.13130400051145,91.0063413794665,91.06882268998898,412.0
2025-09-12 12:45:00+00:00,91.06882268998898,91.4373790655621,90.72962436077792,91.08350171317001,387.0
2025-09-12 12:46:00+00:00,91.08350171317001,90.99185120310625,90.87695717986489,90.93440419148557,214.0
2025-09-12 12:47:00+00:00,90.93440419148557,90.98990728797538,90.9690902393208,90.9794987636481,376.0
2025-09-12 12:48:00+00:00,90.9794987636481,91.22937335600786,91.17010889502775,91.1997411255178,310.0
2025-09-12 12:49:00+00:00,91.1997411255178,91.14078834438959,91.1245531896443,91.13267076701695,424.0
2025-09-12 12:50:00+00:00,91.13267076701695,91.24578452394073,91.12762029355068,91.1867024087457,208.0
2025-09-12 12:51:00+00:00,91.1867024087457,91.11502396138603,90.5077938488193,90.81140890510267,384.0
2025-09-12 12:52:00+00:00,90.81140890510267,91.07387242503196,90.53834004818862,90.80610623661029,402.0
2025-09-12 12:53:00+00:00,90.80610623661029,90.8411143584465,90.68583968024495,90.76347701934573,425.0
2025-09-12 12:54:00+00:00,90.76347701934573,90.8031868301865,90.50103490089764,90.65211086554207,127.0
2025-09-12 12:55:00+00:00,90.65211086554207,90.90845316623847,90.69011454435258,90.79928385529553,438.0
2025-09-12 12:56:00+00:00,90.79928385529553,90.85909390426569,90.65062746930421,90.75486068678495,147.0
2025-09-12 12:57:00+00:00,90.75486068678495,91.35528848022221,90.10611849082346,90.73070348552284,471.0
2025-09-12 12:58:00+00:00,90.73070348552284,90.81860711955689,90.54015996586396,90.67938354271043,67.0
2025-09-12 12:59:00+00:00,90.67938354271043,90.67468023954075,90.16338872156604,90.41903448055339,150.0
2025-09-12 13:00:00+00:00,90.41903448055339,90.33493020652496,90.1963399345013,90.26563507051313,324.0
2025-09-12 13:01:00+00:00,90.26563507051313,90.62024740575289,90.17147156858344,90.39585948716817,294.0
2025-09-12 13:02:00+00:00,90.39585948716817,90.18102357151454,90.0394075150283,90.11021554327142,359.0
2025-09-12 13:03:00+00:00,90.11021554327142,90.16689874565053,89.84649283286966,90.00669578926009,231.0
2025-09-12 13:04:00+00:00,90.00669578926009,90.04423394876801,89.86125753583633,89.95274574230217,51.0
2025-09-12 13:05:00+00:00,89.95274574230217,90.27924044097513,90.09739762466516,90.18831903282015,327.0
2025-09-12 13:06:00+00:00,90.18831903282015,90.34074176711526,90.24397346698579,90.29235761705053,279.0
2025-09-12 13:07:00+00:00,90.29235761705053,90.30123509032691,90.13261847286583,90.21692678159637,278.0
2025-09-12 13:08:00+00:00,90.21692678159637,90.43427831197933,90.35298856292074,90.39363343745003,219.0
2025-09-12 13:09:00+00:00,90.39363343745003,90.45682047388514,90.12974414215016,90.29328230801765,450.0
2025-09-12 13:10:00+00:00,90.29328230801765,90.62012577312316,90.23999062183483,90.430058197479,406.0
2025-09-12 13:11:00+00:00,90.430058197479,90.47294391438372,90.0188978927532,90.24592090356846,131.0
2025-09-12 13:12:00+00:00,90.24592090356846,90.5635965077243,90.21905074271007,90.39132362521718,67.0
2025-09-12 13:13:00+00:00,90.39132362521718,90.48323328681715,90.1893146299565,90.33627395838683,131.0
2025-09-12 13:14:00+00:00,90.33627395838683,90.30275287899462,90.09127621373355,90.19701454636409,71.0
2025-09-12 13:15:00+00:00,90.19701454636409,90.21091351719565,90.12436802666127,90.16764077192846,369.0
2025-09-12 13:16:00+00:00,90.16764077192846,90.55826529686647,89.8520542655281,90.20515978119728,329.0
2025-09-12 13:17:00+00:00,90.20515978119728,90.23245260277507,90.04403004378385,90.13824132327946,258.0
2025-09-12 13:18:00+00:00,90.13824132327946,90.25345389324323,90.17288819047951,90.21317104186137,316.0
2025-09-12 13:19:00+00:00,90.21317104186137,90.27100208269587,89.99762778918864,90.13431493594226,413.0
2025-09-12 13:20:00+00:00,90.13431493594226,90.41534678427581,90.02111168486596,90.21822923457088,423.0
2025-09-12 13:21:00+00:00,90.21822923457088,90.29453731471973,90.26165033429167,90.2780938245057,245.0
2025-09-12 13:22:00+00:00,90.2780938245057,90.33000561556955,90.20968273559706,90.2698441755833,316.0
2025-09-12 13:23:00+00:00,90.2698441755833,90.32597659949023,90.09422077426673,90.21009868687848,309.0
2025-09-12 13:24:00+00:00,90.21009868687848,90.32979796596221,90.13141559976116,90.23060678286168,477.0
2025-09-12 13:25:00+00:00,90.23060678286168,90.55616362734946,90.05406061253069,90.30511211994008,392.0
2025-09-12 13:26:00+00:00,90.30511211994008,90.72037998829981,90.44928190269698,90.5848309454984,191.0
2025-09-12 13:27:00+00:00,90.5848309454984,90.84101756495325,90.58411600053763,90.71256678274544,449.0
2025-09-12 13:28:00+00:00,90.71256678274544,90.91691469419249,90.7740170465924,90.84546587039245,229.0
2025-09-12 13:29:00+00:00,90.84546587039245,91.58605479585609,90.94856172156736,91.26730825871172,390.0
2025-09-12 13:30:00+00:00,91.26730825871172,91.45652051894663,91.21942110388076,91.3379708114137,489.0
2025-09-12 13:31:00+00:00,91.3379708114137,91.72739778226025,91.0813911870903,91.40439448467528,414.0
2025-09-12 13:32:00+00:00,91.40439448467528,91.64464810605365,91.35729304661278,91.50097057633322,98.0
2025-09-12 13:33:00+00:00,91.50097057633322,91.47843912640187,91.24674740740318,91.36259326690252,142.0
2025-09-12 13:34:00+00:00,91.36259326690252,91.30368937143632,91.29986964587675,91.30177950865654,408.0
2025-09-12 13:35:00+00:00,91.30177950865654,91.52768552491885,90.93728364714737,91.23248458603311,105.0
2025-09-12 13:36:00+00:00,91.23248458603311,91.34909303161342,91.29321255724716,91.32115279443029,55.0
2025-09-12 13:37:00+00:00,91.32115279443029,91.50886734758002,91.08572700868574,91.29729717813288,166.0
2025-09-12 13:38:00+00:00,91.29729717813288,91.50045087643005,91.13200568023987,91.31622827833496,268.0
2025-09-12 13:39:00+00:00,91.31622827833496,91.6041400150372,91.32646640686785,91.46530321095253,107.0
2025-09-12 13:40:00+00:00,91.46530321095253,91.68789222745772,91.47971261746022,91.58380242245897,119.0
2025-09-12 13:41:00+00:00,91.58380242245897,91.67137511937973,91.45180204125303,91.56158858031638,202.0
2025-09-12 13:42:00+00:00,91.56158858031638,92.02624969552654,90.91298246604045,91.4696160807835,319.0
2025-09-12 13:43:00+00:00,91.4696160807835,92.08717010616002,91.16385689120943,91.62551349868473,294.0
2025-09-12 13:44:00+00:00,91.62551349868473,91.85315061028369,91.61072443463301,91.73193752245835,409.0
2025-09-12 13:45:00+00:00,91.73193752245835,91.67062562518878,91.35174635848419,91.51118599183648,491.0
2025-09-12 13:46:00+00:00,91.51118599183648,91.50103392303443,91.43538698411503,91.46821045357473,64.0
2025-09-12 13:47:00+00:00,91.46821045357473,91.91529238709309,91.06655236792413,91.49092237750861,359.0
2025-09-12 13:48:00+00:00,91.49092237750861,91.75237636559889,91.44336085202956,91.59786860881422,123.0
2025-09-12 13:49:00+00:00,91.59786860881422,91.85260088857574,91.59339718373239,91.72299903615406,212.0
2025-09-12 13:50:00+00:00,91.72299903615406,91.88684916273897,91.63728767605332,91.76206841939614,204.0
2025-09-12 13:51:00+00:00,91.76206841939614,91.89289725460725,91.79242089410104,91.84265907435415,365.0
2025-09-12 13:52:00+00:00,91.84265907435415,91.90615592334758,91.79683455885707,91.85149524110233,165.0
2025-09-12 13:53:00+00:00,91.85149524110233,91.93648237116618,91.58091906606747,91.75870071861682,452.0
2025-09-12 13:54:00+00:00,91.75870071861682,91.92095816495043,91.52453751981503,91.72274784238273,222.0
2025-09-12 13:55:00+00:00,91.72274784238273,91.9978720056351,91.45284952503401,91.72536076533456,416.0
2025-09-12 13:56:00+00:00,91.72536076533456,92.23550181765437,91.20567706105884,91.7205894393566,478.0
2025-09-12 13:57:00+00:00,91.7205894393566,91.97325272682852,90.94982161549842,91.46153717116347,279.0
2025-09-12 13:58:00+00:00,91.46153717116347,91.78012228566097,91.0339212529038,91.40702176928238,95.0
2025-09-12 13:59:00+00:00,91.40702176928238,91.70622239410169,91.12323456826154,91.41472848118161,365.0
2025-09-12 14:00:00+00:00,91.41472848118161,91.39546883941729,91.35684032016017,91.37615457978873,240.0
2025-09-12 14:01:00+00:00,91.37615457978873,91.60871786351036,91.07594239198137,91.34233012774587,202.0
2025-09-12 14:02:00+00:00,91.34233012774587,91.43119455366045,91.38723746213142,91.40921600789594,255.0
2025-09-12 14:03:00+00:00,91.40921600789594,91.61583616105294,90.90695526520226,91.2613957131276,184.0
2025-09-12 14:04:00+00:00,91.2613957131276,91.38092564913954,90.69667737332283,91.03880151123118,176.0
2025-09-12 14:05:00+00:00,91.03880151123118,91.24805140820652,90.7344855593224,90.99126848376446,495.0
2025-09-12 14:06:00+00:00,90.99126848376446,91.1027570217773,91.088482744585,91.09561988318114,175.0
2025-09-12 14:07:00+00:00,91.09561988318114,91.60623450897016,91.04677552784203,91.3265050184061,256.0
2025-09-12 14:08:00+00:00,91.3265050184061,91.56770770960892,91.29971519203593,91.43371145082243,371.0
2025-09-12 14:09:00+00:00,91.43371145082243,91.6479292662657,90.81719039858167,91.23255983242369,149.0
2025-09-12 14:10:00+00:00,91.23255983242369,91.41624643115993,90.98528594182521,91.20076618649257,328.0
2025-09-12 14:11:00+00:00,91.20076618649257,91.60157908761123,90.87018255849448,91.23588082305285,452.0
2025-09-12 14:12:00+00:00,91.23588082305285,91.32562868133687,91.19474748554825,91.26018808344256,415.0
2025-09-12 14:13:00+00:00,91.26018808344256,91.5266883170693,91.14139869241544,91.33404350474237,62.0
2025-09-12 14:14:00+00:00,91.33404350474237,91.5338118724489,90.88317451518475,91.20849319381682,232.0
2025-09-12 14:15:00+00:00,91.20849319381682,91.2717339853385,91.1630233513329,91.2173786683357,50.0
2025-09-12 14:16:00+00:00,91.2173786683357,91.3510766925611,91.19873915176694,91.27490792216402,323.0
2025-09-12 14:17:00+00:00,91.27490792216402,91.57952362673075,91.19652140254007,91.38802251463541,196.0
2025-09-12 14:18:00+00:00,91.38802251463541,91.56689978884494,90.98837970354795,91.27763974619644,452.0
2025-09-12 14:19:00+00:00,91.27763974619644,91.40311960561739,91.05766903695807,91.23039432128773,128.0
2025-09-12 14:20:00+00:00,91.23039432128773,91.40349781997206,90.31877837779003,90.86113809888104,433.0
2025-09-12 14:21:00+00:00,90.86113809888104,91.27219569594398,90.28075920915948,90.77647745255173,204.0
2025-09-12 14:22:00+00:00,90.77647745255173,91.11286177540684,90.29733567503662,90.70509872522173,464.0
2025-09-12 14:23:00+00:00,90.70509872522173,91.03824288993958,90.09472207058876,90.56648248026417,139.0
2025-09-12 14:24:00+00:00,90.56648248026417,90.60998357157142,90.56798370813134,90.58898363985138,171.0
2025-09-12 14:25:00+00:00,90.58898363985138,90.76794076923548,90.39482302891537,90.58138189907542,207.0
2025-09-12 14:26:00+00:00,90.58138189907542,90.3422935077392,90.20758121746643,90.27493736260281,493.0
2025-09-12 14:27:00+00:00,90.27493736260281,90.50134291646859,90.10690614861986,90.30412453254422,380.0
2025-09-12 14:28:00+00:00,90.30412453254422,90.29443182599171,90.0624977654151,90.1784647957034,417.0
2025-09-12 14:29:00+00:00,90.1784647957034,90.2977994478776,90.19057407248832,90.24418676018296,298.0
2025-09-12 14:30:00+00:00,90.24418676018296,90.07370640806016,90.0679616675308,90.07083403779548,407.0
2025-09-12 14:31:00+00:00,90.07083403779548,90.2029775441225,89.94679885580034,90.07488819996142,332.0
2025-09-12 14:32:00+00:00,90.07488819996142,90.15507902992312,89.91819590238217,90.03663746615264,350.0
2025-09-12 14:33:00+00:00,90.03663746615264,90.14363627237394,90.01152809774472,90.07758218505933,426.0
2025-09-12 14:34:00+00:00,90.07758218505933,90.31446286023348,89.8744019493794,90.09443240480644,492.0
2025-09-12 14:35:00+00:00,90.09443240480644,90.16166250799861,89.95824888373173,90.05995569586517,309.0
2025-09-12 14:36:00+00:00,90.05995569586517,89.9585912695717,89.74672815063268,89.85265971010219,248.0
2025-09-12 14:37:00+00:00,89.85265971010219,89.68233093278624,89.62523612898701,89.65378353088663,343.0
2025-09-12 14:38:00+00:00,89.65378353088663,89.88521853941371,89.26537425408095,89.57529639674733,383.0
2025-09-12 14:39:00+00:00,89.57529639674733,89.6118480570419,89.53651973109851,89.5741838940702,493.0
2025-09-12 14:40:00+00:00,89.5741838940702,89.69828516034048,89.28670722826979,89.49249619430513,364.0
2025-09-12 14:41:00+00:00,89.49249619430513,89.97777313855532,89.1751533124853,89.57646322552031,479.0
2025-09-12 14:42:00+00:00,89.57646322552031,89.64424317775017,89.4336641173707,89.53895364756043,379.0
2025-09-12 14:43:00+00:00,89.53895364756043,89.41562712399272,89.40324900373685,89.40943806386478,478.0
2025-09-12 14:44:00+00:00,89.40943806386478,89.80187968292127,88.94241870088426,89.37214919190276,388.0
2025-09-12 14:45:00+00:00,89.37214919190276,89.84049390046214,88.96437147946615,89.40243268996414,448.0
2025-09-12 14:46:00+00:00,89.40243268996414,89.46752550502849,89.42449756294577,89.44601153398713,135.0
2025-09-12 14:47:00+00:00,89.44601153398713,90.02504379358155,89.37173059074158,89.69838719216156,496.0
2025-09-12 14:48:00+00:00,89.69838719216156,89.78429331444023,89.43257107565482,89.60843219504753,207.0
2025-09-12 14:49:00+00:00,89.60843219504753,89.64623140314713,89.550881152477,89.59855627781207,408.0
2025-09-12 14:50:00+00:00,89.59855627781207,89.73020056781988,89.58148887316051,89.6558447204902,226.0
2025-09-12 14:51:00+00:00,89.6558447204902,89.69404899065943,89.61134054541442,89.65269476803692,256.0
2025-09-12 14:52:00+00:00,89.65269476803692,89.93607281582261,89.23472196449579,89.5853973901592,386.0
2025-09-12 14:53:00+00:00,89.5853973901592,89.47766149075149,89.27724425662696,89.37745287368922,293.0
2025-09-12 14:54:00+00:00,89.37745287368922,89.60544862015078,89.01253831588832,89.30899346801955,372.0
2025-09-12 14:55:00+00:00,89.30899346801955,89.24552291978915,89.08502170371892,89.16527231175404,85.0
2025-09-12 14:56:00+00:00,89.16527231175404,89.09928696953482,88.76999516128801,88.93464106541141,425.0
2025-09-12 14:57:00+00:00,88.93464106541141,88.87868593007774,88.77843259993459,88.82855926500616,233.0
2025-09-12 14:58:00+00:00,88.82855926500616,88.94615097394819,88.43215162584889,88.68915129989854,404.0
2025-09-12 14:59:00+00:00,88.68915129989854,88.8741481376331,88.65954908993074,88.76684861378192,178.0
2025-09-12 15:00:00+00:00,88.76684861378192,88.93263045313785,88.76121004359007,88.84692024836396,318.0
2025-09-12 15:01:00+00:00,88.84692024836396,88.875555300283,88.57752777159683,88.72654153593992,314.0
2025-09-12 15:02:00+00:00,88.72654153593992,88.80248193758423,88.58134709239279,88.69191451498851,112.0
2025-09-12 15:03:00+00:00,88.69191451498851,88.69793206277701,88.19215211218177,88.4450420874794,263.0
2025-09-12 15:04:00+00:00,88.4450420874794,88.54972498937748,88.20924205081916,88.37948352009832,335.0
2025-09-12 15:05:00+00:00,88.37948352009832,88.53814337086665,88.32664077345744,88.43239207216205,426.0
2025-09-12 15:06:00+00:00,88.43239207216205,88.79845811411522,88.28531518427286,88.54188664919404,449.0
2025-09-12 15:07:00+00:00,88.54188664919404,88.53407685810508,88.36039409279643,88.44723547545075,223.0
2025-09-12 15:08:00+00:00,88.44723547545075,88.72684339526334,88.44694881536678,88.58689610531506,339.0
2025-09-12 15:09:00+00:00,88.58689610531506,88.4253960933156,88.34604234556225,88.38571921943893,128.0
2025-09-12 15:10:00+00:00,88.38571921943893,88.38453360216883,88.05639675543645,88.22046517880264,453.0
2025-09-12 15:11:00+00:00,88.22046517880264,88.33869997115275,88.2901504882237,88.31442522968823,440.0
2025-09-12 15:12:00+00:00,88.31442522968823,88.90425579979429,88.16790237552713,88.53607908766071,499.0
2025-09-12 15:13:00+00:00,88.53607908766071,88.82508503252193,88.37818125710798,88.60163314481495,268.0
2025-09-12 15:14:00+00:00,88.60163314481495,88.61569265509367,88.5768507549838,88.59627170503873,211.0
2025-09-12 15:15:00+00:00,88.59627170503873,88.47931942173024,88.13072824159873,88.30502383166449,391.0
2025-09-12 15:16:00+00:00,88.30502383166449,88.18946041733476,87.88562240338128,88.03754141035802,375.0
2025-09-12 15:17:00+00:00,88.03754141035802,88.22486325876244,87.88440157184493,88.05463241530369,145.0
2025-09-12 15:18:00+00:00,88.05463241530369,88.20862330039375,87.80607969653155,88.00735149846265,292.0
2025-09-12 15:19:00+00:00,88.00735149846265,88.00544125691268,87.7175388782292,87.86149006757094,339.0
2025-09-12 15:20:00+00:00,87.86149006757094,87.9367435043244,87.80351085042082,87.87012717737261,254.0
2025-09-12 15:21:00+00:00,87.87012717737261,88.09104932798236,87.67955747129129,87.88530339963683,217.0
2025-09-12 15:22:00+00:00,87.88530339963683,88.0491006534871,87.97068342477388,88.00989203913049,157.0
2025-09-12 15:23:00+00:00,88.00989203913049,88.25314901910569,87.80270581108012,88.0279274150929,235.0
2025-09-12 15:24:00+00:00,88.0279274150929,88.28360480480349,88.09694810736598,88.19027645608473,160.0
2025-09-12 15:25:00+00:00,88.19027645608473,88.25482620304285,88.12784170883484,88.19133395593884,185.0
2025-09-12 15:26:00+00:00,88.19133395593884,88.25852505661467,88.09363085353371,88.17607795507419,133.0
2025-09-12 15:27:00+00:00,88.17607795507419,88.36827894515645,88.26564244288008,88.31696069401826,219.0
2025-09-12 15:28:00+00:00,88.31696069401826,88.4504229363394,87.92444982179195,88.18743637906567,334.0
2025-09-12 15:29:00+00:00,88.18743637906567,88.57252507859093,88.54851833207235,88.56052170533164,219.0
2025-09-12 15:30:00+00:00,88.56052170533164,88.72805416502653,88.49271630461793,88.61038523482223,113.0
2025-09-12 15:31:00+00:00,88.61038523482223,88.67129366429899,88.65074200656284,88.66101783543091,410.0
2025-09-12 15:32:00+00:00,88.66101783543091,88.75851922531139,88.70323809432456,88.73087865981798,244.0
2025-09-12 15:33:00+00:00,88.73087865981798,89.36444801711771,88.59769334523857,88.98107068117814,312.0
2025-09-12 15:34:00+00:00,88.98107068117814,89.35455685529959,88.81926477480465,89.08691081505212,285.0
2025-09-12 15:35:00+00:00,89.08691081505212,88.8903266596259,88.8550425085126,88.87268458406925,277.0
2025-09-12 15:36:00+00:00,88.87268458406925,89.10772512089729,89.01222874027603,89.05997693058666,247.0
2025-09-12 15:37:00+00:00,89.05997693058666,89.17063974873672,88.85825667079523,89.01444820976597,390.0
2025-09-12 15:38:00+00:00,89.01444820976597,89.06725548854372,88.9902582798422,89.02875688419296,434.0
2025-09-12 15:39:00+00:00,89.02875688419296,88.92681633699716,88.78935386231895,88.85808509965806,456.0
2025-09-12 15:40:00+00:00,88.85808509965806,89.11735768395287,88.73913979957125,88.92824874176206,249.0
2025-09-12 15:41:00+00:00,88.92824874176206,89.00780740198452,88.67499822449172,88.84140281323812,203.0
2025-09-12 15:42:00+00:00,88.84140281323812,89.10115998043135,88.60834528534043,88.85475263288589,87.0
2025-09-12 15:43:00+00:00,88.85475263288589,89.03382681204383,88.59996394715205,88.81689537959794,249.0
2025-09-12 15:44:00+00:00,88.81689537959794,89.09349500055234,89.05395798836841,89.07372649446037,496.0
2025-09-12 15:45:00+00:00,89.07372649446037,89.55941358715299,89.11852962365472,89.33897160540386,167.0
2025-09-12 15:46:00+00:00,89.33897160540386,89.64370390178998,89.04670606029303,89.3452049810415,430.0
2025-09-12 15:47:00+00:00,89.3452049810415,89.68065331729403,89.02690577285671,89.35377954507537,390.0
2025-09-12 15:48:00+00:00,89.35377954507537,89.36262473096569,89.24485677029215,89.30374075062892,347.0
2025-09-12 15:49:00+00:00,89.30374075062892,89.61052701088148,89.29351191551639,89.45201946319894,304.0
2025-09-12 15:50:00+00:00,89.45201946319894,89.57943657742838,89.23635648019568,89.40789652881203,390.0
2025-09-12 15:51:00+00:00,89.40789652881203,89.66319358000078,89.03962254406304,89.35140806203191,94.0
2025-09-12 15:52:00+00:00,89.35140806203191,89.64553612234336,89.31978857220894,89.48266234727615,107.0
2025-09-12 15:53:00+00:00,89.48266234727615,89.70721183417038,89.1136658764263,89.41043885529834,138.0
2025-09-12 15:54:00+00:00,89.41043885529834,89.85459449836247,88.95615641639293,89.4053754573777,394.0
2025-09-12 15:55:00+00:00,89.4053754573777,89.43118456966634,88.95593590983263,89.19356023974949,244.0
2025-09-12 15:56:00+00:00,89.19356023974949,89.40155965035638,89.17408811283735,89.28782388159686,143.0
2025-09-12 15:57:00+00:00,89.28782388159686,89.77864885586776,89.3176437727261,89.54814631429693,70.0
2025-09-12 15:58:00+00:00,89.54814631429693,89.75821042339358,89.53194023341676,89.64507532840517,270.0
2025-09-12 15:59:00+00:00,89.64507532840517,89.9043541297527,89.77935713877369,89.8418556342632,229.0
2025-09-12 16:00:00+00:00,89.8418556342632,89.80192936042208,89.653880401748,89.72790488108504,130.0
2025-09-12 16:01:00+00:00,89.72790488108504,89.92653781422192,89.59289787264186,89.75971784343189,60.0
2025-09-12 16:02:00+00:00,89.75971784343189,89.75975043543741,89.50589151374078,89.6328209745891,389.0
2025-09-12 16:03:00+00:00,89.6328209745891,89.85221764073837,89.35218896439777,89.60220330256807,400.0
2025-09-12 16:04:00+00:00,89.60220330256807,89.79257683813779,89.61952558195426,89.70605121004603,160.0
2025-09-12 16:05:00+00:00,89.70605121004603,89.83939171083756,89.60011457731008,89.71975314407382,272.0
2025-09-12 16:06:00+00:00,89.71975314407382,89.5625415483237,89.49714188546305,89.52984171689337,163.0
2025-09-12 16:07:00+00:00,89.52984171689337,89.65349126703774,89.05333724900953,89.35341425802363,233.0
2025-09-12 16:08:00+00:00,89.35341425802363,89.22470519535786,89.1122714337556,89.16848831455673,99.0
2025-09-12 16:09:00+00:00,89.16848831455673,89.39374115756141,89.0747501941041,89.23424567583275,475.0
2025-09-12 16:10:00+00:00,89.23424567583275,89.64652280052306,89.37533489263404,89.51092884657855,374.0
2025-09-12 16:11:00+00:00,89.51092884657855,89.87082580136567,89.51727071195052,89.69404825665809,455.0
2025-09-12 16:12:00+00:00,89.69404825665809,89.70054469825294,89.17810082825173,89.43932276325233,183.0
2025-09-12 16:13:00+00:00,89.43932276325233,89.63370846388426,89.62664395243354,89.6301762081589,442.0
2025-09-12 16:14:00+00:00,89.6301762081589,89.88204963966356,89.63026889424728,89.75615926695542,283.0
2025-09-12 16:15:00+00:00,89.75615926695542,89.639056836872,89.4576430107001,89.54834992378605,139.0
2025-09-12 16:16:00+00:00,89.54834992378605,89.62223791466981,89.39302683933305,89.50763237700143,199.0
2025-09-12 16:17:00+00:00,89.50763237700143,89.72159322812796,89.58808621484657,89.65483972148726,415.0
2025-09-12 16:18:00+00:00,89.65483972148726,90.06590556742458,89.39188209453201,89.7288938309783,398.0
2025-09-12 16:19:00+00:00,89.7288938309783,89.59879947323358,89.50694299439914,89.55287123381636,374.0
2025-09-12 16:20:00+00:00,89.55287123381636,90.00091722642738,89.26898156351935,89.63494939497336,151.0
2025-09-12 16:21:00+00:00,89.63494939497336,89.39340636038001,89.30262862356507,89.34801749197254,341.0
2025-09-12 16:22:00+00:00,89.34801749197254,89.77456558896492,88.86175321613132,89.31815940254812,473.0
2025-09-12 16:23:00+00:00,89.31815940254812,89.75870945639531,89.18279034905865,89.47074990272698,71.0
2025-09-12 16:24:00+00:00,89.47074990272698,89.47986745608566,89.46656965026443,89.47321855317504,194.0
2025-09-12 16:25:00+00:00,89.47321855317504,89.45687080523412,89.35569175828563,89.40628128175987,86.0
2025-09-12 16:26:00+00:00,89.40628128175987,89.54709053916154,89.50417062720514,89.52563058318334,96.0
2025-09-12 16:27:00+00:00,89.52563058318334,89.70016421168356,89.61308425017677,89.65662423093016,499.0
2025-09-12 16:28:00+00:00,89.65662423093016,90.08899574777607,89.57696035575796,89.83297805176701,158.0
2025-09-12 16:29:00+00:00,89.83297805176701,89.96993834771465,89.9318066947798,89.95087252124722,130.0
2025-09-12 16:30:00+00:00,89.95087252124722,90.38458963521465,89.80920402246572,90.09689682884019,83.0
2025-09-12 16:31:00+00:00,90.09689682884019,90.22253064895712,90.16947029967857,90.19600047431784,491.0
2025-09-12 16:32:00+00:00,90.19600047431784,90.31091585673977,90.15294826873006,90.23193206273491,260.0
2025-09-12 16:33:00+00:00,90.23193206273491,90.3950221836966,90.0930732783859,90.24404773104125,406.0
2025-09-12 16:34:00+00:00,90.24404773104125,90.62174387862682,89.80212917993099,90.2119365292789,162.0
2025-09-12 16:35:00+00:00,90.2119365292789,90.11011440553678,89.98594654061175,90.04803047307426,338.0
2025-09-12 16:36:00+00:00,90.04803047307426,90.3808215778385,89.45735242464016,89.91908700123933,448.0
2025-09-12 16:37:00+00:00,89.91908700123933,89.98402404139043,89.77809059539416,89.8810573183923,352.0
2025-09-12 16:38:00+00:00,89.8810573183923,90.06798602221878,89.75924633215482,89.9136161771868,282.0
2025-09-12 16:39:00+00:00,89.9136161771868,90.20119304297467,90.01510560142893,90.1081493222018,144.0
2025-09-12 16:40:00+00:00,90.1081493222018,90.15753771654414,90.04746246949432,90.10250009301923,155.0
2025-09-12 16:41:00+00:00,90.10250009301923,90.46035655181723,90.01609504703873,90.23822579942798,318.0
2025-09-12 16:42:00+00:00,90.23822579942798,90.83832403029083,89.93055080716994,90.38443741873039,253.0
2025-09-12 16:43:00+00:00,90.38443741873039,90.68916572007167,90.01696244410236,90.35306408208702,70.0
2025-09-12 16:44:00+00:00,90.35306408208702,90.61575128961522,90.25164504064563,90.43369816513042,138.0
2025-09-12 16:45:00+00:00,90.43369816513042,90.40861357569904,90.39272539615044,90.40066948592474,244.0
2025-09-12 16:46:00+00:00,90.40066948592474,90.62762125226301,90.53263941932194,90.58013033579248,130.0
2025-09-12 16:47:00+00:00,90.58013033579248,90.83735850493308,90.49576890803188,90.66656370648248,299.0
2025-09-12 16:48:00+00:00,90.66656370648248,90.83246786221103,90.177137284169,90.50480257319002,185.0
2025-09-12 16:49:00+00:00,90.50480257319002,90.78174680120881,90.27171992876362,90.52673336498621,181.0
2025-09-12 16:50:00+00:00,90.52673336498621,90.76210602411018,90.73950905736808,90.75080754073913,98.0
2025-09-12 16:51:00+00:00,90.75080754073913,90.79236892700813,90.65991227218719,90.72614059959766,276.0
2025-09-12 16:52:00+00:00,90.72614059959766,91.12060609016908,90.45357440686249,90.78709024851578,134.0
2025-09-12 16:53:00+00:00,90.78709024851578,90.86993696016317,90.8529806768207,90.86145881849194,333.0
2025-09-12 16:54:00+00:00,90.86145881849194,90.7925052261225,90.64806477717892,90.72028500165071,472.0
2025-09-12 16:55:00+00:00,90.72028500165071,91.05601579299275,90.52360217530017,90.78980898414646,460.0
2025-09-12 16:56:00+00:00,90.78980898414646,90.68403395756286,90.51634251734419,90.60018823745352,350.0
2025-09-12 16:57:00+00:00,90.60018823745352,90.58783344349968,90.4425778092185,90.51520562635909,413.0
2025-09-12 16:58:00+00:00,90.51520562635909,90.8011403845733,90.52161452210112,90.66137745333721,464.0
2025-09-12 16:59:00+00:00,90.66137745333721,90.92005187191255,90.49976105207283,90.70990646199269,356.0
2025-09-12 17:00:00+00:00,90.70990646199269,91.09982020572942,90.23715417618784,90.66848719095863,165.0
2025-09-12 17:01:00+00:00,90.66848719095863,91.17965246610716,90.278802424662,90.72922744538458,275.0
2025-09-12 17:02:00+00:00,90.72922744538458,90.72179485367143,90.72030440460104,90.72104962913623,435.0
2025-09-12 17:03:00+00:00,90.72104962913623,90.74456365784414,90.70095903753284,90.72276134768849,350.0
2025-09-12 17:04:00+00:00,90.72276134768849,90.90395713121873,90.72041882663831,90.81218797892852,213.0
2025-09-12 17:05:00+00:00,90.81218797892852,90.83539120329225,90.59093124952581,90.71316122640903,125.0
2025-09-12 17:06:00+00:00,90.71316122640903,90.92683197764751,90.51046793584183,90.71864995674467,114.0
2025-09-12 17:07:00+00:00,90.71864995674467,90.67782558067691,90.67450858632364,90.67616708350027,219.0
2025-09-12 17:08:00+00:00,90.67616708350027,90.56062242732645,90.36089496159411,90.46075869446028,412.0
2025-09-12 17:09:00+00:00,90.46075869446028,90.68624094904605,89.98565342656859,90.33594718780732,298.0
2025-09-12 17:10:00+00:00,90.33594718780732,90.6220913230247,90.47529955049583,90.54869543676027,76.0
2025-09-12 17:11:00+00:00,90.54869543676027,90.6130113737515,90.58891824345622,90.60096480860386,463.0
2025-09-12 17:12:00+00:00,90.60096480860386,90.98084179091914,89.86168958447549,90.42126568769731,232.0
2025-09-12 17:13:00+00:00,90.42126568769731,90.25651023210654,90.16866111390834,90.21258567300744,225.0
2025-09-12 17:14:00+00:00,90.21258567300744,90.32281882724736,90.07199928589743,90.1974090565724,418.0
2025-09-12 17:15:00+00:00,90.1974090565724,90.5549593169788,90.2627987600564,90.4088790385176,219.0
2025-09-12 17:16:00+00:00,90.4088790385176,90.5488223982615,90.21828899225846,90.38355569525999,327.0
2025-09-12 17:17:00+00:00,90.38355569525999,90.6264669937684,90.49538581907588,90.56092640642214,464.0
2025-09-12 17:18:00+00:00,90.56092640642214,90.65265497026319,90.5648366139388,90.60874579210099,283.0
2025-09-12 17:19:00+00:00,90.60874579210099,90.69556153611965,90.65007357233547,90.67281755422756,326.0
2025-09-12 17:20:00+00:00,90.67281755422756,90.62163524968622,90.36102298080917,90.4913291152477,209.0
2025-09-12 17:21:00+00:00,90.4913291152477,90.69242038619743,90.5449299729008,90.61867517954911,450.0
2025-09-12 17:22:00+00:00,90.61867517954911,91.03251212752096,90.11380780776719,90.57315996764407,83.0
2025-09-12 17:23:00+00:00,90.57315996764407,90.96498877636836,90.41600206576223,90.6904954210653,174.0
2025-09-12 17:24:00+00:00,90.6904954210653,90.6486288951434,90.51098471645388,90.57980680579864,495.0
2025-09-12 17:25:00+00:00,90.57980680579864,90.79771936400134,90.41001192379314,90.60386564389724,267.0
2025-09-12 17:26:00+00:00,90.60386564389724,90.84869824068352,90.45473679592368,90.6517175183036,128.0
2025-09-12 17:27:00+00:00,90.6517175183036,90.68980090673246,90.57174881475366,90.63077486074306,236.0
2025-09-12 17:28:00+00:00,90.63077486074306,90.90067919184597,90.47089664211188,90.68578791697892,164.0
2025-09-12 17:29:00+00:00,90.68578791697892,90.9865851333102,90.31252989313438,90.64955751322229,286.0
2025-09-12 17:30:00+00:00,90.64955751322229,90.73587168585402,90.38681829908325,90.56134499246863,156.0
2025-09-12 17:31:00+00:00,90.56134499246863,90.88944991662552,90.66994990857214,90.77969991259883,229.0
2025-09-12 17:32:00+00:00,90.77969991259883,91.41848893940399,90.42680662446968,90.92264778193683,458.0
2025-09-12 17:33:00+00:00,90.92264778193683,90.84079308064024,90.79708135864298,90.81893721964161,87.0
2025-09-12 17:34:00+00:00,90.81893721964161,91.31075114189319,90.48206586827713,90.89640850508516,393.0
2025-09-12 17:35:00+00:00,90.89640850508516,90.84215875731599,90.74825049506359,90.79520462618979,85.0
2025-09-12 17:36:00+00:00,90.79520462618979,90.68978313275909,90.57822161129795,90.63400237202852,255.0
2025-09-12 17:37:00+00:00,90.63400237202852,90.84398591163209,90.70533175611116,90.77465883387163,350.0
2025-09-12 17:38:00+00:00,90.77465883387163,90.75627578498879,90.32956730384356,90.54292154441617,479.0
2025-09-12 17:39:00+00:00,90.54292154441617,90.97665990962678,90.36111899657469,90.66888945310073,162.0
2025-09-12 17:40:00+00:00,90.66888945310073,90.86904222837167,90.40000755142763,90.63452488989965,73.0
2025-09-12 17:41:00+00:00,90.63452488989965,90.6856044472783,90.52593418013343,90.60576931370586,387.0
2025-09-12 17:42:00+00:00,90.60576931370586,90.86888109011568,90.45406924554484,90.66147516783026,452.0
2025-09-12 17:43:00+00:00,90.66147516783026,90.76993642916275,90.711159857144,90.74054814315338,304.0
2025-09-12 17:44:00+00:00,90.74054814315338,90.73993009457432,90.51635704918179,90.62814357187806,77.0
2025-09-12 17:45:00+00:00,90.62814357187806,90.95474403227743,90.49678660960964,90.72576532094354,275.0
2025-09-12 17:46:00+00:00,90.72576532094354,90.9915167323723,90.49087341984145,90.74119507610688,226.0
2025-09-12 17:47:00+00:00,90.74119507610688,90.67220281172955,90.46858150930929,90.57039216051942,253.0
2025-09-12 17:48:00+00:00,90.57039216051942,90.595389750866,90.49924365453212,90.54731670269906,74.0
2025-09-12 17:49:00+00:00,90.54731670269906,91.00924561014168,90.46099009500051,90.7351178525711,192.0
2025-09-12 17:50:00+00:00,90.7351178525711,91.16723447368476,90.75995366349996,90.96359406859236,499.0
2025-09-12 17:51:00+00:00,90.96359406859236,91.08979232696745,91.03325894962097,91.06152563829421,70.0
2025-09-12 17:52:00+00:00,91.06152563829421,90.90621608601717,90.89194184569575,90.89907896585646,461.0
2025-09-12 17:53:00+00:00,90.89907896585646,91.18587927861724,90.74611503954945,90.96599715908334,282.0
2025-09-12 17:54:00+00:00,90.96599715908334,91.24520154213147,90.91913924708172,91.08217039460659,313.0
2025-09-12 17:55:00+00:00,91.08217039460659,91.42415348598036,90.93859244636815,91.18137296617425,470.0
2025-09-12 17:56:00+00:00,91.18137296617425,91.39265067616068,91.18494134391017,91.28879601003543,148.0
2025-09-12 17:57:00+00:00,91.28879601003543,91.78785562786703,90.88924904911548,91.33855233849125,492.0
2025-09-12 17:58:00+00:00,91.33855233849125,91.55959673086656,91.09766690908668,91.32863181997662,174.0
2025-09-12 17:59:00+00:00,91.32863181997662,91.67028955920553,90.82036599838206,91.2453277787938,207.0
2025-09-12 18:00:00+00:00,91.2453277787938,91.08124301956566,90.89061812171421,90.98593057063994,252.0
2025-09-12 18:01:00+00:00,90.98593057063994,91.44256375051017,90.62202887699357,91.03229631375187,320.0
2025-09-12 18:02:00+00:00,91.03229631375187,91.0649280555148,91.05048211550056,91.05770508550768,195.0
2025-09-12 18:03:00+00:00,91.05770508550768,91.50743482791893,90.7603537860943,91.13389430700661,406.0
2025-09-12 18:04:00+00:00,91.13389430700661,91.33173647187326,90.57073204165425,90.95123425676375,59.0
2025-09-12 18:05:00+00:00,90.95123425676375,91.45029572344224,90.62825314945557,91.0392744364489,349.0
2025-09-12 18:06:00+00:00,91.0392744364489,91.38840076648358,91.25214653407954,91.32027365028156,345.0
2025-09-12 18:07:00+00:00,91.32027365028156,91.55682980784442,91.105211019553,91.33102041369871,290.0
2025-09-12 18:08:00+00:00,91.33102041369871,91.59497350101547,91.05017223819296,91.32257286960422,326.0
2025-09-12 18:09:00+00:00,91.32257286960422,91.39082894677189,91.33899308534266,91.36491101605728,386.0
2025-09-12 18:10:00+00:00,91.36491101605728,91.92527579413779,91.36244906509033,91.64386242961406,456.0
2025-09-12 18:11:00+00:00,91.64386242961406,91.64043070099075,91.3660770100183,91.50325385550452,148.0
2025-09-12 18:12:00+00:00,91.50325385550452,91.69479342775861,91.36750507245947,91.53114925010904,264.0
2025-09-12 18:13:00+00:00,91.53114925010904,91.58256275679149,91.26028669417586,91.42142472548367,302.0
2025-09-12 18:14:00+00:00,91.42142472548367,91.85883050589442,90.83405662332603,91.34644356461023,205.0
2025-09-12 18:15:00+00:00,91.34644356461023,91.51158348223817,91.16771445762677,91.33964896993247,488.0
2025-09-12 18:16:00+00:00,91.33964896993247,91.71294718995188,91.3359161629927,91.52443167647229,280.0
2025-09-12 18:17:00+00:00,91.52443167647229,91.78998703284888,91.75404879322276,91.77201791303582,316.0
2025-09-12 18:18:00+00:00,91.77201791303582,91.88029513623668,91.78716289497898,91.83372901560783,137.0
2025-09-12 18:19:00+00:00,91.83372901560783,91.81432872137806,91.74940631551651,91.78186751844729,237.0
2025-09-12 18:20:00+00:00,91.78186751844729,92.16593265361584,92.08545186530446,92.12569225946015,331.0
2025-09-12 18:21:00+00:00,92.12569225946015,92.07178547030199,92.06147067469061,92.0666280724963,242.0
2025-09-12 18:22:00+00:00,92.0666280724963,92.1120016441196,91.86357437968351,91.98778801190156,396.0
2025-09-12 18:23:00+00:00,91.98778801190156,91.77745438848125,91.70895385443437,91.74320412145781,111.0
2025-09-12 18:24:00+00:00,91.74320412145781,92.00088338471403,91.87017321230311,91.93552829850857,119.0
2025-09-12 18:25:00+00:00,91.93552829850857,92.16162111990818,91.97667800760652,92.06914956375735,202.0
2025-09-12 18:26:00+00:00,92.06914956375735,92.59450584438805,92.21282163371502,92.40366373905154,193.0
2025-09-12 18:27:00+00:00,92.40366373905154,92.3394483709057,92.08308910672989,92.2112687388178,416.0
2025-09-12 18:28:00+00:00,92.2112687388178,92.42690313148623,92.39945515552989,92.41317914350806,440.0
2025-09-12 18:29:00+00:00,92.41317914350806,92.69136876477621,92.15443488374912,92.42290182426267,262.0
2025-09-12 18:30:00+00:00,92.42290182426267,92.78983172990023,92.27961346309392,92.53472259649708,277.0
2025-09-12 18:31:00+00:00,92.53472259649708,92.72275352742808,91.88982670492358,92.30629011617583,182.0
2025-09-12 18:32:00+00:00,92.30629011617583,92.81949621622553,92.20007152979741,92.50978387301147,289.0
2025-09-12 18:33:00+00:00,92.50978387301147,92.69895732395456,92.53902071828729,92.61898902112092,367.0
2025-09-12 18:34:00+00:00,92.61898902112092,92.83358471820551,92.39358221528082,92.61358346674317,375.0
2025-09-12 18:35:00+00:00,92.61358346674317,93.21031597556642,92.1961763009498,92.70324613825811,486.0
2025-09-12 18:36:00+00:00,92.70324613825811,92.71338296087201,92.48033979664125,92.59686137875663,310.0
2025-09-12 18:37:00+00:00,92.59686137875663,92.63225491487952,92.40057477383692,92.51641484435822,203.0
2025-09-12 18:38:00+00:00,92.51641484435822,92.53781411270812,92.36643157246483,92.45212284258648,81.0
2025-09-12 18:39:00+00:00,92.45212284258648,92.21758197922266,92.17351121357298,92.19554659639782,359.0
2025-09-12 18:40:00+00:00,92.19554659639782,92.39059919013314,92.23899900595828,92.31479909804571,411.0
2025-09-12 18:41:00+00:00,92.31479909804571,92.5106726479783,92.44922582325047,92.47994923561438,298.0
2025-09-12 18:42:00+00:00,92.47994923561438,93.19780493509256,91.56761503724013,92.38270998616635,465.0
2025-09-12 18:43:00+00:00,92.38270998616635,92.44418284517207,92.41776614845344,92.43097449681275,192.0
2025-09-12 18:44:00+00:00,92.43097449681275,92.39827865056986,92.39005251089952,92.3941655807347,73.0
2025-09-12 18:45:00+00:00,92.3941655807347,92.67968508135176,92.19966028289842,92.43967268212509,334.0
2025-09-12 18:46:00+00:00,92.43967268212509,92.65493233896059,92.05045581254576,92.35269407575318,104.0
2025-09-12 18:47:00+00:00,92.35269407575318,92.2736760570417,92.1871141137273,92.2303950853845,87.0
2025-09-12 18:48:00+00:00,92.2303950853845,92.56455998286845,92.18755985009699,92.37605991648272,365.0
2025-09-12 18:49:00+00:00,92.37605991648272,92.62158225857344,92.1128380832681,92.36721017092077,245.0
2025-09-12 18:50:00+00:00,92.36721017092077,92.82553178778447,92.4700688870018,92.64780033739314,322.0
2025-09-12 18:51:00+00:00,92.64780033739314,92.78684210545991,92.52163056551309,92.6542363354865,386.0
2025-09-12 18:52:00+00:00,92.6542363354865,92.79965527240796,92.25158094485565,92.5256181086318,222.0
2025-09-12 18:53:00+00:00,92.5256181086318,92.7390684448372,92.65305174849688,92.69606009666704,324.0
2025-09-12 18:54:00+00:00,92.69606009666704,93.10866356566757,92.45895771393228,92.78381063979992,292.0
2025-09-12 18:55:00+00:00,92.78381063979992,92.92706062183082,92.84299709931499,92.8850288605729,311.0
2025-09-12 18:56:00+00:00,92.8850288605729,93.39918506522112,92.70293601907001,93.05106054214556,366.0
2025-09-12 18:57:00+00:00,93.05106054214556,93.13399552016607,92.78598459201113,92.9599900560886,221.0
2025-09-12 18:58:00+00:00,92.9599900560886,93.18572164186615,92.69877345809407,92.94224754998011,277.0
2025-09-12 18:59:00+00:00,92.94224754998011,93.06984230783733,92.76685414064774,92.91834822424254,316.0
2025-09-12 19:00:00+00:00,92.91834822424254,92.79086288840345,92.68637953683556,92.7386212126195,113.0
2025-09-12 19:01:00+00:00,92.7386212126195,92.75217828773644,92.65174367209941,92.70196097991793,145.0
2025-09-12 19:02:00+00:00,92.70196097991793,93.04158641986676,92.73436328214227,92.88797485100451,90.0
2025-09-12 19:03:00+00:00,92.88797485100451,92.97929722568927,92.86280181788973,92.9210495217895,139.0
2025-09-12 19:04:00+00:00,92.9210495217895,92.90499080455697,92.56225450454474,92.73362265455086,247.0
2025-09-12 19:05:00+00:00,92.73362265455086,92.72106645610069,92.31384765292563,92.51745705451316,471.0
2025-09-12 19:06:00+00:00,92.51745705451316,93.15029960594134,92.34725444916447,92.7487770275529,465.0
2025-09-12 19:07:00+00:00,92.7487770275529,92.8715617075077,92.60086311664149,92.7362124120746,393.0
2025-09-12 19:08:00+00:00,92.7362124120746,93.0712667589712,92.22113038208457,92.64619857052789,301.0
2025-09-12 19:09:00+00:00,92.64619857052789,92.72373257942661,92.49252732206133,92.60812995074397,141.0
2025-09-12 19:10:00+00:00,92.60812995074397,92.47964636731146,92.32663582391297,92.40314109561221,211.0
2025-09-12 19:11:00+00:00,92.40314109561221,92.63094997263993,92.57024895737474,92.60059946500733,394.0
2025-09-12 19:12:00+00:00,92.60059946500733,92.67470024401715,92.41734005507408,92.54602014954561,458.0
2025-09-12 19:13:00+00:00,92.54602014954561,92.84184637058371,92.63022624586819,92.73603630822595,483.0
2025-09-12 19:14:00+00:00,92.73603630822595,92.80555704432527,92.68088605461358,92.74322154946942,224.0
2025-09-12 19:15:00+00:00,92.74322154946942,92.96556736665342,92.91904067374604,92.94230402019973,268.0
2025-09-12 19:16:00+00:00,92.94230402019973,93.31973489067424,92.63646026536598,92.97809757802011,279.0
2025-09-12 19:17:00+00:00,92.97809757802011,93.10417017262345,93.09017319714017,93.09717168488181,75.0
2025-09-12 19:18:00+00:00,93.09717168488181,93.48554882177667,92.90973948839353,93.1976441550851,102.0
2025-09-12 19:19:00+00:00,93.1976441550851,93.56371205712533,93.0059255200931,93.28481878860921,70.0
2025-09-12 19:20:00+00:00,93.28481878860921,93.36600404797706,93.30102995667481,93.33351700232593,381.0
2025-09-12 19:21:00+00:00,93.33351700232593,93.56436521912353,93.03748184149624,93.30092353030989,150.0
2025-09-12 19:22:00+00:00,93.30092353030989,93.93483614647097,93.20391732873857,93.56937673760477,365.0
2025-09-12 19:23:00+00:00,93.56937673760477,93.5906356471056,93.29370633342897,93.44217099026729,218.0
2025-09-12 19:24:00+00:00,93.44217099026729,93.60267834061283,93.28287119018019,93.4427747653965,407.0
2025-09-12 19:25:00+00:00,93.4427747653965,93.5308624232486,93.35886008658571,93.44486125491716,101.0
2025-09-12 19:26:00+00:00,93.44486125491716,93.56993111923909,93.43264351046584,93.50128731485246,196.0
2025-09-12 19:27:00+00:00,93.50128731485246,93.48501806497254,93.39712662414829,93.44107234456041,142.0
2025-09-12 19:28:00+00:00,93.44107234456041,93.62599134762719,93.34440486941851,93.48519810852285,246.0
2025-09-12 19:29:00+00:00,93.48519810852285,93.6028268028557,93.32022256248615,93.46152468267093,302.0
2025-09-12 19:30:00+00:00,93.46152468267093,93.84741944975283,92.6326006791187,93.24001006443577,125.0
2025-09-12 19:31:00+00:00,93.24001006443577,93.29740717344264,93.18528494037172,93.24134605690718,350.0
2025-09-12 19:32:00+00:00,93.24134605690718,93.20807182721717,92.96701967815446,93.08754575268581,484.0
2025-09-12 19:33:00+00:00,93.08754575268581,92.94095873610122,92.75041311741036,92.84568592675579,69.0
2025-09-12 19:34:00+00:00,92.84568592675579,92.87315490234406,92.85634515711766,92.86475002973086,88.0
2025-09-12 19:35:00+00:00,92.86475002973086,93.10714715776105,92.75832414301085,92.93273565038595,478.0
2025-09-12 19:36:00+00:00,92.93273565038595,93.02500226423143,92.98736952779379,93.00618589601261,342.0
2025-09-12 19:37:00+00:00,93.00618589601261,93.43625813865134,92.73443214166707,93.0853451401592,463.0
2025-09-12 19:38:00+00:00,93.0853451401592,93.07739789756654,92.55438672442806,92.8158923109973,367.0
2025-09-12 19:39:00+00:00,92.8158923109973,92.65405508457044,92.5991441129502,92.62659959876032,372.0
2025-09-12 19:40:00+00:00,92.62659959876032,92.94720354602082,92.85520990478243,92.90120672540162,120.0
2025-09-12 19:41:00+00:00,92.90120672540162,93.41634815990318,92.09443352785476,92.75539084387897,280.0
2025-09-12 19:42:00+00:00,92.75539084387897,92.91619949044652,92.7646364882777,92.84041798936211,214.0
2025-09-12 19:43:00+00:00,92.84041798936211,93.05857553979669,92.43103224944107,92.74480389461888,425.0
2025-09-12 19:44:00+00:00,92.74480389461888,92.80718926259911,92.7045875490497,92.75588840582441,69.0
2025-09-12 19:45:00+00:00,92.75588840582441,92.70323864409491,92.6324076639774,92.66782315403616,58.0
2025-09-12 19:46:00+00:00,92.66782315403616,92.90725567173168,92.58456679084047,92.74591123128607,300.0
2025-09-12 19:47:00+00:00,92.74591123128607,93.08884617849249,92.44103590855498,92.76494104352373,486.0
2025-09-12 19:48:00+00:00,92.76494104352373,92.70867175988003,92.69649553987203,92.70258364987603,497.0
2025-09-12 19:49:00+00:00,92.70258364987603,93.08433744352592,92.02899876491529,92.5566681042206,317.0
2025-09-12 19:50:00+00:00,92.5566681042206,92.64766093946464,92.54004306588216,92.5938520026734,243.0
2025-09-12 19:51:00+00:00,92.5938520026734,92.72831339234561,92.12282590956919,92.4255696509574,172.0
2025-09-12 19:52:00+00:00,92.4255696509574,92.6148117625142,92.35489608619147,92.48485392435283,495.0
2025-09-12 19:53:00+00:00,92.48485392435283,92.9364614969569,92.76341395739894,92.84993772717792,132.0
2025-09-12 19:54:00+00:00,92.84993772717792,93.1758991538545,92.90044701197401,93.03817308291426,106.0
2025-09-12 19:55:00+00:00,93.03817308291426,93.35904131046156,92.9179142415574,93.13847777600948,278.0
2025-09-12 19:56:00+00:00,93.13847777600948,93.19589218521702,93.05714490233677,93.1265185437769,226.0
2025-09-12 19:57:00+00:00,93.1265185437769,92.89347196028436,92.8187041078312,92.85608803405778,273.0
2025-09-12 19:58:00+00:00,92.85608803405778,92.77591778542421,92.56827631054284,92.67209704798353,455.0
2025-09-12 19:59:00+00:00,92.67209704798353,93.03893836055978,92.66223638659518,92.85058737357748,171.0
2025-09-12 20:00:00+00:00,92.85058737357748,92.88934994501493,92.5919671055518,92.74065852528337,444.0
2025-09-12 20:01:00+00:00,92.74065852528337,92.91362284039364,92.37324890253983,92.64343587146674,145.0
2025-09-12 20:02:00+00:00,92.64343587146674,92.69706831481686,92.543769859802,92.62041908730943,195.0
2025-09-12 20:03:00+00:00,92.62041908730943,92.75098908655936,92.19498251312423,92.4729857998418,52.0
2025-09-12 20:04:00+00:00,92.4729857998418,92.61773029844063,91.98822533459695,92.30297781651879,355.0
2025-09-12 20:05:00+00:00,92.30297781651879,92.61634547815974,91.97563396230031,92.29598972023003,436.0
2025-09-12 20:06:00+00:00,92.29598972023003,92.45234360316881,91.89294704164966,92.17264532240924,448.0
2025-09-12 20:07:00+00:00,92.17264532240924,92.07237008370994,92.06812946950244,92.07024977660619,125.0
2025-09-12 20:08:00+00:00,92.07024977660619,92.23886030492642,91.68599226037813,91.96242628265227,395.0
2025-09-12 20:09:00+00:00,91.96242628265227,92.17305541805148,91.89596615896725,92.03451078850937,113.0
2025-09-12 20:10:00+00:00,92.03451078850937,92.11211343314797,91.89282857730485,92.00247100522641,332.0
2025-09-12 20:11:00+00:00,92.00247100522641,92.02750286928568,91.92815855466475,91.97783071197522,366.0
2025-09-12 20:12:00+00:00,91.97783071197522,92.19206299541676,91.9283895621272,92.06022627877198,118.0
2025-09-12 20:13:00+00:00,92.06022627877198,92.15051638595807,91.93071175487646,92.04061407041726,99.0
2025-09-12 20:14:00+00:00,92.04061407041726,92.1248949570377,91.87951727250095,92.00220611476932,82.0
2025-09-12 20:15:00+00:00,92.00220611476932,92.37681951156041,91.75748595556759,92.067152733564,368.0
2025-09-12 20:16:00+00:00,92.067152733564,92.29120140102548,92.02775380632009,92.15947760367278,326.0
2025-09-12 20:17:00+00:00,92.15947760367278,92.41037432915944,91.8679227125029,92.13914852083117,103.0
2025-09-12 20:18:00+00:00,92.13914852083117,92.17123703719326,92.12934274699316,92.15028989209321,275.0
2025-09-12 20:19:00+00:00,92.15028989209321,92.21253469335116,91.8720451766414,92.04228993499628,408.0
2025-09-12 20:20:00+00:00,92.04228993499628,92.20761456803716,91.6394609323281,91.92353775018263,157.0
2025-09-12 20:21:00+00:00,91.92353775018263,92.16429558027035,91.89501060237556,92.02965309132296,322.0
2025-09-12 20:22:00+00:00,92.02965309132296,92.41800855002447,91.7641822264386,92.09109538823154,181.0
2025-09-12 20:23:00+00:00,92.09109538823154,92.47738029708654,91.83064023782217,92.15401026745435,167.0
2025-09-12 20:24:00+00:00,92.15401026745435,92.20575090551054,92.1799315506241,92.19284122806732,226.0
2025-09-12 20:25:00+00:00,92.19284122806732,92.54464365098572,91.85381808179143,92.19923086638858,208.0
2025-09-12 20:26:00+00:00,92.19923086638858,92.82387119907904,91.76731710107751,92.29559415007827,272.0
2025-09-12 20:27:00+00:00,92.29559415007827,92.51462972847412,92.33565950094379,92.42514461470896,142.0
2025-09-12 20:28:00+00:00,92.42514461470896,92.62650218602725,92.47662093649065,92.55156156125895,225.0
2025-09-12 20:29:00+00:00,92.55156156125895,92.75876627755568,92.31637749931551,92.5375718884356,330.0
2025-09-12 20:30:00+00:00,92.5375718884356,92.89310757079365,92.56748384520843,92.73029570800104,224.0
2025-09-12 20:31:00+00:00,92.73029570800104,93.06609241039469,92.45806557655597,92.76207899347533,345.0
2025-09-12 20:32:00+00:00,92.76207899347533,93.00385919976362,92.69636386949541,92.85011153462952,102.0
2025-09-12 20:33:00+00:00,92.85011153462952,92.9633647026503,92.81545066926859,92.88940768595944,111.0
2025-09-12 20:34:00+00:00,92.88940768595944,93.1993195334413,92.64834151195532,92.92383052269831,439.0
2025-09-12 20:35:00+00:00,92.92383052269831,92.9759588707251,92.66670863403615,92.82133375238062,257.0
2025-09-12 20:36:00+00:00,92.82133375238062,92.92436577024196,92.9137054621539,92.91903561619793,324.0
2025-09-12 20:37:00+00:00,92.91903561619793,93.38201308314247,93.25089914385687,93.31645611349967,382.0
2025-09-12 20:38:00+00:00,93.31645611349967,93.29813194025512,93.22988613042223,93.26400903533867,115.0
2025-09-12 20:39:00+00:00,93.26400903533867,93.33246823324714,93.21541465047653,93.27394144186184,487.0
2025-09-12 20:40:00+00:00,93.27394144186184,93.41385624132829,93.00921044619446,93.21153334376137,240.0
2025-09-12 20:41:00+00:00,93.21153334376137,93.32738293252565,92.9592664418811,93.14332468720337,450.0
2025-09-12 20:42:00+00:00,93.14332468720337,93.70705209788365,93.0116630386983,93.35935756829097,237.0
2025-09-12 20:43:00+00:00,93.35935756829097,93.39495731912841,93.13536849323607,93.26516290618224,232.0
2025-09-12 20:44:00+00:00,93.26516290618224,93.32783705865808,93.06989032829998,93.19886369347903,320.0
2025-09-12 20:45:00+00:00,93.19886369347903,93.07765698280846,92.87674086859613,92.9771989257023,135.0
2025-09-12 20:46:00+00:00,92.9771989257023,92.87347815810156,92.86971787469955,92.87159801640055,323.0
2025-09-12 20:47:00+00:00,92.87159801640055,92.98744628325622,92.28037362475285,92.63390995400454,492.0
2025-09-12 20:48:00+00:00,92.63390995400454,93.02345730849628,92.42002544366893,92.7217413760826,340.0
2025-09-12 20:49:00+00:00,92.7217413760826,93.29374623304906,92.93015247364156,93.11194935334531,81.0
2025-09-12 20:50:00+00:00,93.11194935334531,93.5583936294589,92.56310670850591,93.06075016898241,364.0
2025-09-12 20:51:00+00:00,93.06075016898241,93.15513917364656,92.50161314245769,92.82837615805212,65.0
2025-09-12 20:52:00+00:00,92.82837615805212,93.03922755881288,92.86833053521266,92.95377904701277,96.0
2025-09-12 20:53:00+00:00,92.95377904701277,92.85943354638137,92.84552375834697,92.85247865236417,178.0
2025-09-12 20:54:00+00:00,92.85247865236417,93.54304045303493,92.52421254724996,93.03362650014245,187.0
2025-09-12 20:55:00+00:00,93.03362650014245,93.41830142749957,92.57025366499816,92.99427754624887,51.0
2025-09-12 20:56:00+00:00,92.99427754624887,92.90673025414964,92.90564260691261,92.90618643053112,57.0
2025-09-12 20:57:00+00:00,92.90618643053112,93.33894431945308,92.42383508749856,92.88138970347582,405.0
2025-09-12 20:58:00+00:00,92.88138970347582,93.14943687877062,92.82461265304957,92.98702476591009,254.0
2025-09-12 20:59:00+00:00,92.98702476591009,93.15604595329732,92.7545728947495,92.95530942402341,139.0
2025-09-12 21:00:00+00:00,92.95530942402341,92.997516050322,92.77463479414895,92.88607542223548,243.0
2025-09-12 21:01:00+00:00,92.88607542223548,92.87120009194203,92.8455529522528,92.85837652209742,361.0
2025-09-12 21:02:00+00:00,92.85837652209742,92.9628382628309,92.39994531433834,92.68139178858462,380.0
2025-09-12 21:03:00+00:00,92.68139178858462,92.81681033870255,92.65639844137833,92.73660439004044,179.0
2025-09-12 21:04:00+00:00,92.73660439004044,92.64796145262937,92.32882797697664,92.48839471480301,125.0
2025-09-12 21:05:00+00:00,92.48839471480301,92.75447042547704,92.09913180012698,92.42680111280201,481.0
2025-09-12 21:06:00+00:00,92.42680111280201,92.54268132285807,92.52160350890088,92.53214241587948,334.0
2025-09-12 21:07:00+00:00,92.53214241587948,92.82675817328297,92.32167090247921,92.57421453788109,492.0
2025-09-12 21:08:00+00:00,92.57421453788109,92.81495497288508,92.4974920996679,92.65622353627649,188.0
2025-09-12 21:09:00+00:00,92.65622353627649,92.97299465712585,92.3213726382754,92.64718364770063,100.0
2025-09-12 21:10:00+00:00,92.64718364770063,92.8733751719414,92.7463985899559,92.80988688094865,221.0
2025-09-12 21:11:00+00:00,92.80988688094865,93.03972954332396,92.83768654205726,92.9387080426906,197.0
2025-09-12 21:12:00+00:00,92.9387080426906,93.03152863030563,92.97032039202723,93.00092451116643,373.0
2025-09-12 21:13:00+00:00,93.00092451116643,93.24809621812764,93.0127207603555,93.13040848924157,372.0
2025-09-12 21:14:00+00:00,93.13040848924157,93.23569063364465,93.23490614695149,93.23529839029807,82.0
2025-09-12 21:15:00+00:00,93.23529839029807,93.2769529756905,93.07076377492692,93.17385837530871,314.0
2025-09-12 21:16:00+00:00,93.17385837530871,93.2092846014432,92.76316177972951,92.98622319058636,204.0
2025-09-12 21:17:00+00:00,92.98622319058636,93.09210708016684,92.99763993804174,93.04487350910429,326.0
2025-09-12 21:18:00+00:00,93.04487350910429,93.46951201473838,92.77272986201562,93.121120938377,226.0
2025-09-12 21:19:00+00:00,93.121120938377,93.66517913759647,92.88194994689992,93.2735645422482,291.0
2025-09-12 21:20:00+00:00,93.2735645422482,93.54473324400819,92.74057767432483,93.1426554591665,372.0
2025-09-12 21:21:00+00:00,93.1426554591665,93.15980349505188,92.87239734484572,93.0161004199488,182.0
2025-09-12 21:22:00+00:00,93.0161004199488,93.34824563933557,92.81233386456927,93.08028975195242,139.0
2025-09-12 21:23:00+00:00,93.08028975195242,93.14017663978106,93.00053119296823,93.07035391637464,367.0
2025-09-12 21:24:00+00:00,93.07035391637464,92.83915098914659,92.77577531664804,92.80746315289731,476.0
2025-09-12 21:25:00+00:00,92.80746315289731,92.8747191534919,92.84467505087574,92.85969710218382,249.0
2025-09-12 21:26:00+00:00,92.85969710218382,92.70352513198594,92.50053906840341,92.60203210019468,498.0
2025-09-12 21:27:00+00:00,92.60203210019468,92.50742227045126,92.43422997618623,92.47082612331874,133.0
2025-09-12 21:28:00+00:00,92.47082612331874,93.28620171176259,92.03080420482438,92.65850295829348,418.0
2025-09-12 21:29:00+00:00,92.65850295829348,92.98765831745186,92.83731418874441,92.91248625309814,494.0
2025-09-12 21:30:00+00:00,92.91248625309814,92.84177972689513,92.64465256765847,92.7432161472768,184.0
2025-09-12 21:31:00+00:00,92.7432161472768,93.07752911678652,92.31727932306875,92.69740421992763,116.0
2025-09-12 21:32:00+00:00,92.69740421992763,93.09418150147873,92.31248030904003,92.70333090525938,348.0
2025-09-12 21:33:00+00:00,92.70333090525938,93.2681172994143,92.63458389289634,92.95135059615532,441.0
2025-09-12 21:34:00+00:00,92.95135059615532,92.96386527785852,92.80144820321077,92.88265674053464,87.0
2025-09-12 21:35:00+00:00,92.88265674053464,93.17964133355053,92.45283689838962,92.81623911597008,338.0
2025-09-12 21:36:00+00:00,92.81623911597008,93.38560537425249,92.67861479613009,93.03211008519129,442.0
2025-09-12 21:37:00+00:00,93.03211008519129,93.21526162431887,92.74438566626041,92.97982364528964,64.0
2025-09-12 21:38:00+00:00,92.97982364528964,93.16218583450396,92.99902117405139,93.08060350427768,282.0
2025-09-12 21:39:00+00:00,93.08060350427768,92.91315676324436,92.83602680106108,92.87459178215272,84.0
2025-09-12 21:40:00+00:00,92.87459178215272,93.17122163725811,92.53025853997407,92.85074008861609,129.0
2025-09-12 21:41:00+00:00,92.85074008861609,92.90036736181845,92.33940335845581,92.61988536013713,268.0
2025-09-12 21:42:00+00:00,92.61988536013713,92.74109087454802,92.20564939521493,92.47337013488148,197.0
2025-09-12 21:43:00+00:00,92.47337013488148,92.69555889603537,92.48413929951919,92.58984909777728,88.0
2025-09-12 21:44:00+00:00,92.58984909777728,92.66374969601884,92.5020868204819,92.58291825825037,410.0
2025-09-12 21:45:00+00:00,92.58291825825037,92.71608492190704,92.36114158117842,92.53861325154273,141.0
2025-09-12 21:46:00+00:00,92.53861325154273,92.62331576813631,92.24616266462684,92.43473921638157,441.0
2025-09-12 21:47:00+00:00,92.43473921638157,92.44818908234578,92.36011061581067,92.40414984907822,129.0
2025-09-12 21:48:00+00:00,92.40414984907822,92.52707423735501,92.36471663324346,92.44589543529924,283.0
2025-09-12 21:49:00+00:00,92.44589543529924,92.84460767740322,92.31998395552839,92.5822958164658,377.0
2025-09-12 21:50:00+00:00,92.5822958164658,92.60210500708742,91.83479397048718,92.2184494887873,266.0
2025-09-12 21:51:00+00:00,92.2184494887873,92.27602051567625,91.93091077286901,92.10346564427263,237.0
2025-09-12 21:52:00+00:00,92.10346564427263,92.18610747579855,92.06478900439039,92.12544824009447,387.0
2025-09-12 21:53:00+00:00,92.12544824009447,92.19260022216304,92.03097485726778,92.11178753971541,55.0
2025-09-12 21:54:00+00:00,92.11178753971541,92.27965954343358,92.05541638544133,92.16753796443746,421.0
2025-09-12 21:55:00+00:00,92.16753796443746,92.32494454720087,92.08412181568322,92.20453318144205,360.0
2025-09-12 21:56:00+00:00,92.20453318144205,92.59635187113544,91.72840317410838,92.16237752262191,394.0
2025-09-12 21:57:00+00:00,92.16237752262191,92.18674866107642,91.99239579885469,92.08957222996555,239.0
2025-09-12 21:58:00+00:00,92.08957222996555,92.17795841685746,91.9333741482662,92.05566628256183,222.0
2025-09-12 21:59:00+00:00,92.05566628256183,92.61991159910713,91.80893917461361,92.21442538686037,307.0
2025-09-12 22:00:00+00:00,92.21442538686037,92.21663970854829,92.00981712824782,92.11322841839805,338.0
2025-09-12 22:01:00+00:00,92.11322841839805,92.12491327775717,92.08418838646239,92.10455083210978,466.0
2025-09-12 22:02:00+00:00,92.10455083210978,92.41855537372992,91.8412132140164,92.12988429387316,435.0
2025-09-12 22:03:00+00:00,92.12988429387316,92.38555885585409,92.30597967113816,92.34576926349612,74.0
2025-09-12 22:04:00+00:00,92.34576926349612,92.6477659223288,91.96059474894867,92.30418033563873,118.0
2025-09-12 22:05:00+00:00,92.30418033563873,92.6098510687692,92.26420620791559,92.4370286383424,475.0
2025-09-12 22:06:00+00:00,92.4370286383424,92.7052449997281,92.51076968915247,92.60800734444028,224.0
2025-09-12 22:07:00+00:00,92.60800734444028,92.66329249160323,92.53501057786279,92.59915153473301,311.0
2025-09-12 22:08:00+00:00,92.59915153473301,92.59312809017347,92.54664703346727,92.56988756182037,75.0
2025-09-12 22:09:00+00:00,92.56988756182037,92.70034333658168,92.3480729511142,92.52420814384794,97.0
2025-09-12 22:10:00+00:00,92.52420814384794,92.75133099363096,92.22608941796476,92.48871020579786,233.0
2025-09-12 22:11:00+00:00,92.48871020579786,92.65456606651452,92.56002889432892,92.60729748042172,372.0
2025-09-12 22:12:00+00:00,92.60729748042172,92.80139826480826,92.47738744597461,92.63939285539143,397.0
2025-09-12 22:13:00+00:00,92.63939285539143,93.08501194777442,92.25917659119669,92.67209426948556,452.0
2025-09-12 22:14:00+00:00,92.67209426948556,92.67422995562944,92.35739198032789,92.51581096797867,138.0
2025-09-12 22:15:00+00:00,92.51581096797867,92.76827776549113,91.99501453491929,92.38164615020521,140.0
2025-09-12 22:16:00+00:00,92.38164615020521,92.70639326191916,92.65190047971878,92.67914687081897,293.0
2025-09-12 22:17:00+00:00,92.67914687081897,92.92391240911165,92.38494571647827,92.65442906279496,296.0
2025-09-12 22:18:00+00:00,92.65442906279496,92.87795579538219,92.21566925114162,92.5468125232619,66.0
2025-09-12 22:19:00+00:00,92.5468125232619,93.01398638823937,92.47739642719046,92.74569140771492,251.0
2025-09-12 22:20:00+00:00,92.74569140771492,93.16768626688847,92.40212270932224,92.78490448810535,453.0
2025-09-12 22:21:00+00:00,92.78490448810535,92.89636496444328,92.83444596094998,92.86540546269663,123.0
2025-09-12 22:22:00+00:00,92.86540546269663,92.9422046081374,92.75015090602916,92.84617775708328,419.0
2025-09-12 22:23:00+00:00,92.84617775708328,93.15088220521874,92.45273178504705,92.80180699513289,251.0
2025-09-12 22:24:00+00:00,92.80180699513289,92.90016358808825,92.65624264134829,92.77820311471827,285.0
2025-09-12 22:25:00+00:00,92.77820311471827,93.04693277892584,92.12500841074778,92.58597059483681,338.0
2025-09-12 22:26:00+00:00,92.58597059483681,92.81358194135608,92.33393832517523,92.57376013326565,367.0
2025-09-12 22:27:00+00:00,92.57376013326565,92.74806102690363,92.48169218122649,92.61487660406506,336.0
2025-09-12 22:28:00+00:00,92.61487660406506,93.05856495070037,92.6860437399161,92.87230434530824,96.0
2025-09-12 22:29:00+00:00,92.87230434530824,93.18510714927002,92.58346388088303,92.88428551507653,182.0
2025-09-12 22:30:00+00:00,92.88428551507653,92.81482445272407,92.30445880468837,92.55964162870622,430.0
2025-09-12 22:31:00+00:00,92.55964162870622,92.58205607951382,92.5111312434895,92.54659366150166,68.0
2025-09-12 22:32:00+00:00,92.54659366150166,93.49158403867321,92.36376349515291,92.92767376691306,371.0
2025-09-12 22:33:00+00:00,92.92767376691306,93.13943710299611,92.95759563428317,93.04851636863964,284.0
2025-09-12 22:34:00+00:00,93.04851636863964,93.27707807510798,92.59373622909784,92.93540715210291,103.0
2025-09-12 22:35:00+00:00,92.93540715210291,93.30475709579382,92.73093446639284,93.01784578109333,105.0
2025-09-12 22:36:00+00:00,93.01784578109333,93.02190918214603,92.80683609812249,92.91437264013426,491.0
2025-09-12 22:37:00+00:00,92.91437264013426,93.00162605748235,92.45013759369607,92.72588182558921,63.0
2025-09-12 22:38:00+00:00,92.72588182558921,92.79915046980211,92.55572992772828,92.6774401987652,60.0
2025-09-12 22:39:00+00:00,92.6774401987652,93.13827866429186,92.24205078844209,92.69016472636697,57.0
2025-09-12 22:40:00+00:00,92.69016472636697,92.75760587395224,92.10286266004233,92.43023426699729,332.0
2025-09-12 22:41:00+00:00,92.43023426699729,92.53582718900084,92.00626463568712,92.27104591234398,466.0
2025-09-12 22:42:00+00:00,92.27104591234398,92.4899053477504,92.05504751879018,92.27247643327028,127.0
2025-09-12 22:43:00+00:00,92.27247643327028,92.31539845104075,92.11659954860201,92.21599899982138,408.0
2025-09-12 22:44:00+00:00,92.21599899982138,92.54323026308596,91.99802383237254,92.27062704772925,373.0
2025-09-12 22:45:00+00:00,92.27062704772925,92.45448833310815,91.75083726191693,92.10266279751254,153.0
2025-09-12 22:46:00+00:00,92.10266279751254,92.30764830856357,92.09509833674555,92.20137332265456,81.0
2025-09-12 22:47:00+00:00,92.20137332265456,92.1256526157076,91.94995191534912,92.03780226552836,269.0
2025-09-12 22:48:00+00:00,92.03780226552836,92.52915931740603,92.0005854722686,92.26487239483731,86.0
2025-09-12 22:49:00+00:00,92.26487239483731,92.49876676932568,91.55667596540262,92.02772136736415,101.0
2025-09-12 22:50:00+00:00,92.02772136736415,91.88264336351867,91.87141056146734,91.877026962493,259.0
2025-09-12 22:51:00+00:00,91.877026962493,92.25572202397316,91.6134082849668,91.93456515446998,417.0
2025-09-12 22:52:00+00:00,91.93456515446998,92.370255583574,91.95844979766622,92.1643526906201,497.0
2025-09-12 22:53:00+00:00,92.1643526906201,92.32799470879947,92.08783847005374,92.2079165894266,332.0
2025-09-12 22:54:00+00:00,92.2079165894266,92.404142348851,92.16745644464953,92.28579939675026,174.0
2025-09-12 22:55:00+00:00,92.28579939675026,92.62192163334151,91.95453244498825,92.28822703916488,197.0
2025-09-12 22:56:00+00:00,92.28822703916488,92.48316333892888,91.80933590289632,92.1462496209126,325.0
2025-09-12 22:57:00+00:00,92.1462496209126,92.51058705303919,91.64646875264657,92.07852790284288,127.0
2025-09-12 22:58:00+00:00,92.07852790284288,92.03762119658818,91.78496612151277,91.91129365905047,283.0
2025-09-12 22:59:00+00:00,91.91129365905047,91.76296994160221,91.70737163753448,91.73517078956834,396.0
2025-09-12 23:00:00+00:00,91.73517078956834,92.02759225347286,91.55334616362192,91.79046920854739,428.0
2025-09-12 23:01:00+00:00,91.79046920854739,91.69591723795035,91.5759904726638,91.63595385530708,76.0
2025-09-12 23:02:00+00:00,91.63595385530708,91.98921554611614,91.3705611306189,91.67988833836752,179.0
2025-09-12 23:03:00+00:00,91.67988833836752,91.60773944449625,91.39433370216975,91.501036573333,164.0
2025-09-12 23:04:00+00:00,91.501036573333,91.72445880390731,91.35899049099007,91.54172464744869,299.0
2025-09-12 23:05:00+00:00,91.54172464744869,91.58894254108517,91.3603513938547,91.47464696746994,133.0
2025-09-12 23:06:00+00:00,91.47464696746994,91.68423591264083,91.6514745116019,91.66785521212137,477.0
2025-09-12 23:07:00+00:00,91.66785521212137,91.9452280299738,91.47952786234282,91.71237794615831,462.0
2025-09-12 23:08:00+00:00,91.71237794615831,92.2439097065726,91.52117127746436,91.88254049201848,199.0
2025-09-12 23:09:00+00:00,91.88254049201848,91.89163531354623,91.66527145234298,91.7784533829446,233.0
2025-09-12 23:10:00+00:00,91.7784533829446,92.19797305737659,91.37439260624517,91.78618283181088,247.0
2025-09-12 23:11:00+00:00,91.78618283181088,91.6878856115804,91.6145279998233,91.65120680570185,69.0
2025-09-12 23:12:00+00:00,91.65120680570185,91.72002847911298,91.46869814317225,91.59436331114262,449.0
2025-09-12 23:13:00+00:00,91.59436331114262,91.9608536074571,91.15586536267756,91.55835948506733,400.0
2025-09-12 23:14:00+00:00,91.55835948506733,91.59089767143033,91.32655463418484,91.45872615280759,199.0
2025-09-12 23:15:00+00:00,91.45872615280759,91.332817206068,91.2514339177774,91.2921255619227,296.0
2025-09-12 23:16:00+00:00,91.2921255619227,91.2627546971704,90.93477754394736,91.09876612055888,221.0
2025-09-12 23:17:00+00:00,91.09876612055888,91.06050491503328,90.49870361968965,90.77960426736146,152.0
2025-09-12 23:18:00+00:00,90.77960426736146,90.7970481389004,90.47470405430475,90.63587609660257,186.0
2025-09-12 23:19:00+00:00,90.63587609660257,90.85353134974035,90.58892154330819,90.72122644652427,98.0
2025-09-12 23:20:00+00:00,90.72122644652427,90.79115782506726,90.21676298344816,90.50396040425771,414.0
2025-09-12 23:21:00+00:00,90.50396040425771,90.51938858022558,90.11745151380853,90.31842004701706,344.0
2025-09-12 23:22:00+00:00,90.31842004701706,90.85569248402516,90.26705336199123,90.5613729230082,468.0
2025-09-12 23:23:00+00:00,90.5613729230082,90.49992729082497,90.44997521049744,90.4749512506612,52.0
2025-09-12 23:24:00+00:00,90.4749512506612,90.71375080277825,90.32331254992756,90.51853167635291,333.0
2025-09-12 23:25:00+00:00,90.51853167635291,91.08372832863883,90.12784389301184,90.60578611082533,302.0
2025-09-12 23:26:00+00:00,90.60578611082533,91.04203640141202,90.34971143612344,90.69587391876773,330.0
2025-09-12 23:27:00+00:00,90.69587391876773,90.81171815093764,90.16629937845182,90.48900876469473,495.0
2025-09-12 23:28:00+00:00,90.48900876469473,90.58545204550647,90.3298512683569,90.45765165693169,225.0
2025-09-12 23:29:00+00:00,90.45765165693169,90.60493650564268,89.87175623632547,90.23834637098408,113.0
2025-09-12 23:30:00+00:00,90.23834637098408,90.61300125379536,90.52716307535131,90.57008216457334,55.0
2025-09-12 23:31:00+00:00,90.57008216457334,90.57939604571985,90.12794226637331,90.35366915604658,271.0
2025-09-12 23:32:00+00:00,90.35366915604658,90.66187861466562,89.76165416759821,90.21176639113192,128.0
2025-09-12 23:33:00+00:00,90.21176639113192,90.18355093505066,89.95857820233276,90.07106456869171,113.0
2025-09-12 23:34:00+00:00,90.07106456869171,90.29010759962433,89.44805774759341,89.86908267360887,116.0
2025-09-12 23:35:00+00:00,89.86908267360887,90.22729547123517,89.87590918492076,90.05160232807796,174.0
2025-09-12 23:36:00+00:00,90.05160232807796,90.72901018018729,90.02982086530929,90.37941552274829,102.0
2025-09-12 23:37:00+00:00,90.37941552274829,90.60345697578423,90.02642630325762,90.31494163952092,268.0
2025-09-12 23:38:00+00:00,90.31494163952092,90.2520685075483,90.02040701709717,90.13623776232274,344.0
2025-09-12 23:39:00+00:00,90.13623776232274,90.07277315283449,89.5958319024825,89.8343025276585,180.0
2025-09-12 23:40:00+00:00,89.8343025276585,89.8371034469706,89.76572564203836,89.80141454450448,111.0
2025-09-12 23:41:00+00:00,89.80141454450448,89.88675457362494,89.63086454756014,89.75880956059254,307.0
2025-09-12 23:42:00+00:00,89.75880956059254,89.79172325895838,89.55060280701396,89.67116303298617,88.0
2025-09-12 23:43:00+00:00,89.67116303298617,89.7492544239744,89.65263446022348,89.70094444209894,381.0
2025-09-12 23:44:00+00:00,89.70094444209894,89.9997671593936,89.50849546110848,89.75413131025104,222.0
2025-09-12 23:45:00+00:00,89.75413131025104,89.92445372406057,89.67082415108875,89.79763893757466,234.0
2025-09-12 23:46:00+00:00,89.79763893757466,89.89263924471292,89.61749701723132,89.75506813097212,162.0
2025-09-12 23:47:00+00:00,89.75506813097212,89.80715322502573,89.40659955414083,89.60687638958328,177.0
2025-09-12 23:48:00+00:00,89.60687638958328,89.76639403150193,89.62643783263886,89.6964159320704,115.0
2025-09-12 23:49:00+00:00,89.6964159320704,89.96013016100198,89.43606905285222,89.6980996069271,301.0
2025-09-12 23:50:00+00:00,89.6980996069271,89.97271717412578,89.66269332844088,89.81770525128333,115.0
2025-09-12 23:51:00+00:00,89.81770525128333,89.9245229910261,89.92390202826635,89.92421250964622,356.0
2025-09-12 23:52:00+00:00,89.92421250964622,89.84093387184805,89.62434734385096,89.7326406078495,165.0
2025-09-12 23:53:00+00:00,89.7326406078495,89.60575737931714,89.47384920479158,89.53980329205436,304.0
2025-09-12 23:54:00+00:00,89.53980329205436,89.59272303853213,89.28404560452425,89.43838432152819,291.0
2025-09-12 23:55:00+00:00,89.43838432152819,89.49521775613154,89.09836327252988,89.29679051433071,335.0
2025-09-12 23:56:00+00:00,89.29679051433071,89.71495176615474,89.08106858922613,89.39801017769044,391.0
2025-09-12 23:57:00+00:00,89.39801017769044,89.66728837326642,89.22297596952052,89.44513217139347,302.0
2025-09-12 23:58:00+00:00,89.44513217139347,89.66636795098816,89.51908965152018,89.59272880125417,433.0
2025-09-12 23:59:00+00:00,89.59272880125417,90.00769403784177,89.2843622679767,89.64602815290924,166.0
2025-09-13 00:00:00+00:00,89.64602815290924,89.9104435740209,89.43773533267951,89.6740894533502,388.0
2025-09-13 00:01:00+00:00,89.6740894533502,90.20412660396761,89.46709691716055,89.83561176056408,204.0
2025-09-13 00:02:00+00:00,89.83561176056408,90.20264307774117,89.59521978139465,89.89893142956791,332.0
2025-09-13 00:03:00+00:00,89.89893142956791,90.21142477521067,89.60480563357214,89.90811520439141,271.0
2025-09-13 00:04:00+00:00,89.90811520439141,90.37246300719737,89.84352533022106,90.10799416870921,458.0
2025-09-13 00:05:00+00:00,90.10799416870921,90.691670603148,89.55545657918515,90.12356359116657,172.0
2025-09-13 00:06:00+00:00,90.12356359116657,90.09869533912716,90.06616584271588,90.08243059092152,283.0
2025-09-13 00:07:00+00:00,90.08243059092152,90.22175128857961,89.71683264163431,89.96929196510696,124.0
2025-09-13 00:08:00+00:00,89.96929196510696,90.42250747468786,89.70592864947794,90.0642180620829,335.0
2025-09-13 00:09:00+00:00,90.0642180620829,90.42793430861512,90.0350540823677,90.23149419549141,66.0
2025-09-13 00:10:00+00:00,90.23149419549141,90.61982683328877,89.8294683467722,90.22464759003049,235.0
2025-09-13 00:11:00+00:00,90.22464759003049,90.90535359596738,89.89830775992472,90.40183067794605,54.0
2025-09-13 00:12:00+00:00,90.40183067794605,90.21802122686944,90.05214985906122,90.13508554296533,197.0
2025-09-13 00:13:00+00:00,90.13508554296533,90.22159389144382,90.03358293406139,90.1275884127526,267.0
2025-09-13 00:14:00+00:00,90.1275884127526,90.38179586678534,89.86254031150746,90.1221680891464,199.0
2025-09-13 00:15:00+00:00,90.1221680891464,90.31613996334445,89.73174841965721,90.02394419150083,223.0
2025-09-13 00:16:00+00:00,90.02394419150083,90.56195401881486,90.13090052837309,90.34642727359397,116.0
2025-09-13 00:17:00+00:00,90.34642727359397,90.6424704605552,90.03244417363926,90.33745731709723,371.0
2025-09-13 00:18:00+00:00,90.33745731709723,90.47692207924449,90.08752625524546,90.28222416724498,408.0
2025-09-13 00:19:00+00:00,90.28222416724498,90.40063818892881,90.17084203451685,90.28574011172283,254.0
2025-09-13 00:20:00+00:00,90.28574011172283,90.39099887996628,89.63881882565315,90.01490885280971,74.0
2025-09-13 00:21:00+00:00,90.01490885280971,90.37699340970907,89.44774286809199,89.91236813890053,78.0
2025-09-13 00:22:00+00:00,89.91236813890053,90.27873868378009,89.8114095709634,90.04507412737175,353.0
2025-09-13 00:23:00+00:00,90.04507412737175,90.00066844651177,89.91965963321398,89.96016403986287,468.0
2025-09-13 00:24:00+00:00,89.96016403986287,90.13706376239155,89.55970608568971,89.84838492404063,439.0
2025-09-13 00:25:00+00:00,89.84838492404063,90.07189823850526,89.97819480067487,90.02504651959006,232.0
2025-09-13 00:26:00+00:00,90.02504651959006,90.28831018140541,90.12411634440862,90.20621326290701,273.0
2025-09-13 00:27:00+00:00,90.20621326290701,90.29489273408483,90.25749531215446,90.27619402311964,123.0
2025-09-13 00:28:00+00:00,90.27619402311964,90.56461513306014,89.86455619426012,90.21458566366013,81.0
2025-09-13 00:29:00+00:00,90.21458566366013,90.60729491632794,89.75707670117698,90.18218580875246,394.0
2025-09-13 00:30:00+00:00,90.18218580875246,90.29960488331818,89.84733789083808,90.07347138707813,242.0
2025-09-13 00:31:00+00:00,90.07347138707813,90.01457653332456,89.86375868912911,89.93916761122684,273.0
2025-09-13 00:32:00+00:00,89.93916761122684,89.86462455155572,89.7321294457507,89.79837699865321,204.0
2025-09-13 00:33:00+00:00,89.79837699865321,89.79579383022748,89.63453647529234,89.71516515275991,190.0
2025-09-13 00:34:00+00:00,89.71516515275991,89.82899540419243,89.32306041582953,89.57602791001098,493.0
2025-09-13 00:35:00+00:00,89.57602791001098,89.43825927692646,89.29407749311926,89.36616838502286,417.0
2025-09-13 00:36:00+00:00,89.36616838502286,89.69298799736376,89.09817998073208,89.39558398904792,361.0
2025-09-13 00:37:00+00:00,89.39558398904792,89.44281640486473,89.41127807115619,89.42704723801046,225.0
2025-09-13 00:38:00+00:00,89.42704723801046,89.91740592608612,89.39356171010759,89.65548381809685,374.0
2025-09-13 00:39:00+00:00,89.65548381809685,89.81600334877497,89.31529376368785,89.56564855623141,202.0
2025-09-13 00:40:00+00:00,89.56564855623141,89.97410229313986,89.23677381459778,89.60543805386882,282.0
2025-09-13 00:41:00+00:00,89.60543805386882,89.6607526649224,89.63420540434149,89.64747903463194,115.0
2025-09-13 00:42:00+00:00,89.64747903463194,89.65981766178318,89.56688571019212,89.61335168598765,369.0
2025-09-13 00:43:00+00:00,89.61335168598765,90.16458052438912,89.26234128174744,89.71346090306828,77.0
2025-09-13 00:44:00+00:00,89.71346090306828,89.95189784964614,89.68379079461175,89.81784432212895,375.0
2025-09-13 00:45:00+00:00,89.81784432212895,89.96557976344965,89.7583526243535,89.86196619390158,321.0
2025-09-13 00:46:00+00:00,89.86196619390158,89.8711113155129,89.78391742441724,89.82751436996507,79.0
2025-09-13 00:47:00+00:00,89.82751436996507,90.26282173443407,89.2958847135027,89.77935322396839,277.0
2025-09-13 00:48:00+00:00,89.77935322396839,89.64174443764355,89.54895146905744,89.5953479533505,150.0
2025-09-13 00:49:00+00:00,89.5953479533505,89.56910938196675,89.40509795369873,89.48710366783274,264.0
2025-09-13 00:50:00+00:00,89.48710366783274,89.6905826491094,89.11671760643797,89.40365012777369,55.0
2025-09-13 00:51:00+00:00,89.40365012777369,89.39924978551285,89.10684291836368,89.25304635193827,374.0
2025-09-13 00:52:00+00:00,89.25304635193827,89.81257151440539,88.81135372578319,89.31196262009429,279.0
2025-09-13 00:53:00+00:00,89.31196262009429,89.69537507412018,89.24945763554105,89.47241635483061,213.0
2025-09-13 00:54:00+00:00,89.47241635483061,89.59568813575439,89.10557087659379,89.35062950617409,444.0
2025-09-13 00:55:00+00:00,89.35062950617409,89.55325957505494,89.22399260299323,89.38862608902409,340.0
2025-09-13 00:56:00+00:00,89.38862608902409,89.85624928592259,88.6439045385994,89.250076912261,324.0
2025-09-13 00:57:00+00:00,89.250076912261,89.3092586309369,89.10927088017947,89.20926475555818,116.0
2025-09-13 00:58:00+00:00,89.20926475555818,89.43459318805071,88.7992805619734,89.11693687501206,275.0
2025-09-13 00:59:00+00:00,89.11693687501206,89.19904018441484,89.19582351860443,89.19743185150963,365.0
2025-09-13 01:00:00+00:00,89.19743185150963,89.30632832012849,88.90698933642308,89.10665882827578,466.0
2025-09-13 01:01:00+00:00,89.10665882827578,89.60827333070932,88.87568666051135,89.24197999561034,321.0
2025-09-13 01:02:00+00:00,89.24197999561034,89.5663732234171,88.85181306491909,89.2090931441681,127.0
2025-09-13 01:03:00+00:00,89.2090931441681,89.44243520326533,88.8019840850774,89.12220964417136,355.0
2025-09-13 01:04:00+00:00,89.12220964417136,88.97733002059911,88.93231204686512,88.95482103373212,83.0
2025-09-13 01:05:00+00:00,88.95482103373212,89.01158869905247,88.96563748774697,88.98861309339972,190.0
2025-09-13 01:06:00+00:00,88.98861309339972,89.35728116275476,88.85909829100174,89.10818972687825,462.0
2025-09-13 01:07:00+00:00,89.10818972687825,89.16719036038965,89.12226956032863,89.14472996035914,410.0
2025-09-13 01:08:00+00:00,89.14472996035914,89.70084809735087,89.18835844149234,89.4446032694216,456.0
2025-09-13 01:09:00+00:00,89.4446032694216,89.9026069767464,89.37067158523726,89.63663928099183,208.0
2025-09-13 01:10:00+00:00,89.63663928099183,90.20630221169348,88.9842981551922,89.59530018344284,357.0
2025-09-13 01:11:00+00:00,89.59530018344284,89.66091514363289,89.444224318862,89.55256973124744,365.0
2025-09-13 01:12:00+00:00,89.55256973124744,89.75793867445022,89.47343289560091,89.61568578502556,160.0
2025-09-13 01:13:00+00:00,89.61568578502556,90.0700327938954,88.93618132983315,89.50310706186427,474.0
2025-09-13 01:14:00+00:00,89.50310706186427,90.0373956343059,89.28225185623042,89.65982374526816,486.0
2025-09-13 01:15:00+00:00,89.65982374526816,90.05717917909024,89.35975781117534,89.70846849513279,99.0
2025-09-13 01:16:00+00:00,89.70846849513279,89.973891808154,89.5120780677094,89.7429849379317,394.0
2025-09-13 01:17:00+00:00,89.7429849379317,89.91879185582562,89.75222115869127,89.83550650725844,251.0
2025-09-13 01:18:00+00:00,89.83550650725844,90.2155233740137,89.9204039936164,90.06796368381505,353.0
2025-09-13 01:19:00+00:00,90.06796368381505,90.42491570550393,89.75721038666956,90.09106304608675,299.0
2025-09-13 01:20:00+00:00,90.09106304608675,90.12073332355995,90.03084357711892,90.07578845033943,150.0
2025-09-13 01:21:00+00:00,90.07578845033943,90.37120113062753,90.18853477283807,90.2798679517328,93.0
2025-09-13 01:22:00+00:00,90.2798679517328,90.42717688373187,90.39480024378386,90.41098856375787,280.0
2025-09-13 01:23:00+00:00,90.41098856375787,90.50926398645056,90.22567378212183,90.3674688842862,426.0
2025-09-13 01:24:00+00:00,90.3674688842862,90.49780939740783,90.23853443534735,90.36817191637759,420.0
2025-09-13 01:25:00+00:00,90.36817191637759,90.48773953004519,90.30158071386785,90.39466012195652,173.0
2025-09-13 01:26:00+00:00,90.39466012195652,90.48562851534261,90.40183623309143,90.44373237421702,437.0
2025-09-13 01:27:00+00:00,90.44373237421702,90.74087164630343,89.77887949761093,90.25987557195718,210.0
2025-09-13 01:28:00+00:00,90.25987557195718,90.15007752259498,89.95248303366216,90.05128027812857,302.0
2025-09-13 01:29:00+00:00,90.05128027812857,90.19030470491086,89.67268350953609,89.93149410722347,195.0
2025-09-13 01:30:00+00:00,89.93149410722347,90.04195507045691,89.56094027176522,89.80144767111106,285.0
2025-09-13 01:31:00+00:00,89.80144767111106,89.83255094857888,89.59697913415475,89.71476504136682,288.0
2025-09-13 01:32:00+00:00,89.71476504136682,89.96252979863101,89.63791037840767,89.80022008851934,363.0
2025-09-13 01:33:00+00:00,89.80022008851934,89.86622513999745,89.6887111762293,89.77746815811338,262.0
2025-09-13 01:34:00+00:00,89.77746815811338,89.95849804405752,89.64934149541055,89.80391976973404,287.0
2025-09-13 01:35:00+00:00,89.80391976973404,89.6503257461471,89.62797474214736,89.63915024414723,343.0
2025-09-13 01:36:00+00:00,89.63915024414723,90.11620304989755,89.03799676657646,89.577099908237,237.0
2025-09-13 01:37:00+00:00,89.577099908237,89.9761094651055,89.33597439483383,89.65604192996966,285.0
2025-09-13 01:38:00+00:00,89.65604192996966,90.00019274742077,89.4719857860428,89.73608926673178,88.0
2025-09-13 01:39:00+00:00,89.73608926673178,89.80988549895676,89.46733773314992,89.63861161605334,441.0
2025-09-13 01:40:00+00:00,89.63861161605334,90.05560991439832,89.26509216476272,89.66035103958052,106.0
2025-09-13 01:41:00+00:00,89.66035103958052,90.27972552077523,89.63340142170517,89.9565634712402,442.0
2025-09-13 01:42:00+00:00,89.9565634712402,90.26234569492445,89.64603216251663,89.95418892872054,392.0
2025-09-13 01:43:00+00:00,89.95418892872054,90.08338971587807,89.63802015268621,89.86070493428214,476.0
2025-09-13 01:44:00+00:00,89.86070493428214,89.96403310778894,89.71053963254153,89.83728637016523,61.0
2025-09-13 01:45:00+00:00,89.83728637016523,89.9758110095708,89.72360627191054,89.84970864074067,147.0
2025-09-13 01:46:00+00:00,89.84970864074067,90.10628567353996,89.55238892248809,89.82933729801402,73.0
2025-09-13 01:47:00+00:00,89.82933729801402,90.08416291629901,89.5660621624808,89.8251125393899,237.0
2025-09-13 01:48:00+00:00,89.8251125393899,89.74568584444368,89.51598671435879,89.63083627940124,457.0
2025-09-13 01:49:00+00:00,89.63083627940124,89.5233307807178,89.47968444307091,89.50150761189435,394.0
2025-09-13 01:50:00+00:00,89.50150761189435,89.5231520199868,89.43977050783634,89.48146126391157,366.0
2025-09-13 01:51:00+00:00,89.48146126391157,89.65028412024897,89.26827864786374,89.45928138405635,431.0
2025-09-13 01:52:00+00:00,89.45928138405635,90.15112400185077,88.61555061650347,89.38333730917712,51.0
2025-09-13 01:53:00+00:00,89.38333730917712,89.45328319678163,89.26593152741827,89.35960736209995,404.0
2025-09-13 01:54:00+00:00,89.35960736209995,89.53204332677477,89.20352893652257,89.36778613164867,190.0
2025-09-13 01:55:00+00:00,89.36778613164867,89.7771449703079,89.19704116208295,89.48709306619543,360.0
2025-09-13 01:56:00+00:00,89.48709306619543,89.54653104256273,89.40102256222143,89.47377680239208,393.0
2025-09-13 01:57:00+00:00,89.47377680239208,89.73780196284592,89.31691152796428,89.5273567454051,358.0
2025-09-13 01:58:00+00:00,89.5273567454051,89.55921547851261,89.3500929536628,89.4546542160877,237.0
2025-09-13 01:59:00+00:00,89.4546542160877,89.63262748446236,89.43027671729847,89.53145210088041,325.0
2025-09-13 02:00:00+00:00,89.53145210088041,89.68565459101981,89.47819709227,89.5819258416449,260.0
2025-09-13 02:01:00+00:00,89.5819258416449,90.14346169750429,89.25322581168537,89.69834375459483,332.0
2025-09-13 02:02:00+00:00,89.69834375459483,89.95948707931731,89.62929186421835,89.79438947176783,256.0
2025-09-13 02:03:00+00:00,89.79438947176783,89.90055651640768,89.84688794329821,89.87372222985294,227.0
2025-09-13 02:04:00+00:00,89.87372222985294,90.00404412160243,89.71686688012242,89.86045550086243,140.0
2025-09-13 02:05:00+00:00,89.86045550086243,90.09395188286749,89.69300230207585,89.89347709247167,224.0
2025-09-13 02:06:00+00:00,89.89347709247167,90.32456818815658,89.74942243176508,90.03699530996083,374.0
2025-09-13 02:07:00+00:00,90.03699530996083,90.0453291574227,89.85261506822566,89.94897211282418,441.0
2025-09-13 02:08:00+00:00,89.94897211282418,90.10032374900061,89.62812647142664,89.86422511021362,96.0
2025-09-13 02:09:00+00:00,89.86422511021362,90.03814897331148,89.73922047938979,89.88868472635063,132.0
2025-09-13 02:10:00+00:00,89.88868472635063,90.15113709351652,89.73825408127655,89.94469558739654,278.0
2025-09-13 02:11:00+00:00,89.94469558739654,90.03676591091909,89.63039062630673,89.83357826861291,366.0
2025-09-13 02:12:00+00:00,89.83357826861291,90.1632365083739,89.48377259280267,89.82350455058828,126.0
2025-09-13 02:13:00+00:00,89.82350455058828,90.18544959135954,89.43623139749354,89.81084049442654,196.0
2025-09-13 02:14:00+00:00,89.81084049442654,89.71591301084361,89.30989004636756,89.51290152860558,70.0
2025-09-13 02:15:00+00:00,89.51290152860558,89.66756531745192,89.29927796529101,89.48342164137146,73.0
2025-09-13 02:16:00+00:00,89.48342164137146,90.0553010907976,88.86931516053463,89.46230812566611,114.0
2025-09-13 02:17:00+00:00,89.46230812566611,89.55081401147538,89.33078688143425,89.44080044645482,378.0
2025-09-13 02:18:00+00:00,89.44080044645482,89.86844130277284,89.39348484638633,89.63096307457958,441.0
2025-09-13 02:19:00+00:00,89.63096307457958,89.59656962655659,89.33873492541495,89.46765227598577,274.0
2025-09-13 02:20:00+00:00,89.46765227598577,89.45315640146248,89.26095384369657,89.35705512257952,129.0
2025-09-13 02:21:00+00:00,89.35705512257952,89.2466289954577,88.7685969889397,89.0076129921987,464.0
2025-09-13 02:22:00+00:00,89.0076129921987,89.05939875094403,88.82745780675468,88.94342827884935,175.0
2025-09-13 02:23:00+00:00,88.94342827884935,89.00012094459262,88.7811972506421,88.89065909761736,119.0
2025-09-13 02:24:00+00:00,88.89065909761736,88.97431627980292,88.67105729656343,88.82268678818318,112.0
2025-09-13 02:25:00+00:00,88.82268678818318,89.1344685632402,88.80631098820754,88.97038977572387,208.0
2025-09-13 02:26:00+00:00,88.97038977572387,89.1456745251214,89.02496178770292,89.08531815641216,380.0
2025-09-13 02:27:00+00:00,89.08531815641216,89.15878105945701,89.03266414158348,89.09572260052025,228.0
2025-09-13 02:28:00+00:00,89.09572260052025,89.46341714812958,88.62899546910664,89.04620630861811,250.0
2025-09-13 02:29:00+00:00,89.04620630861811,89.27126620884458,89.09549239317745,89.18337930101102,203.0
2025-09-13 02:30:00+00:00,89.18337930101102,89.25746515525061,89.10400730698017,89.18073623111539,474.0
2025-09-13 02:31:00+00:00,89.18073623111539,89.19980184401663,88.94288314258881,89.07134249330272,357.0
2025-09-13 02:32:00+00:00,89.07134249330272,88.97328719799458,88.71138187220564,88.84233453510011,348.0
2025-09-13 02:33:00+00:00,88.84233453510011,89.16184301840812,88.40524274479353,88.78354288160082,246.0
2025-09-13 02:34:00+00:00,88.78354288160082,89.23327337072531,88.53492599966337,88.88409968519434,289.0
2025-09-13 02:35:00+00:00,88.88409968519434,89.45726547905394,88.91901581741459,89.18814064823427,448.0
2025-09-13 02:36:00+00:00,89.18814064823427,89.23734613069476,89.15542066418399,89.19638339743938,345.0
2025-09-13 02:37:00+00:00,89.19638339743938,89.33374338995614,88.85434008714688,89.09404173855151,416.0
2025-09-13 02:38:00+00:00,89.09404173855151,89.33306858150061,88.53857618638227,88.93582238394144,68.0
2025-09-13 02:39:00+00:00,88.93582238394144,89.1316683270637,88.88730310852554,89.00948571779462,436.0
2025-09-13 02:40:00+00:00,89.00948571779462,89.07755746035986,88.4708343423219,88.77419590134087,477.0
2025-09-13 02:41:00+00:00,88.77419590134087,88.9062117292812,88.78880991937292,88.84751082432706,350.0
2025-09-13 02:42:00+00:00,88.84751082432706,89.19579701767591,88.7173132762141,88.956555146945,480.0
2025-09-13 02:43:00+00:00,88.956555146945,89.11423693222967,88.91534121862641,89.01478907542804,305.0
2025-09-13 02:44:00+00:00,89.01478907542804,88.99603500033477,88.97489340119175,88.98546420076326,174.0
2025-09-13 02:45:00+00:00,88.98546420076326,89.38491330887447,88.73689353055087,89.06090341971267,322.0
2025-09-13 02:46:00+00:00,89.06090341971267,89.18572105741056,88.98176341509502,89.08374223625279,332.0
2025-09-13 02:47:00+00:00,89.08374223625279,89.14890771937434,88.81074351545536,88.97982561741485,115.0
2025-09-13 02:48:00+00:00,88.97982561741485,89.26259162849773,89.19169384403655,89.22714273626714,140.0
2025-09-13 02:49:00+00:00,89.22714273626714,89.36458835996766,88.99558389940069,89.18008612968417,181.0
2025-09-13 02:50:00+00:00,89.18008612968417,89.37777471980272,89.19006330994105,89.28391901487188,296.0
2025-09-13 02:51:00+00:00,89.28391901487188,89.07520324297278,88.84597842004521,88.960590831509,116.0
2025-09-13 02:52:00+00:00,88.960590831509,89.4357284876511,88.82644633380336,89.13108741072723,396.0
2025-09-13 02:53:00+00:00,89.13108741072723,89.36678687328158,89.28855842417731,89.32767264872945,99.0
2025-09-13 02:54:00+00:00,89.32767264872945,89.35792775110382,89.30541267355842,89.33167021233112,472.0
2025-09-13 02:55:00+00:00,89.33167021233112,89.52831987594988,89.28483117171791,89.4065755238339,354.0
2025-09-13 02:56:00+00:00,89.4065755238339,89.66748477503857,89.29553383064028,89.48150930283943,202.0
2025-09-13 02:57:00+00:00,89.48150930283943,89.50197936272475,89.28857066938961,89.39527501605718,217.0
2025-09-13 02:58:00+00:00,89.39527501605718,89.53648611801682,89.40085458708373,89.46867035255028,362.0
2025-09-13 02:59:00+00:00,89.46867035255028,89.56872193084678,89.15170907185535,89.36021550135106,89.0
2025-09-13 03:00:00+00:00,89.36021550135106,89.47351944568307,89.08379009468855,89.27865477018581,372.0
2025-09-13 03:01:00+00:00,89.27865477018581,89.72493506623098,89.13446563536263,89.42970035079681,298.0
2025-09-13 03:02:00+00:00,89.42970035079681,90.27596999916356,88.84511197874325,89.5605409889534,149.0
2025-09-13 03:03:00+00:00,89.5605409889534,89.48138420939001,89.45000816399819,89.4656961866941,453.0
2025-09-13 03:04:00+00:00,89.4656961866941,89.55085393104527,89.18375697303902,89.36730545204215,333.0
2025-09-13 03:05:00+00:00,89.36730545204215,89.36958409822999,89.1920249001442,89.2808044991871,123.0
2025-09-13 03:06:00+00:00,89.2808044991871,89.8194401135331,88.9385086995244,89.37897440652876,344.0
2025-09-13 03:07:00+00:00,89.37897440652876,89.38940212152659,89.1006148452002,89.24500848336339,235.0
2025-09-13 03:08:00+00:00,89.24500848336339,89.39775275522096,89.18779423429218,89.29277349475657,393.0
2025-09-13 03:09:00+00:00,89.29277349475657,89.62301158199253,89.16271158158006,89.39286158178629,271.0
2025-09-13 03:10:00+00:00,89.39286158178629,89.47247906880713,89.28958012100873,89.38102959490793,499.0
2025-09-13 03:11:00+00:00,89.38102959490793,89.64120989091789,89.3918961775545,89.5165530342362,467.0
2025-09-13 03:12:00+00:00,89.5165530342362,89.48304002884035,89.46836229623273,89.47570116253654,68.0
2025-09-13 03:13:00+00:00,89.47570116253654,89.58009119651555,89.31391569526147,89.44700344588851,234.0
2025-09-13 03:14:00+00:00,89.44700344588851,89.52873188322133,89.10323187496621,89.31598187909377,141.0
2025-09-13 03:15:00+00:00,89.31598187909377,89.47304534587413,89.4316770229528,89.45236118441346,252.0
2025-09-13 03:16:00+00:00,89.45236118441346,89.5313983676888,89.1677410198203,89.34956969375455,115.0
2025-09-13 03:17:00+00:00,89.34956969375455,89.49882756747252,89.29409230342452,89.39645993544852,291.0
2025-09-13 03:18:00+00:00,89.39645993544852,89.52923600015392,89.24455868189857,89.38689734102624,119.0
2025-09-13 03:19:00+00:00,89.38689734102624,89.47370783461183,89.01799460775887,89.24585122118535,330.0
2025-09-13 03:20:00+00:00,89.24585122118535,89.20404154689655,89.124655586442,89.16434856666928,254.0
2025-09-13 03:21:00+00:00,89.16434856666928,89.43569125224803,89.2632985058957,89.34949487907187,496.0
2025-09-13 03:22:00+00:00,89.34949487907187,89.39962125926904,89.3534306737153,89.37652596649217,445.0
2025-09-13 03:23:00+00:00,89.37652596649217,89.46651108968763,89.0161624791707,89.24133678442917,320.0
2025-09-13 03:24:00+00:00,89.24133678442917,89.69558225059545,88.86885375368529,89.28221800214037,251.0
2025-09-13 03:25:00+00:00,89.28221800214037,89.37885923649364,89.14644490176377,89.2626520691287,372.0
2025-09-13 03:26:00+00:00,89.2626520691287,89.94259814581254,89.51005828308352,89.72632821444803,350.0
2025-09-13 03:27:00+00:00,89.72632821444803,90.16689626305174,89.36252592659574,89.76471109482374,112.0
2025-09-13 03:28:00+00:00,89.76471109482374,89.7962198236005,89.63073158272792,89.7134757031642,219.0
2025-09-13 03:29:00+00:00,89.7134757031642,90.1482311111503,89.66131454170718,89.90477282642874,496.0
2025-09-13 03:30:00+00:00,89.90477282642874,89.79040716965375,89.52326966749669,89.65683841857522,193.0
2025-09-13 03:31:00+00:00,89.65683841857522,89.76293052791613,89.57611744500994,89.66952398646303,55.0
2025-09-13 03:32:00+00:00,89.66952398646303,90.15032571257774,89.72604395810714,89.93818483534244,425.0
2025-09-13 03:33:00+00:00,89.93818483534244,89.94071445274756,89.90430569196761,89.92251007235758,469.0
2025-09-13 03:34:00+00:00,89.92251007235758,89.74457856239934,89.63346056744527,89.6890195649223,344.0
2025-09-13 03:35:00+00:00,89.6890195649223,89.65724058726796,89.61430168655214,89.63577113691005,335.0
2025-09-13 03:36:00+00:00,89.63577113691005,89.87200433394423,89.79109546887236,89.8315499014083,207.0
2025-09-13 03:37:00+00:00,89.8315499014083,90.12551647036342,89.63896066758984,89.88223856897663,211.0
2025-09-13 03:38:00+00:00,89.88223856897663,89.86407328342753,89.67435130863976,89.76921229603364,461.0
2025-09-13 03:39:00+00:00,89.76921229603364,89.78255117350106,89.57142710659075,89.6769891400459,436.0
2025-09-13 03:40:00+00:00,89.6769891400459,89.64671740853586,89.55674735682518,89.60173238268052,274.0
2025-09-13 03:41:00+00:00,89.60173238268052,89.6751680018687,89.62541493870877,89.65029147028874,190.0
2025-09-13 03:42:00+00:00,89.65029147028874,90.20754595716198,89.45330746696078,89.83042671206138,134.0
2025-09-13 03:43:00+00:00,89.83042671206138,90.11279017948856,89.83190605267889,89.97234811608372,54.0
2025-09-13 03:44:00+00:00,89.97234811608372,90.32234343592306,89.74548036257796,90.03391189925051,267.0
2025-09-13 03:45:00+00:00,90.03391189925051,90.01913965960003,89.68936356286872,89.85425161123437,299.0
2025-09-13 03:46:00+00:00,89.85425161123437,89.9240632770343,89.42683507331962,89.67544917517696,353.0
2025-09-13 03:47:00+00:00,89.67544917517696,90.02393552497134,89.47047905904975,89.74720729201054,412.0
2025-09-13 03:48:00+00:00,89.74720729201054,89.6318802879136,89.50064278427679,89.5662615360952,215.0
2025-09-13 03:49:00+00:00,89.5662615360952,89.90775168182411,89.16417205844364,89.53596187013387,125.0
2025-09-13 03:50:00+00:00,89.53596187013387,89.68185665153041,89.47178293601107,89.57681979377074,429.0
2025-09-13 03:51:00+00:00,89.57681979377074,89.62022029450002,89.22797381490018,89.4240970547001,393.0
2025-09-13 03:52:00+00:00,89.4240970547001,89.37033006578724,89.20329381838664,89.28681194208694,289.0
2025-09-13 03:53:00+00:00,89.28681194208694,89.52702331919524,89.02139103520578,89.27420717720051,67.0
2025-09-13 03:54:00+00:00,89.27420717720051,89.54784750152048,89.13550675869418,89.34167713010733,260.0
2025-09-13 03:55:00+00:00,89.34167713010733,89.7207415904886,89.24735290415559,89.4840472473221,328.0
2025-09-13 03:56:00+00:00,89.4840472473221,89.59674840429729,89.53438510384233,89.5655667540698,436.0
2025-09-13 03:57:00+00:00,89.5655667540698,89.62103960626713,89.52988627925863,89.57546294276288,278.0
2025-09-13 03:58:00+00:00,89.57546294276288,89.5888030506517,89.36171279300248,89.4752579218271,258.0
2025-09-13 03:59:00+00:00,89.4752579218271,89.85820909374463,88.80507846876439,89.33164378125451,220.0
2025-09-13 04:00:00+00:00,89.33164378125451,89.3153577106855,89.21106982729725,89.26321376899138,236.0
2025-09-13 04:01:00+00:00,89.26321376899138,89.33192127110824,89.30431652802564,89.31811889956694,57.0
2025-09-13 04:02:00+00:00,89.31811889956694,89.62927592208494,89.09718444218159,89.36323018213326,96.0
2025-09-13 04:03:00+00:00,89.36323018213326,89.16352704779105,89.00085693664771,89.08219199221938,390.0
2025-09-13 04:04:00+00:00,89.08219199221938,89.20136447716817,88.75317368920952,88.97726908318884,213.0
2025-09-13 04:05:00+00:00,88.97726908318884,89.50982164328008,88.76652853189648,89.13817508758828,432.0
2025-09-13 04:06:00+00:00,89.13817508758828,89.2498740916351,89.04766059651787,89.14876734407649,228.0
2025-09-13 04:07:00+00:00,89.14876734407649,89.19279358473271,88.72616978139335,88.95948168306303,498.0
2025-09-13 04:08:00+00:00,88.95948168306303,89.62484285043887,88.92395057929535,89.27439671486711,131.0
2025-09-13 04:09:00+00:00,89.27439671486711,89.44310244374077,89.0979398871655,89.27052116545313,134.0
2025-09-13 04:10:00+00:00,89.27052116545313,89.5207021639382,89.12329892057404,89.32200054225612,314.0
2025-09-13 04:11:00+00:00,89.32200054225612,89.5023356974606,89.24875652444526,89.37554611095293,411.0
2025-09-13 04:12:00+00:00,89.37554611095293,89.46541187500344,89.18714537854672,89.32627862677508,114.0
2025-09-13 04:13:00+00:00,89.32627862677508,89.28875687335508,89.16893238688269,89.22884463011889,276.0
2025-09-13 04:14:00+00:00,89.22884463011889,89.70939358993303,89.31714419673918,89.5132688933361,150.0
2025-09-13 04:15:00+00:00,89.5132688933361,89.77001492551946,89.52612637143284,89.64807064847615,381.0
2025-09-13 04:16:00+00:00,89.64807064847615,90.19970142407422,89.31763145187077,89.7586664379725,302.0
2025-09-13 04:17:00+00:00,89.7586664379725,90.12850190553118,89.54407890952217,89.83629040752668,344.0
2025-09-13 04:18:00+00:00,89.83629040752668,89.70342319505095,89.69895805558853,89.70119062531974,171.0
2025-09-13 04:19:00+00:00,89.70119062531974,90.29192913266193,89.4545696658666,89.87324939926427,179.0
2025-09-13 04:20:00+00:00,89.87324939926427,89.82634118003286,89.69297609194918,89.75965863599102,337.0
2025-09-13 04:21:00+00:00,89.75965863599102,90.11032637070021,89.48529028998512,89.79780833034266,208.0
2025-09-13 04:22:00+00:00,89.79780833034266,89.94451228891504,89.21000608158502,89.57725918525003,360.0
2025-09-13 04:23:00+00:00,89.57725918525003,89.78684347473417,88.82006988514642,89.3034566799403,119.0
2025-09-13 04:24:00+00:00,89.3034566799403,89.58246808656222,89.10973914679857,89.3461036166804,185.0
2025-09-13 04:25:00+00:00,89.3461036166804,89.29501599787004,89.18045318315488,89.23773459051246,95.0
2025-09-13 04:26:00+00:00,89.23773459051246,89.18549050135385,88.75824592996858,88.97186821566122,89.0
2025-09-13 04:27:00+00:00,88.97186821566122,89.112902814665,88.97518925112485,89.04404603289493,168.0
2025-09-13 04:28:00+00:00,89.04404603289493,89.73041689578086,88.92491835229195,89.32766762403641,270.0
2025-09-13 04:29:00+00:00,89.32766762403641,89.61848902144014,89.40961310897644,89.51405106520829,114.0
2025-09-13 04:30:00+00:00,89.51405106520829,89.54349361072008,89.41552115465024,89.47950738268516,91.0
2025-09-13 04:31:00+00:00,89.47950738268516,89.69154003487343,89.26984916730648,89.48069460108995,444.0
2025-09-13 04:32:00+00:00,89.48069460108995,89.85666902133491,89.3431766224447,89.5999228218898,281.0
2025-09-13 04:33:00+00:00,89.5999228218898,90.48306620598372,89.01866118091569,89.7508636934497,372.0
2025-09-13 04:34:00+00:00,89.7508636934497,89.80392908735647,89.60532424527227,89.70462666631437,376.0
2025-09-13 04:35:00+00:00,89.70462666631437,89.71951664797461,89.69893461811353,89.70922563304407,95.0
2025-09-13 04:36:00+00:00,89.70922563304407,89.8980153450266,89.60135792904175,89.74968663703417,329.0
2025-09-13 04:37:00+00:00,89.74968663703417,90.01820134995488,89.63036456977905,89.82428295986696,437.0
2025-09-13 04:38:00+00:00,89.82428295986696,90.07622872631728,89.53648028437055,89.80635450534392,251.0
2025-09-13 04:39:00+00:00,89.80635450534392,90.10714753777695,89.47321113232879,89.79017933505287,437.0
2025-09-13 04:40:00+00:00,89.79017933505287,90.44712489307,89.50530486802381,89.9762148805469,475.0
2025-09-13 04:41:00+00:00,89.9762148805469,90.46033516693957,89.81887522434737,90.13960519564347,295.0
2025-09-13 04:42:00+00:00,90.13960519564347,90.4947783956215,89.91357903408485,90.20417871485317,95.0
2025-09-13 04:43:00+00:00,90.20417871485317,90.47096006290434,90.40321016128124,90.43708511209279,327.0
2025-09-13 04:44:00+00:00,90.43708511209279,90.49849391298152,90.2708596087479,90.3846767608647,446.0
2025-09-13 04:45:00+00:00,90.3846767608647,90.69770941987295,90.51225600194448,90.60498271090871,310.0
2025-09-13 04:46:00+00:00,90.60498271090871,90.68634186760816,90.6711473786787,90.67874462314343,410.0
2025-09-13 04:47:00+00:00,90.67874462314343,91.1722367972926,91.07727666249009,91.12475672989135,290.0
2025-09-13 04:48:00+00:00,91.12475672989135,91.17115296581221,90.75265800011624,90.96190548296423,238.0
2025-09-13 04:49:00+00:00,90.96190548296423,90.92104193805476,90.81475377715908,90.86789785760692,475.0
2025-09-13 04:50:00+00:00,90.86789785760692,91.1001822720005,90.74981514485393,90.92499870842721,118.0
2025-09-13 04:51:00+00:00,90.92499870842721,91.25555317359213,90.70283204881311,90.97919261120262,251.0
2025-09-13 04:52:00+00:00,90.97919261120262,91.4321558211954,91.05927486644715,91.24571534382127,120.0
2025-09-13 04:53:00+00:00,91.24571534382127,91.41634447531897,90.89221891725742,91.1542816962882,344.0
2025-09-13 04:54:00+00:00,91.1542816962882,91.37397385704388,91.18221915367765,91.27809650536076,464.0
2025-09-13 04:55:00+00:00,91.27809650536076,91.53625741420134,91.3385355172374,91.43739646571937,499.0
2025-09-13 04:56:00+00:00,91.43739646571937,91.56171708732147,91.5064715226069,91.53409430496419,155.0
2025-09-13 04:57:00+00:00,91.53409430496419,91.85339231914115,90.95109460934766,91.4022434642444,377.0
2025-09-13 04:58:00+00:00,91.4022434642444,92.1016244879912,91.08928723075421,91.5954558593727,443.0
2025-09-13 04:59:00+00:00,91.5954558593727,91.87218465935184,91.65684043443717,91.76451254689451,425.0
2025-09-13 05:00:00+00:00,91.76451254689451,91.84855474339408,91.84560634256981,91.84708054298194,276.0
2025-09-13 05:01:00+00:00,91.84708054298194,92.06258773293636,91.68788819890052,91.87523796591844,128.0
2025-09-13 05:02:00+00:00,91.87523796591844,92.07102319261806,91.74178449058901,91.90640384160353,257.0
2025-09-13 05:03:00+00:00,91.90640384160353,91.93345501633736,91.85764497821894,91.89554999727815,399.0
2025-09-13 05:04:00+00:00,91.89554999727815,92.02362326893893,91.9442175587109,91.98392041382492,328.0
2025-09-13 05:05:00+00:00,91.98392041382492,92.15933037227863,91.81710237350687,91.98821637289275,224.0
2025-09-13 05:06:00+00:00,91.98821637289275,92.01215820736888,91.73026059792147,91.87120940264518,146.0
2025-09-13 05:07:00+00:00,91.87120940264518,92.15767822593158,91.29596159957437,91.72681991275297,343.0
2025-09-13 05:08:00+00:00,91.72681991275297,91.80134412060647,91.44546670199355,91.62340541130001,242.0
2025-09-13 05:09:00+00:00,91.62340541130001,91.65924911033045,91.64862942307735,91.6539392667039,262.0
2025-09-13 05:10:00+00:00,91.6539392667039,91.76183180238533,91.53863505507786,91.6502334287316,472.0
2025-09-13 05:11:00+00:00,91.6502334287316,91.73313919183744,91.62654615612868,91.67984267398306,54.0
2025-09-13 05:12:00+00:00,91.67984267398306,91.78525538823266,91.71222511834989,91.74874025329127,157.0
2025-09-13 05:13:00+00:00,91.74874025329127,91.9597320957778,91.36516190981992,91.66244700279886,463.0
2025-09-13 05:14:00+00:00,91.66244700279886,92.60679335211476,91.12158200839686,91.86418768025581,464.0
2025-09-13 05:15:00+00:00,91.86418768025581,92.10734915676454,91.54726190238517,91.82730552957486,186.0
2025-09-13 05:16:00+00:00,91.82730552957486,91.89732079483333,91.6379277732453,91.76762428403931,497.0
2025-09-13 05:17:00+00:00,91.76762428403931,91.97863800958861,91.68946093355005,91.83404947156933,145.0
2025-09-13 05:18:00+00:00,91.83404947156933,91.73557744738551,91.42725525389682,91.58141635064116,73.0
2025-09-13 05:19:00+00:00,91.58141635064116,91.68445111284855,91.2613155187846,91.47288331581657,188.0
2025-09-13 05:20:00+00:00,91.47288331581657,91.89634172695597,91.31884777155628,91.60759474925612,289.0
2025-09-13 05:21:00+00:00,91.60759474925612,91.38361882325675,91.35470919539246,91.3691640093246,52.0
2025-09-13 05:22:00+00:00,91.3691640093246,91.70726866074902,91.33765172616803,91.52246019345853,127.0
2025-09-13 05:23:00+00:00,91.52246019345853,92.09977842949287,91.36052135955133,91.7301498945221,405.0
2025-09-13 05:24:00+00:00,91.7301498945221,91.84455726906785,91.51410010627319,91.67932868767052,329.0
2025-09-13 05:25:00+00:00,91.67932868767052,91.85077554387206,91.58815899547372,91.71946726967289,322.0
2025-09-13 05:26:00+00:00,91.71946726967289,91.88314291466308,91.86397643029524,91.87355967247916,495.0
2025-09-13 05:27:00+00:00,91.87355967247916,92.13432137233409,91.48418625083298,91.80925381158353,152.0
2025-09-13 05:28:00+00:00,91.80925381158353,92.25319977664141,91.6044729380122,91.9288363573268,453.0
2025-09-13 05:29:00+00:00,91.9288363573268,92.37637155770351,91.29630051151806,91.83633603461078,209.0
2025-09-13 05:30:00+00:00,91.83633603461078,92.12342382796385,91.41771162941976,91.7705677286918,466.0
2025-09-13 05:31:00+00:00,91.7705677286918,92.12558623744442,91.19561441430798,91.6606003258762,402.0
2025-09-13 05:32:00+00:00,91.6606003258762,91.72123019892759,91.69421641452074,91.70772330672416,146.0
2025-09-13 05:33:00+00:00,91.70772330672416,92.12770256858163,91.6066050044533,91.86715378651746,144.0
2025-09-13 05:34:00+00:00,91.86715378651746,91.85068486650107,91.83288791940743,91.84178639295425,294.0
2025-09-13 05:35:00+00:00,91.84178639295425,91.68371834406281,91.64992680040311,91.66682257223296,276.0
2025-09-13 05:36:00+00:00,91.66682257223296,91.56286315004405,91.47327875887055,91.5180709544573,155.0
2025-09-13 05:37:00+00:00,91.5180709544573,91.76511015352013,91.37940275811248,91.5722564558163,167.0
2025-09-13 05:38:00+00:00,91.5722564558163,91.92523458796872,91.72658935906081,91.82591197351476,454.0
2025-09-13 05:39:00+00:00,91.82591197351476,91.95305168808919,91.80726676492274,91.88015922650597,389.0
2025-09-13 05:40:00+00:00,91.88015922650597,92.08021769941925,91.57348734282155,91.8268525211204,136.0
2025-09-13 05:41:00+00:00,91.8268525211204,91.9739027382482,91.89099242499452,91.93244758162136,376.0
2025-09-13 05:42:00+00:00,91.93244758162136,92.12105333310012,91.67780060615428,91.8994269696272,119.0
2025-09-13 05:43:00+00:00,91.8994269696272,92.23482459370256,91.45976634509266,91.84729546939761,250.0
2025-09-13 05:44:00+00:00,91.84729546939761,91.75480521937858,91.67587984208829,91.71534253073344,55.0
2025-09-13 05:45:00+00:00,91.71534253073344,92.20094120488658,91.61768261076556,91.90931190782607,342.0
2025-09-13 05:46:00+00:00,91.90931190782607,91.86891842280119,91.25090647698431,91.55991244989275,131.0
2025-09-13 05:47:00+00:00,91.55991244989275,91.79043536788129,91.54867648138776,91.66955592463452,156.0
2025-09-13 05:48:00+00:00,91.66955592463452,92.01292342924053,91.19869888960706,91.6058111594238,135.0
2025-09-13 05:49:00+00:00,91.6058111594238,91.87265791206309,91.22623031821578,91.54944411513944,132.0
2025-09-13 05:50:00+00:00,91.54944411513944,91.81878287468496,91.74548732083537,91.78213509776016,84.0
2025-09-13 05:51:00+00:00,91.78213509776016,91.69392017797755,91.67382186733663,91.68387102265709,299.0
2025-09-13 05:52:00+00:00,91.68387102265709,91.82732819559041,91.35345510677874,91.59039165118458,440.0
2025-09-13 05:53:00+00:00,91.59039165118458,91.74746777924814,91.39749044853762,91.57247911389288,185.0
2025-09-13 05:54:00+00:00,91.57247911389288,91.63000775110797,91.62867686533306,91.62934230822052,400.0
2025-09-13 05:55:00+00:00,91.62934230822052,91.72569432473874,91.41156966977032,91.56863199725453,294.0
2025-09-13 05:56:00+00:00,91.56863199725453,91.39834912377222,91.30707648315095,91.35271280346159,164.0
2025-09-13 05:57:00+00:00,91.35271280346159,91.61798278524999,90.8503451643701,91.23416397481004,77.0
2025-09-13 05:58:00+00:00,91.23416397481004,91.78339657486156,91.03597288722641,91.40968473104398,402.0
2025-09-13 05:59:00+00:00,91.40968473104398,91.67595664713882,91.16391993318022,91.41993829015952,60.0
2025-09-13 06:00:00+00:00,91.41993829015952,91.56175525334551,91.4018783060706,91.48181677970805,239.0
2025-09-13 06:01:00+00:00,91.48181677970805,91.4466957826216,91.44520598094239,91.445950881782,65.0
2025-09-13 06:02:00+00:00,91.445950881782,91.59510817086955,91.11595787120525,91.3555330210374,398.0
2025-09-13 06:03:00+00:00,91.3555330210374,91.79635017294254,91.37506057520329,91.58570537407292,495.0
2025-09-13 06:04:00+00:00,91.58570537407292,91.69139675791922,91.42831423575348,91.55985549683635,195.0
2025-09-13 06:05:00+00:00,91.55985549683635,91.5250310170265,91.47293581809969,91.4989834175631,191.0
2025-09-13 06:06:00+00:00,91.4989834175631,91.8656252063623,91.43347686284557,91.64955103460393,304.0
2025-09-13 06:07:00+00:00,91.64955103460393,91.63848639332582,91.46211123138352,91.55029881235467,275.0
2025-09-13 06:08:00+00:00,91.55029881235467,91.48375907275411,91.45356899033445,91.46866403154428,221.0
2025-09-13 06:09:00+00:00,91.46866403154428,91.61393385978342,91.32620597640694,91.47006991809518,214.0
2025-09-13 06:10:00+00:00,91.47006991809518,91.47971113024752,91.46050282527733,91.47010697776243,134.0
2025-09-13 06:11:00+00:00,91.47010697776243,91.53536586341008,91.47610199825235,91.50573393083121,162.0
2025-09-13 06:12:00+00:00,91.50573393083121,91.82855319439854,91.75801553151543,91.79328436295698,313.0
2025-09-13 06:13:00+00:00,91.79328436295698,91.93432500545183,91.74486306850059,91.83959403697621,380.0
2025-09-13 06:14:00+00:00,91.83959403697621,91.81112637717139,91.21403035004151,91.51257836360645,387.0
2025-09-13 06:15:00+00:00,91.51257836360645,91.57449332719371,91.54026669921903,91.55738001320637,282.0
2025-09-13 06:16:00+00:00,91.55738001320637,91.74632895315209,91.37883594801143,91.56258245058176,388.0
2025-09-13 06:17:00+00:00,91.56258245058176,91.80212532765556,91.3349751517661,91.56855023971083,316.0
2025-09-13 06:18:00+00:00,91.56855023971083,91.65745970088273,91.54721635846684,91.60233802967478,210.0
2025-09-13 06:19:00+00:00,91.60233802967478,91.76648675526258,91.43030847898953,91.59839761712605,209.0
2025-09-13 06:20:00+00:00,91.59839761712605,91.63367052266862,91.54866773179252,91.59116912723057,283.0
2025-09-13 06:21:00+00:00,91.59116912723057,91.79716374633524,91.55370028926488,91.67543201780006,188.0
2025-09-13 06:22:00+00:00,91.67543201780006,91.73175863905561,91.47007951899124,91.60091907902343,393.0
2025-09-13 06:23:00+00:00,91.60091907902343,91.6161940437311,91.3254023108106,91.47079817727085,133.0
2025-09-13 06:24:00+00:00,91.47079817727085,92.43719192367556,91.33605215479994,91.88662203923775,74.0
2025-09-13 06:25:00+00:00,91.88662203923775,91.97097977096877,91.60503704929585,91.7880084101323,271.0
2025-09-13 06:26:00+00:00,91.7880084101323,92.23189236436743,91.37170228261154,91.80179732348948,82.0
2025-09-13 06:27:00+00:00,91.80179732348948,91.92018624340088,91.27195722189234,91.5960717326466,136.0
2025-09-13 06:28:00+00:00,91.5960717326466,91.72985760450156,91.49429280445766,91.61207520447961,219.0
2025-09-13 06:29:00+00:00,91.61207520447961,91.98025150175798,90.98759415366578,91.48392282771188,51.0
2025-09-13 06:30:00+00:00,91.48392282771188,91.80661194792427,91.03983651651401,91.42322423221914,150.0
2025-09-13 06:31:00+00:00,91.42322423221914,91.72837818787607,91.40492459763445,91.56665139275526,295.0
2025-09-13 06:32:00+00:00,91.56665139275526,91.71318113870552,91.54982856537183,91.63150485203867,218.0
2025-09-13 06:33:00+00:00,91.63150485203867,92.13663648732705,91.28269250763799,91.70966449748252,453.0
2025-09-13 06:34:00+00:00,91.70966449748252,91.50217821666529,91.43048774504773,91.4663329808565,92.0
2025-09-13 06:35:00+00:00,91.4663329808565,91.84463631153105,91.59276688866527,91.71870160009816,373.0
2025-09-13 06:36:00+00:00,91.71870160009816,91.74179652342146,91.36794624440638,91.55487138391392,316.0
2025-09-13 06:37:00+00:00,91.55487138391392,91.80054678524776,91.72951923194098,91.76503300859437,339.0
2025-09-13 06:38:00+00:00,91.76503300859437,92.0139981066409,91.79750950392385,91.90575380528237,352.0
2025-09-13 06:39:00+00:00,91.90575380528237,92.18528569862947,91.78547145945679,91.98537857904313,73.0
2025-09-13 06:40:00+00:00,91.98537857904313,92.3121132841116,91.42285680580474,91.86748504495817,406.0
2025-09-13 06:41:00+00:00,91.86748504495817,91.90560838137245,91.87114499221076,91.8883766867916,199.0
2025-09-13 06:42:00+00:00,91.8883766867916,92.02529574111009,91.62168685983204,91.82349130047106,342.0
2025-09-13 06:43:00+00:00,91.82349130047106,91.9215307359946,91.73345158370202,91.82749115984831,182.0
2025-09-13 06:44:00+00:00,91.82749115984831,91.86298638822662,91.72317340191957,91.79307989507309,228.0
2025-09-13 06:45:00+00:00,91.79307989507309,91.76843308798081,91.25719315981632,91.51281312389857,365.0
2025-09-13 06:46:00+00:00,91.51281312389857,91.70456582602486,91.6292925466025,91.66692918631368,470.0
2025-09-13 06:47:00+00:00,91.66692918631368,91.70443265699966,91.6071225404378,91.65577759871873,445.0
2025-09-13 06:48:00+00:00,91.65577759871873,91.74040616438404,91.43789321799045,91.58914969118725,376.0
2025-09-13 06:49:00+00:00,91.58914969118725,91.61986000155929,91.40454437913405,91.51220219034667,292.0
2025-09-13 06:50:00+00:00,91.51220219034667,91.59679803586981,91.52604308233397,91.56142055910189,287.0
2025-09-13 06:51:00+00:00,91.56142055910189,91.61427743600115,91.26322737220565,91.4387524041034,484.0
2025-09-13 06:52:00+00:00,91.4387524041034,91.13157562435791,91.12834302811859,91.12995932623825,143.0
2025-09-13 06:53:00+00:00,91.12995932623825,91.24904318216178,91.122214631193,91.1856289066774,479.0
2025-09-13 06:54:00+00:00,91.1856289066774,91.39611766148,91.11719965233975,91.25665865690988,342.0
2025-09-13 06:55:00+00:00,91.25665865690988,91.59193677697093,90.86673551907563,91.22933614802328,327.0
2025-09-13 06:56:00+00:00,91.22933614802328,91.1669299101188,90.97784545407572,91.07238768209726,316.0
2025-09-13 06:57:00+00:00,91.07238768209726,91.17168576769907,90.99738993350789,91.08453785060348,415.0
2025-09-13 06:58:00+00:00,91.08453785060348,90.91780428265733,90.85152190208726,90.88466309237229,357.0
2025-09-13 06:59:00+00:00,90.88466309237229,90.97767796084516,90.51178537193935,90.74473166639225,92.0
2025-09-13 07:00:00+00:00,90.74473166639225,90.74158164396191,90.54363105986728,90.6426063519146,401.0
2025-09-13 07:01:00+00:00,90.6426063519146,90.83004777897523,90.68480075413731,90.75742426655627,377.0
2025-09-13 07:02:00+00:00,90.75742426655627,90.99080891860628,90.42533755215861,90.70807323538244,461.0
2025-09-13 07:03:00+00:00,90.70807323538244,90.7349374079142,90.55937469373686,90.64715605082553,471.0
2025-09-13 07:04:00+00:00,90.64715605082553,91.0282443806765,90.7984097157147,90.9133270481956,477.0
2025-09-13 07:05:00+00:00,90.9133270481956,91.04223943257838,90.88057069495662,90.9614050637675,69.0
2025-09-13 07:06:00+00:00,90.9614050637675,91.13706462398429,90.87827527781619,91.00766995090024,333.0
2025-09-13 07:07:00+00:00,91.00766995090024,91.63009213848387,90.28433893525265,90.95721553686826,470.0
2025-09-13 07:08:00+00:00,90.95721553686826,91.02642480626527,90.72534611380878,90.87588546003703,484.0
2025-09-13 07:09:00+00:00,90.87588546003703,91.04677950923977,90.10989292596639,90.57833621760308,297.0
2025-09-13 07:10:00+00:00,90.57833621760308,91.07287703354694,90.34722747012165,90.7100522518343,460.0
2025-09-13 07:11:00+00:00,90.7100522518343,90.94337884431896,90.59876527891264,90.7710720616158,446.0
2025-09-13 07:12:00+00:00,90.7710720616158,91.04987731964249,90.44348409119218,90.74668070541733,51.0
2025-09-13 07:13:00+00:00,90.74668070541733,90.88264857083264,90.57335808159924,90.72800332621594,448.0
2025-09-13 07:14:00+00:00,90.72800332621594,91.11865388251265,90.53783013196899,90.82824200724082,336.0
2025-09-13 07:15:00+00:00,90.82824200724082,90.78467247053118,90.44867038378419,90.61667142715768,308.0
2025-09-13 07:16:00+00:00,90.61667142715768,90.57941444745465,90.49364008222882,90.53652726484174,130.0
2025-09-13 07:17:00+00:00,90.53652726484174,90.44119269281015,90.3234939656173,90.38234332921373,463.0
2025-09-13 07:18:00+00:00,90.38234332921373,90.66380988006644,90.58185501894859,90.62283244950751,182.0
2025-09-13 07:19:00+00:00,90.62283244950751,90.94099734737495,90.54288711974311,90.74194223355903,238.0
2025-09-13 07:20:00+00:00,90.74194223355903,90.53245298161077,90.35279117036599,90.44262207598838,183.0
2025-09-13 07:21:00+00:00,90.44262207598838,90.3901759059909,90.08480848673094,90.23749219636092,486.0
2025-09-13 07:22:00+00:00,90.23749219636092,90.2588723784646,90.18028794524484,90.21958016185472,267.0
2025-09-13 07:23:00+00:00,90.21958016185472,90.60222309873167,89.70911244974592,90.1556677742388,101.0
2025-09-13 07:24:00+00:00,90.1556677742388,90.0332532107045,89.92023621216795,89.97674471143623,54.0
2025-09-13 07:25:00+00:00,89.97674471143623,90.43572193920674,90.04348403227026,90.2396029857385,491.0
2025-09-13 07:26:00+00:00,90.2396029857385,90.40377275100566,90.16006348993913,90.2819181204724,156.0
2025-09-13 07:27:00+00:00,90.2819181204724,90.40798412909574,90.28449990461375,90.34624201685475,396.0
2025-09-13 07:28:00+00:00,90.34624201685475,90.27703511970215,90.22798337730758,90.25250924850486,63.0
2025-09-13 07:29:00+00:00,90.25250924850486,90.55304169374803,90.14764394055298,90.3503428171505,453.0
2025-09-13 07:30:00+00:00,90.3503428171505,90.46103050687593,90.13656785243423,90.29879917965508,342.0
2025-09-13 07:31:00+00:00,90.29879917965508,90.31997685801099,90.20088116531747,90.26042901166423,151.0
2025-09-13 07:32:00+00:00,90.26042901166423,90.4998826808278,90.18649907947247,90.34319088015013,450.0
2025-09-13 07:33:00+00:00,90.34319088015013,90.2095761168171,90.03583810028927,90.12270710855319,184.0
2025-09-13 07:34:00+00:00,90.12270710855319,90.35399216750359,90.32372506500981,90.3388586162567,499.0
2025-09-13 07:35:00+00:00,90.3388586162567,90.43321501477664,90.29393948049227,90.36357724763445,319.0
2025-09-13 07:36:00+00:00,90.36357724763445,91.14369354031032,89.93104687953559,90.53737020992295,251.0
2025-09-13 07:37:00+00:00,90.53737020992295,90.73923208689521,90.04364677159933,90.39143942924727,76.0
2025-09-13 07:38:00+00:00,90.39143942924727,90.48266037577838,90.05005305751251,90.26635671664545,167.0
2025-09-13 07:39:00+00:00,90.26635671664545,90.30350939384076,89.9148365671357,90.10917298048822,76.0
2025-09-13 07:40:00+00:00,90.10917298048822,90.17257639754118,90.11344461566966,90.14301050660542,433.0
2025-09-13 07:41:00+00:00,90.14301050660542,90.73084067219982,89.57302502451905,90.15193284835944,95.0
2025-09-13 07:42:00+00:00,90.15193284835944,90.30590080258888,89.87240576314197,90.08915328286542,100.0
2025-09-13 07:43:00+00:00,90.08915328286542,90.1150073850694,89.7894376145267,89.95222249979805,106.0
2025-09-13 07:44:00+00:00,89.95222249979805,89.7854160418644,89.77755399521591,89.78148501854015,488.0
2025-09-13 07:45:00+00:00,89.78148501854015,89.96510298344371,89.58480865873254,89.77495582108813,486.0
2025-09-13 07:46:00+00:00,89.77495582108813,89.9105574390153,89.5140038816398,89.71228066032755,371.0
2025-09-13 07:47:00+00:00,89.71228066032755,89.73982844453319,89.50030562507284,89.62006703480301,83.0
2025-09-13 07:48:00+00:00,89.62006703480301,89.9751553433031,89.68141252504799,89.82828393417554,276.0
2025-09-13 07:49:00+00:00,89.82828393417554,90.11565194563241,89.51873176930366,89.81719185746803,476.0
2025-09-13 07:50:00+00:00,89.81719185746803,90.3949474533527,89.58197750914499,89.98846248124885,93.0
2025-09-13 07:51:00+00:00,89.98846248124885,89.96798527127076,89.86503761886685,89.9165114450688,407.0
2025-09-13 07:52:00+00:00,89.9165114450688,90.30224801446144,89.59681528735015,89.9495316509058,58.0
2025-09-13 07:53:00+00:00,89.9495316509058,90.28343743420426,89.6006563654119,89.94204689980808,411.0
2025-09-13 07:54:00+00:00,89.94204689980808,90.05641614583112,89.37019749623778,89.71330682103445,295.0
2025-09-13 07:55:00+00:00,89.71330682103445,90.13895923758756,89.67248937130697,89.90572430444726,449.0
2025-09-13 07:56:00+00:00,89.90572430444726,89.98044767061941,89.79455138431865,89.88749952746903,236.0
2025-09-13 07:57:00+00:00,89.88749952746903,90.12011097521075,89.85628180374131,89.98819638947603,403.0
2025-09-13 07:58:00+00:00,89.98819638947603,90.22795043282713,89.54553568626613,89.88674305954663,429.0
2025-09-13 07:59:00+00:00,89.88674305954663,90.32282081957304,89.40621882109524,89.86451982033414,196.0
2025-09-13 08:00:00+00:00,89.86451982033414,89.97248279136475,89.5230109063586,89.74774684886168,339.0
2025-09-13 08:01:00+00:00,89.74774684886168,89.95840926310676,89.87017735277068,89.91429330793872,257.0
2025-09-13 08:02:00+00:00,89.91429330793872,90.00334881051297,89.9092578815311,89.95630334602204,244.0
2025-09-13 08:03:00+00:00,89.95630334602204,90.16567508957925,89.846015211874,90.00584515072663,409.0
2025-09-13 08:04:00+00:00,90.00584515072663,90.2936470562477,90.0851506038701,90.1893988300589,151.0
2025-09-13 08:05:00+00:00,90.1893988300589,90.53271451963455,90.15922381432419,90.34596916697937,103.0
2025-09-13 08:06:00+00:00,90.34596916697937,90.52342461819147,90.37606967103856,90.44974714461502,266.0
2025-09-13 08:07:00+00:00,90.44974714461502,90.30826373957656,90.2058569806703,90.25706036012343,419.0
2025-09-13 08:08:00+00:00,90.25706036012343,90.33174550330806,89.99410360964838,90.16292455647822,123.0
2025-09-13 08:09:00+00:00,90.16292455647822,90.29020853511743,89.76430445163838,90.0272564933779,203.0
2025-09-13 08:10:00+00:00,90.0272564933779,90.58026525954796,89.67084857033029,90.12555691493912,350.0
2025-09-13 08:11:00+00:00,90.12555691493912,90.31972837563227,89.97753166406578,90.14863001984902,264.0
2025-09-13 08:12:00+00:00,90.14863001984902,89.96276454665966,89.9588290331414,89.96079678990053,322.0
2025-09-13 08:13:00+00:00,89.96079678990053,90.19614111088102,89.67452093965788,89.93533102526945,287.0
2025-09-13 08:14:00+00:00,89.93533102526945,90.02521898108515,89.44277400011117,89.73399649059816,414.0
2025-09-13 08:15:00+00:00,89.73399649059816,89.92299110861465,89.53069261072012,89.72684185966739,443.0
2025-09-13 08:16:00+00:00,89.72684185966739,89.72148627414606,89.28715616502163,89.50432121958384,252.0
2025-09-13 08:17:00+00:00,89.50432121958384,89.66811594791623,89.4825798626119,89.57534790526407,244.0
2025-09-13 08:18:00+00:00,89.57534790526407,89.84549866219247,89.40679434673883,89.62614650446565,175.0
2025-09-13 08:19:00+00:00,89.62614650446565,90.03931288296971,89.72672113240509,89.8830170076874,249.0
2025-09-13 08:20:00+00:00,89.8830170076874,90.17357013995615,89.82123755079917,89.99740384537766,426.0
2025-09-13 08:21:00+00:00,89.99740384537766,90.1413053241204,89.73935502114799,89.94033017263419,275.0
2025-09-13 08:22:00+00:00,89.94033017263419,90.1392320235314,89.96229629101254,90.05076415727197,360.0
2025-09-13 08:23:00+00:00,90.05076415727197,90.08521751050377,89.63912422569429,89.86217086809903,238.0
2025-09-13 08:24:00+00:00,89.86217086809903,89.7807331129031,89.68432619979842,89.73252965635076,368.0
2025-09-13 08:25:00+00:00,89.73252965635076,89.79975610753212,89.75500678277814,89.77738144515513,370.0
2025-09-13 08:26:00+00:00,89.77738144515513,89.80780633308363,89.16661045324902,89.48720839316633,287.0
2025-09-13 08:27:00+00:00,89.48720839316633,89.73785063550176,89.22659018415325,89.4822204098275,470.0
2025-09-13 08:28:00+00:00,89.4822204098275,89.63093206890026,89.05983194662348,89.34538200776187,444.0
2025-09-13 08:29:00+00:00,89.34538200776187,89.65090718131742,89.06701285010433,89.35896001571088,121.0
2025-09-13 08:30:00+00:00,89.35896001571088,89.33295358514366,89.09628365172767,89.21461861843567,152.0
2025-09-13 08:31:00+00:00,89.21461861843567,89.46370558567841,89.07911519541301,89.27141039054571,479.0
2025-09-13 08:32:00+00:00,89.27141039054571,89.39995779083834,89.14803922439519,89.27399850761677,230.0
2025-09-13 08:33:00+00:00,89.27399850761677,89.64629969148574,89.27714029818058,89.46171999483316,189.0
2025-09-13 08:34:00+00:00,89.46171999483316,89.6607523955856,89.26449505222226,89.46262372390393,408.0
2025-09-13 08:35:00+00:00,89.46262372390393,89.46236667689595,89.25670524413783,89.3595359605169,320.0
2025-09-13 08:36:00+00:00,89.3595359605169,89.39066115342027,89.26223820463633,89.3264496790283,109.0
2025-09-13 08:37:00+00:00,89.3264496790283,89.61033948741563,88.68269520532702,89.14651734637133,91.0
2025-09-13 08:38:00+00:00,89.14651734637133,89.47967534937712,88.92200960065796,89.20084247501754,413.0
2025-09-13 08:39:00+00:00,89.20084247501754,89.57207546571523,88.9875247505034,89.27980010810931,394.0
2025-09-13 08:40:00+00:00,89.27980010810931,89.7614898030204,89.46068466079126,89.61108723190583,208.0
2025-09-13 08:41:00+00:00,89.61108723190583,89.62214017142708,89.4329420348898,89.52754110315844,438.0
2025-09-13 08:42:00+00:00,89.52754110315844,89.62532897620117,89.35784270491327,89.49158584055722,106.0
2025-09-13 08:43:00+00:00,89.49158584055722,89.49230749532128,89.33635428545142,89.41433089038635,441.0
2025-09-13 08:44:00+00:00,89.41433089038635,89.80732549706444,89.07824335028256,89.4427844236735,85.0
2025-09-13 08:45:00+00:00,89.4427844236735,89.58445973844636,89.40355682617118,89.49400828230877,336.0
2025-09-13 08:46:00+00:00,89.49400828230877,89.5455379768354,89.42814897511236,89.48684347597388,429.0
2025-09-13 08:47:00+00:00,89.48684347597388,89.66125485075531,89.6043054706754,89.63278016071536,328.0
2025-09-13 08:48:00+00:00,89.63278016071536,89.93946771557613,89.16026458738573,89.54986615148093,400.0
2025-09-13 08:49:00+00:00,89.54986615148093,90.00388734926064,89.36097626654127,89.68243180790095,204.0
2025-09-13 08:50:00+00:00,89.68243180790095,90.16739012669126,89.34241340972079,89.75490176820603,179.0
2025-09-13 08:51:00+00:00,89.75490176820603,89.79505195441757,89.71151237838367,89.75328216640062,169.0
2025-09-13 08:52:00+00:00,89.75328216640062,90.02625948227237,89.39552508574903,89.7108922840107,102.0
2025-09-13 08:53:00+00:00,89.7108922840107,90.20735383347996,89.86871640231145,90.0380351178957,174.0
2025-09-13 08:54:00+00:00,90.0380351178957,90.29889342116178,89.55662642515372,89.92775992315775,161.0
2025-09-13 08:55:00+00:00,89.92775992315775,90.11497800540076,89.82093719354347,89.96795759947211,390.0
2025-09-13 08:56:00+00:00,89.96795759947211,90.10004111504114,89.63350094089742,89.86677102796928,145.0
2025-09-13 08:57:00+00:00,89.86677102796928,90.14579130319255,90.06979994521863,90.1077956242056,124.0
2025-09-13 08:58:00+00:00,90.1077956242056,90.483584931693,89.9718957333005,90.22774033249675,379.0
2025-09-13 08:59:00+00:00,90.22774033249675,90.28741031834839,89.98454580270071,90.13597806052455,292.0
2025-09-13 09:00:00+00:00,90.13597806052455,90.26577052955437,90.14484864639965,90.20530958797701,147.0
2025-09-13 09:01:00+00:00,90.20530958797701,90.53422472011471,89.94614450263907,90.24018461137689,367.0
2025-09-13 09:02:00+00:00,90.24018461137689,90.25782690372448,90.08273555506666,90.17028122939557,147.0
2025-09-13 09:03:00+00:00,90.17028122939557,90.85379673170364,89.69197403322336,90.2728853824635,403.0
2025-09-13 09:04:00+00:00,90.2728853824635,90.50128459006538,90.14994812739451,90.32561635872995,64.0
2025-09-13 09:05:00+00:00,90.32561635872995,90.41464495637513,90.2950465755317,90.35484576595341,315.0
2025-09-13 09:06:00+00:00,90.35484576595341,90.48732822847302,90.21100071354337,90.3491644710082,318.0
2025-09-13 09:07:00+00:00,90.3491644710082,90.41723743860658,90.39796552338512,90.40760148099585,217.0
2025-09-13 09:08:00+00:00,90.40760148099585,90.46811847290171,90.4093103587157,90.4387144158087,360.0
2025-09-13 09:09:00+00:00,90.4387144158087,90.54148997166612,90.35197254576173,90.44673125871392,220.0
2025-09-13 09:10:00+00:00,90.44673125871392,90.47954647989138,90.24006624843426,90.35980636416282,344.0
2025-09-13 09:11:00+00:00,90.35980636416282,90.80560206301907,90.37373959164047,90.58967082732977,150.0
2025-09-13 09:12:00+00:00,90.58967082732977,90.66375576106114,90.2303390836197,90.44704742234042,305.0
2025-09-13 09:13:00+00:00,90.44704742234042,90.58884511125852,90.4213222571593,90.50508368420891,390.0
2025-09-13 09:14:00+00:00,90.50508368420891,90.72591206429561,90.19732593899383,90.46161900164472,484.0
2025-09-13 09:15:00+00:00,90.46161900164472,90.86599752212855,90.5353856770153,90.70069159957193,212.0
2025-09-13 09:16:00+00:00,90.70069159957193,90.581088885475,90.57462134927161,90.5778551173733,262.0
2025-09-13 09:17:00+00:00,90.5778551173733,90.89147631382876,90.06454834966671,90.47801233174773,264.0
2025-09-13 09:18:00+00:00,90.47801233174773,90.37121935886017,90.32175505212766,90.34648720549391,437.0
2025-09-13 09:19:00+00:00,90.34648720549391,90.77113615286693,90.0095313238934,90.39033373838016,483.0
2025-09-13 09:20:00+00:00,90.39033373838016,90.3607202471173,90.04799886700637,90.20435955706184,340.0
2025-09-13 09:21:00+00:00,90.20435955706184,90.19568230173066,90.08358720774608,90.13963475473837,419.0
2025-09-13 09:22:00+00:00,90.13963475473837,90.2648793847032,89.43328827995511,89.84908383232916,87.0
2025-09-13 09:23:00+00:00,89.84908383232916,90.12222012580132,89.64076414083233,89.88149213331683,391.0
2025-09-13 09:24:00+00:00,89.88149213331683,90.05224013802625,89.57591454407735,89.8140773410518,414.0
2025-09-13 09:25:00+00:00,89.8140773410518,90.0665438331914,89.16111265775608,89.61382824547374,371.0
2025-09-13 09:26:00+00:00,89.61382824547374,89.92932003490274,89.59043106072478,89.75987554781376,312.0
2025-09-13 09:27:00+00:00,89.75987554781376,89.85749711080021,89.31047105461607,89.58398408270814,454.0
2025-09-13 09:28:00+00:00,89.58398408270814,90.10051952074295,89.28175688537951,89.69113820306123,344.0
2025-09-13 09:29:00+00:00,89.69113820306123,89.59918245393744,89.59456164789857,89.59687205091801,430.0
2025-09-13 09:30:00+00:00,89.59687205091801,90.02195588088406,89.60279308493062,89.81237448290734,131.0
2025-09-13 09:31:00+00:00,89.81237448290734,89.97747989402711,89.84933938802453,89.91340964102582,349.0
2025-09-13 09:32:00+00:00,89.91340964102582,89.81788211512956,89.7372315744182,89.77755684477388,246.0
2025-09-13 09:33:00+00:00,89.77755684477388,89.66145447350542,89.64682873502471,89.65414160426506,440.0
2025-09-13 09:34:00+00:00,89.65414160426506,89.98385031380027,89.48737040808888,89.73561036094458,446.0
2025-09-13 09:35:00+00:00,89.73561036094458,89.77018240270661,89.63041823185506,89.70030031728083,429.0
2025-09-13 09:36:00+00:00,89.70030031728083,89.91456578751327,89.44047041308109,89.67751810029718,146.0
2025-09-13 09:37:00+00:00,89.67751810029718,90.2132707798494,89.48436588965693,89.84881833475316,271.0
2025-09-13 09:38:00+00:00,89.84881833475316,89.81367074935868,89.6822727636942,89.74797175652644,50.0
2025-09-13 09:39:00+00:00,89.74797175652644,89.86248175941667,89.65804372939401,89.76026274440534,490.0
2025-09-13 09:40:00+00:00,89.76026274440534,90.52473897632201,89.2530335746731,89.88888627549755,165.0
2025-09-13 09:41:00+00:00,89.88888627549755,90.14078532369986,89.85531169779718,89.99804851074852,330.0
2025-09-13 09:42:00+00:00,89.99804851074852,89.99922575746352,89.95378193665782,89.97650384706067,269.0
2025-09-13 09:43:00+00:00,89.97650384706067,89.95998784737174,89.91505251858459,89.93752018297816,457.0
2025-09-13 09:44:00+00:00,89.93752018297816,89.79358540994869,89.61291200166124,89.70324870580497,419.0
2025-09-13 09:45:00+00:00,89.70324870580497,89.69003137809065,89.432445267752,89.56123832292133,399.0
2025-09-13 09:46:00+00:00,89.56123832292133,89.68680723390378,89.52122777872526,89.60401750631452,339.0
2025-09-13 09:47:00+00:00,89.60401750631452,89.68921845627898,89.4817559947603,89.58548722551964,103.0
2025-09-13 09:48:00+00:00,89.58548722551964,89.73871164074235,89.45240107847117,89.59555635960676,463.0
2025-09-13 09:49:00+00:00,89.59555635960676,89.78716327956384,89.6835047957836,89.73533403767372,78.0
2025-09-13 09:50:00+00:00,89.73533403767372,89.78816326910413,89.36315476201415,89.57565901555914,255.0
2025-09-13 09:51:00+00:00,89.57565901555914,89.56160977324369,89.52625148031201,89.54393062677785,220.0
2025-09-13 09:52:00+00:00,89.54393062677785,89.6821890911198,89.45637310221338,89.56928109666659,225.0
2025-09-13 09:53:00+00:00,89.56928109666659,89.5191073408613,89.43034144646006,89.47472439366068,489.0
2025-09-13 09:54:00+00:00,89.47472439366068,89.97178276774372,89.3623219020914,89.66705233491756,154.0
2025-09-13 09:55:00+00:00,89.66705233491756,89.84158015797784,89.73710203980848,89.78934109889316,310.0
2025-09-13 09:56:00+00:00,89.78934109889316,90.17475540110634,89.48209644597192,89.82842592353913,148.0
2025-09-13 09:57:00+00:00,89.82842592353913,90.30193080109393,89.8390913384643,90.07051106977912,460.0
2025-09-13 09:58:00+00:00,90.07051106977912,90.32176971357943,89.41468860388157,89.8682291587305,381.0
2025-09-13 09:59:00+00:00,89.8682291587305,89.90653081407778,89.82784447385093,89.86718764396436,236.0
2025-09-13 10:00:00+00:00,89.86718764396436,90.2784156330184,89.5547518152242,89.9165837241213,86.0
2025-09-13 10:01:00+00:00,89.9165837241213,89.81959954999486,89.76703604082032,89.79331779540759,118.0
2025-09-13 10:02:00+00:00,89.79331779540759,89.97836951552753,89.68929081715984,89.83383016634369,159.0
2025-09-13 10:03:00+00:00,89.83383016634369,90.21225828127606,89.15742379153511,89.68484103640559,232.0
2025-09-13 10:04:00+00:00,89.68484103640559,89.86847605258158,89.68709985131524,89.77778795194841,448.0
2025-09-13 10:05:00+00:00,89.77778795194841,90.0923764793811,89.7483357815577,89.9203561304694,103.0
2025-09-13 10:06:00+00:00,89.9203561304694,90.09823173150225,89.81596048594663,89.95709610872444,309.0
2025-09-13 10:07:00+00:00,89.95709610872444,89.70758234721032,89.70728711635428,89.7074347317823,206.0
2025-09-13 10:08:00+00:00,89.7074347317823,89.71916886505883,89.435703466631,89.57743616584492,70.0
2025-09-13 10:09:00+00:00,89.57743616584492,89.77843214062224,89.52826030553788,89.65334622308006,328.0
2025-09-13 10:10:00+00:00,89.65334622308006,89.87703235900734,89.43536176578202,89.65619706239468,366.0
2025-09-13 10:11:00+00:00,89.65619706239468,89.52370266894812,89.06555145694884,89.29462706294848,481.0
2025-09-13 10:12:00+00:00,89.29462706294848,89.82958208849817,89.09291679280571,89.46124944065194,278.0
2025-09-13 10:13:00+00:00,89.46124944065194,89.66261319453028,89.29656583146149,89.47958951299589,196.0
2025-09-13 10:14:00+00:00,89.47958951299589,89.47339117930899,89.26605146555481,89.3697213224319,434.0
2025-09-13 10:15:00+00:00,89.3697213224319,89.63725020114948,89.36914831454048,89.50319925784498,161.0
2025-09-13 10:16:00+00:00,89.50319925784498,89.66779496082496,89.15676997382012,89.41228246732254,357.0
2025-09-13 10:17:00+00:00,89.41228246732254,89.92334542661752,88.71664660102346,89.31999601382049,474.0
2025-09-13 10:18:00+00:00,89.31999601382049,89.47206175842723,89.26398025380635,89.36802100611679,52.0
2025-09-13 10:19:00+00:00,89.36802100611679,89.7002226365208,89.51396143068553,89.60709203360317,466.0
2025-09-13 10:20:00+00:00,89.60709203360317,89.95775698683616,89.6934137559027,89.82558537136943,142.0
2025-09-13 10:21:00+00:00,89.82558537136943,90.02734936826934,89.72078141821078,89.87406539324006,266.0
2025-09-13 10:22:00+00:00,89.87406539324006,89.96811574721757,89.9047277201007,89.93642173365913,166.0
2025-09-13 10:23:00+00:00,89.93642173365913,90.13669047966368,89.94983355378307,90.04326201672338,115.0
2025-09-13 10:24:00+00:00,90.04326201672338,90.46269160502264,89.28460360144835,89.8736476032355,366.0
2025-09-13 10:25:00+00:00,89.8736476032355,89.98824282610116,89.9328121941451,89.96052751012313,266.0
2025-09-13 10:26:00+00:00,89.96052751012313,89.90249365652932,89.82055748649114,89.86152557151023,279.0
2025-09-13 10:27:00+00:00,89.86152557151023,90.19018758053576,89.61874084820568,89.90446421437072,267.0
2025-09-13 10:28:00+00:00,89.90446421437072,89.8750275236529,89.87256030487578,89.87379391426434,386.0
2025-09-13 10:29:00+00:00,89.87379391426434,90.22352188389819,89.6592532377082,89.9413875608032,484.0
2025-09-13 10:30:00+00:00,89.9413875608032,90.01536726544305,89.89927784760258,89.95732255652281,280.0
2025-09-13 10:31:00+00:00,89.95732255652281,90.01172221892384,89.07550663969599,89.54361442930991,120.0
2025-09-13 10:32:00+00:00,89.54361442930991,89.8387932177719,89.2964979203897,89.5676455690808,197.0
2025-09-13 10:33:00+00:00,89.5676455690808,89.79640039412152,89.51152225666729,89.6539613253944,273.0
2025-09-13 10:34:00+00:00,89.6539613253944,89.76942497038561,89.65847553076082,89.71395025057322,96.0
2025-09-13 10:35:00+00:00,89.71395025057322,89.90701903690913,89.49327341701635,89.70014622696274,153.0
2025-09-13 10:36:00+00:00,89.70014622696274,90.3635359205034,89.47920767362355,89.92137179706347,141.0
2025-09-13 10:37:00+00:00,89.92137179706347,90.017911872107,89.90884863768416,89.96338025489558,487.0
2025-09-13 10:38:00+00:00,89.96338025489558,90.12947851473362,89.91544448683734,90.02246150078548,230.0
2025-09-13 10:39:00+00:00,90.02246150078548,90.37907054885355,89.94815673733336,90.16361364309346,445.0
2025-09-13 10:40:00+00:00,90.16361364309346,90.36439533141844,90.06093671682804,90.21266602412324,298.0
2025-09-13 10:41:00+00:00,90.21266602412324,90.23588218222325,89.94657575467782,90.09122896845054,277.0
2025-09-13 10:42:00+00:00,90.09122896845054,90.10822296299366,89.41642024518228,89.76232160408797,472.0
2025-09-13 10:43:00+00:00,89.76232160408797,89.78064515589203,89.6155615780079,89.69810336694997,361.0
2025-09-13 10:44:00+00:00,89.69810336694997,90.10027234194752,89.50081740963137,89.80054487578944,157.0
2025-09-13 10:45:00+00:00,89.80054487578944,89.9872966785764,89.51869353083535,89.75299510470587,176.0
2025-09-13 10:46:00+00:00,89.75299510470587,90.10374385953163,89.61810050273657,89.8609221811341,349.0
2025-09-13 10:47:00+00:00,89.8609221811341,90.05011567727445,89.71182771084622,89.88097169406034,51.0
2025-09-13 10:48:00+00:00,89.88097169406034,90.3935713203248,89.71602570028652,90.05479851030566,118.0
2025-09-13 10:49:00+00:00,90.05479851030566,90.14382246016929,89.88603517381453,90.01492881699191,83.0
2025-09-13 10:50:00+00:00,90.01492881699191,90.1009046858389,90.05527419121223,90.07808943852557,371.0
2025-09-13 10:51:00+00:00,90.07808943852557,90.38802846683318,89.90490977231109,90.14646911957213,248.0
2025-09-13 10:52:00+00:00,90.14646911957213,90.36317099004583,90.33631725492933,90.34974412248758,55.0
2025-09-13 10:53:00+00:00,90.34974412248758,90.13137620422,90.10612089973097,90.11874855197549,383.0
2025-09-13 10:54:00+00:00,90.11874855197549,90.17146002457093,89.94214613864995,90.05680308161044,345.0
2025-09-13 10:55:00+00:00,90.05680308161044,90.3208782847225,90.02211777173939,90.17149802823094,373.0
2025-09-13 10:56:00+00:00,90.17149802823094,90.54040313393256,90.22126555747673,90.38083434570464,123.0
2025-09-13 10:57:00+00:00,90.38083434570464,90.52062393337404,90.30615007062552,90.41338700199978,443.0
2025-09-13 10:58:00+00:00,90.41338700199978,90.38031627202201,90.36708203376591,90.37369915289396,131.0
2025-09-13 10:59:00+00:00,90.37369915289396,90.56852357179764,90.38426210184801,90.47639283682282,306.0
2025-09-13 11:00:00+00:00,90.47639283682282,90.61311474156042,90.57561587671142,90.59436530913592,301.0
2025-09-13 11:01:00+00:00,90.59436530913592,90.90645399212981,90.18455302457356,90.54550350835169,148.0
2025-09-13 11:02:00+00:00,90.54550350835169,90.69070939718596,90.49004337612205,90.590376386654,218.0
2025-09-13 11:03:00+00:00,90.590376386654,90.85802566946803,90.64384456297533,90.75093511622168,73.0
2025-09-13 11:04:00+00:00,90.75093511622168,91.39712216272794,90.6201612642874,91.00864171350767,262.0
2025-09-13 11:05:00+00:00,91.00864171350767,91.11972034703905,91.10042645051831,91.11007339877868,354.0
2025-09-13 11:06:00+00:00,91.11007339877868,91.26573751449415,90.96647417680195,91.11610584564805,188.0
2025-09-13 11:07:00+00:00,91.11610584564805,91.29917780667124,90.91825312569661,91.10871546618392,291.0
2025-09-13 11:08:00+00:00,91.10871546618392,91.20959238067815,91.16025331240155,91.18492284653985,479.0
2025-09-13 11:09:00+00:00,91.18492284653985,91.38695901340368,90.95124656703094,91.16910279021731,155.0
2025-09-13 11:10:00+00:00,91.16910279021731,91.36175197570165,91.02832904509214,91.1950405103969,180.0
2025-09-13 11:11:00+00:00,91.1950405103969,91.30378219616178,90.79710912410663,91.0504456601342,103.0
2025-09-13 11:12:00+00:00,91.0504456601342,91.45225387969582,91.00327522518457,91.22776455244019,293.0
2025-09-13 11:13:00+00:00,91.22776455244019,91.42932528122478,90.71442100565554,91.07187314344016,141.0
2025-09-13 11:14:00+00:00,91.07187314344016,91.05147308083582,90.97425177671684,91.01286242877633,434.0
2025-09-13 11:15:00+00:00,91.01286242877633,91.3281793500994,90.72419418402576,91.02618676706258,180.0
2025-09-13 11:16:00+00:00,91.02618676706258,91.44993223750056,91.14694980462586,91.29844102106321,348.0
2025-09-13 11:17:00+00:00,91.29844102106321,91.41861922366049,91.06252861881119,91.24057392123584,135.0
2025-09-13 11:18:00+00:00,91.24057392123584,91.50722855160807,90.79170732773592,91.149467939672,195.0
2025-09-13 11:19:00+00:00,91.149467939672,91.36592023948238,90.78245783892284,91.07418903920261,127.0
2025-09-13 11:20:00+00:00,91.07418903920261,91.74515471936209,90.85703588884013,91.30109530410111,298.0
2025-09-13 11:21:00+00:00,91.30109530410111,91.05763878987437,90.7758632398997,90.91675101488704,62.0
2025-09-13 11:22:00+00:00,90.91675101488704,90.83203390634053,90.7281766582111,90.78010528227581,87.0
2025-09-13 11:23:00+00:00,90.78010528227581,91.4684008871556,90.83717552153162,91.15278820434361,275.0
2025-09-13 11:24:00+00:00,91.15278820434361,91.30388674246777,91.16334293964917,91.23361484105847,295.0
2025-09-13 11:25:00+00:00,91.23361484105847,91.20819412096542,90.95657750140278,91.0823858111841,198.0
2025-09-13 11:26:00+00:00,91.0823858111841,91.12481806991538,91.02849994306614,91.07665900649076,244.0
2025-09-13 11:27:00+00:00,91.07665900649076,91.09828823064038,91.07346132433076,91.08587477748557,237.0
2025-09-13 11:28:00+00:00,91.08587477748557,91.30911034817926,91.09399616804349,91.20155325811137,391.0
2025-09-13 11:29:00+00:00,91.20155325811137,91.47580201495508,91.43129582092509,91.45354891794008,250.0
2025-09-13 11:30:00+00:00,91.45354891794008,91.72076801756087,91.29296418059438,91.50686609907763,431.0
2025-09-13 11:31:00+00:00,91.50686609907763,92.05526867267221,90.81034049198902,91.43280458233062,147.0
2025-09-13 11:32:00+00:00,91.43280458233062,91.58429675496173,91.49733592011755,91.54081633753964,139.0
2025-09-13 11:33:00+00:00,91.54081633753964,91.71989275782023,91.17008443710436,91.4449885974623,231.0
2025-09-13 11:34:00+00:00,91.4449885974623,91.73021235811636,90.87650381508193,91.30335808659915,86.0
2025-09-13 11:35:00+00:00,91.30335808659915,91.22928340639255,90.89601171945732,91.06264756292494,351.0
2025-09-13 11:36:00+00:00,91.06264756292494,91.2317865295482,90.46643590401885,90.84911121678353,225.0
2025-09-13 11:37:00+00:00,90.84911121678353,90.76534909850903,90.68871379151204,90.72703144501054,214.0
2025-09-13 11:38:00+00:00,90.72703144501054,90.56753503166371,90.56623875871264,90.56688689518818,290.0
2025-09-13 11:39:00+00:00,90.56688689518818,90.72937533027904,90.48952502853284,90.60945017940594,86.0
2025-09-13 11:40:00+00:00,90.60945017940594,90.44730330245253,90.44585874262094,90.44658102253673,219.0
2025-09-13 11:41:00+00:00,90.44658102253673,90.19715589140397,89.84501255380111,90.02108422260254,487.0
2025-09-13 11:42:00+00:00,90.02108422260254,89.99600820709558,89.76445864003664,89.88023342356611,332.0
2025-09-13 11:43:00+00:00,89.88023342356611,90.06636424080108,89.56691505680402,89.81663964880255,308.0
2025-09-13 11:44:00+00:00,89.81663964880255,89.85364245792555,89.616572580833,89.73510751937927,277.0
2025-09-13 11:45:00+00:00,89.73510751937927,89.94243430135114,89.93731141051168,89.93987285593141,260.0
2025-09-13 11:46:00+00:00,89.93987285593141,89.93807372141887,89.77620232481215,89.85713802311551,471.0
2025-09-13 11:47:00+00:00,89.85713802311551,90.10342217425973,89.84848262061176,89.97595239743575,468.0
2025-09-13 11:48:00+00:00,89.97595239743575,90.0869945472941,89.85978638807009,89.9733904676821,234.0
2025-09-13 11:49:00+00:00,89.9733904676821,90.14321898219293,89.79214341666392,89.96768119942843,466.0
2025-09-13 11:50:00+00:00,89.96768119942843,90.10897184465075,89.60106007864654,89.85501596164865,87.0
2025-09-13 11:51:00+00:00,89.85501596164865,90.13633024889607,89.55785662468382,89.84709343678995,193.0
2025-09-13 11:52:00+00:00,89.84709343678995,89.95819403689048,89.5298861382842,89.74404008758734,185.0
2025-09-13 11:53:00+00:00,89.74404008758734,90.07553473615644,89.4583272834131,89.76693100978477,363.0
2025-09-13 11:54:00+00:00,89.76693100978477,89.85794753834143,89.61230353952156,89.7351255389315,322.0
2025-09-13 11:55:00+00:00,89.7351255389315,89.97028638481437,89.24584585286384,89.6080661188391,262.0
2025-09-13 11:56:00+00:00,89.6080661188391,90.10476930134958,89.3782065983661,89.74148794985784,165.0
2025-09-13 11:57:00+00:00,89.74148794985784,89.96461478356548,89.63331381145406,89.79896429750977,278.0
2025-09-13 11:58:00+00:00,89.79896429750977,89.89765020958647,89.5796122310817,89.73863122033409,171.0
2025-09-13 11:59:00+00:00,89.73863122033409,90.26353587677667,89.25289987899882,89.75821787788774,273.0
2025-09-13 12:00:00+00:00,89.75821787788774,90.27069507470354,89.22317081955457,89.74693294712905,202.0
2025-09-13 12:01:00+00:00,89.74693294712905,89.73425973808837,89.52616720923565,89.63021347366201,449.0
2025-09-13 12:02:00+00:00,89.63021347366201,89.82983823262906,89.4495454931321,89.63969186288058,385.0
2025-09-13 12:03:00+00:00,89.63969186288058,89.63174517054394,89.48071440664891,89.55622978859643,128.0
2025-09-13 12:04:00+00:00,89.55622978859643,89.7065641607486,89.15220111700958,89.42938263887909,473.0
2025-09-13 12:05:00+00:00,89.42938263887909,89.22073987429806,89.20318560948738,89.21196274189272,346.0
2025-09-13 12:06:00+00:00,89.21196274189272,89.19335456725484,89.13462052764187,89.16398754744836,207.0
2025-09-13 12:07:00+00:00,89.16398754744836,89.30112966338308,89.17857003441006,89.23984984889657,288.0
2025-09-13 12:08:00+00:00,89.23984984889657,89.26336192846362,89.03046073788626,89.14691133317494,137.0
2025-09-13 12:09:00+00:00,89.14691133317494,89.60701428728325,89.36222465298033,89.48461947013179,71.0
2025-09-13 12:10:00+00:00,89.48461947013179,89.6643250186202,89.54283766194341,89.6035813402818,239.0
2025-09-13 12:11:00+00:00,89.6035813402818,89.95291121454807,89.60521263439239,89.77906192447023,401.0
2025-09-13 12:12:00+00:00,89.77906192447023,90.10042004163584,89.67202012193319,89.88622008178451,208.0
2025-09-13 12:13:00+00:00,89.88622008178451,90.28358667346936,89.9891895461524,90.13638810981088,222.0
2025-09-13 12:14:00+00:00,90.13638810981088,90.27749589531085,89.7825933391437,90.03004461722728,495.0
2025-09-13 12:15:00+00:00,90.03004461722728,89.93801162211115,89.43177432190753,89.68489297200934,494.0
2025-09-13 12:16:00+00:00,89.68489297200934,90.00568548337952,89.24410843144315,89.62489695741134,258.0
2025-09-13 12:17:00+00:00,89.62489695741134,89.70091246389057,89.6990351530379,89.69997380846424,69.0
2025-09-13 12:18:00+00:00,89.69997380846424,90.37056633423417,89.07015912161175,89.72036272792296,355.0
2025-09-13 12:19:00+00:00,89.72036272792296,90.04157279994222,89.4733144847459,89.75744364234406,371.0
2025-09-13 12:20:00+00:00,89.75744364234406,90.06012316421268,89.8108012391049,89.9354622016588,461.0
2025-09-13 12:21:00+00:00,89.9354622016588,90.08251921241282,89.89151630751087,89.98701775996184,476.0
2025-09-13 12:22:00+00:00,89.98701775996184,90.25879979888647,89.93104037746976,90.09492008817811,333.0
2025-09-13 12:23:00+00:00,90.09492008817811,90.27581277857122,89.6602567744212,89.96803477649621,98.0
2025-09-13 12:24:00+00:00,89.96803477649621,90.12788114980879,89.51277990851887,89.82033052916383,162.0
2025-09-13 12:25:00+00:00,89.82033052916383,90.07575073811574,90.00037801657064,90.03806437734319,372.0
2025-09-13 12:26:00+00:00,90.03806437734319,90.07210778596674,90.03127796812446,90.0516928770456,323.0
2025-09-13 12:27:00+00:00,90.0516928770456,89.97289756854505,89.96219833110462,89.96754794982483,246.0
2025-09-13 12:28:00+00:00,89.96754794982483,90.1409178503321,89.62654017171315,89.88372901102262,230.0
2025-09-13 12:29:00+00:00,89.88372901102262,89.96578451543968,89.62672187400972,89.7962531947247,369.0
2025-09-13 12:30:00+00:00,89.7962531947247,90.0836026415743,89.31801967132982,89.70081115645206,240.0
2025-09-13 12:31:00+00:00,89.70081115645206,89.60061222111075,89.45604398398471,89.52832810254773,119.0
2025-09-13 12:32:00+00:00,89.52832810254773,89.78344440163676,88.87067456450353,89.32705948307014,490.0
2025-09-13 12:33:00+00:00,89.32705948307014,89.36815663375688,89.23371247154304,89.30093455264996,207.0
2025-09-13 12:34:00+00:00,89.30093455264996,89.48628350917818,88.95680971031544,89.22154660974681,175.0
2025-09-13 12:35:00+00:00,89.22154660974681,89.49922724117937,89.24045958379085,89.36984341248511,81.0
2025-09-13 12:36:00+00:00,89.36984341248511,89.6421307710275,89.17614997203975,89.40914037153362,261.0
2025-09-13 12:37:00+00:00,89.40914037153362,89.58344809278331,89.30601229036061,89.44473019157196,493.0
2025-09-13 12:38:00+00:00,89.44473019157196,89.88346227251604,88.80670459251293,89.34508343251449,121.0
2025-09-13 12:39:00+00:00,89.34508343251449,89.46023190953574,89.19749801820896,89.32886496387235,160.0
2025-09-13 12:40:00+00:00,89.32886496387235,89.46620957704363,89.28829000531485,89.37724979117924,130.0
2025-09-13 12:41:00+00:00,89.37724979117924,89.57131902486564,89.37531856191204,89.47331879338884,92.0
2025-09-13 12:42:00+00:00,89.47331879338884,89.67470878329839,89.2467281381448,89.4607184607216,321.0
2025-09-13 12:43:00+00:00,89.4607184607216,89.61943814797908,89.5918508657094,89.60564450684424,184.0
2025-09-13 12:44:00+00:00,89.60564450684424,89.99176846651301,89.22166822156584,89.60671834403942,387.0
2025-09-13 12:45:00+00:00,89.60671834403942,89.83240157194935,89.59429518828584,89.7133483801176,230.0
2025-09-13 12:46:00+00:00,89.7133483801176,89.96281644279674,89.33208989620783,89.64745316950228,336.0
2025-09-13 12:47:00+00:00,89.64745316950228,89.53661600549356,89.2714706440616,89.40404332477758,90.0
2025-09-13 12:48:00+00:00,89.40404332477758,89.44729743525235,89.43278083880452,89.44003913702844,198.0
2025-09-13 12:49:00+00:00,89.44003913702844,89.65882380446465,89.41597941718626,89.53740161082546,236.0
2025-09-13 12:50:00+00:00,89.53740161082546,89.67324045130462,89.55617479280221,89.61470762205342,76.0
2025-09-13 12:51:00+00:00,89.61470762205342,89.75127425151479,89.59167934226008,89.67147679688743,238.0
2025-09-13 12:52:00+00:00,89.67147679688743,89.67095343474274,89.57824974720883,89.62460159097579,261.0
2025-09-13 12:53:00+00:00,89.62460159097579,89.67321958179605,89.3592018583906,89.51621072009333,231.0
2025-09-13 12:54:00+00:00,89.51621072009333,89.66537214554631,89.51527649400813,89.59032431977722,276.0
2025-09-13 12:55:00+00:00,89.59032431977722,90.02487598031482,89.27042601251745,89.64765099641613,408.0
2025-09-13 12:56:00+00:00,89.64765099641613,89.76079582065415,89.38371975522546,89.5722577879398,396.0
2025-09-13 12:57:00+00:00,89.5722577879398,89.99849406216339,89.44439059667877,89.72144232942108,56.0
2025-09-13 12:58:00+00:00,89.72144232942108,89.65145743001725,89.55394860775115,89.6027030188842,338.0
2025-09-13 12:59:00+00:00,89.6027030188842,89.66934888627495,89.37926996220298,89.52430942423896,456.0
2025-09-13 13:00:00+00:00,89.52430942423896,89.93265684173805,89.55600136559828,89.74432910366816,442.0
2025-09-13 13:01:00+00:00,89.74432910366816,90.26001222287778,89.46264929946733,89.86133076117255,195.0
2025-09-13 13:02:00+00:00,89.86133076117255,89.83370982507044,89.79246402924902,89.81308692715973,402.0
2025-09-13 13:03:00+00:00,89.81308692715973,89.95508333069715,89.74853886126088,89.85181109597902,410.0
2025-09-13 13:04:00+00:00,89.85181109597902,89.8843631308023,89.86098899611322,89.87267606345776,214.0
2025-09-13 13:05:00+00:00,89.87267606345776,89.80405157556892,89.20255582988948,89.5033037027292,441.0
2025-09-13 13:06:00+00:00,89.5033037027292,89.56532400228119,89.19805156355113,89.38168778291616,334.0
2025-09-13 13:07:00+00:00,89.38168778291616,89.83270287443865,88.91703894195696,89.3748709081978,387.0
2025-09-13 13:08:00+00:00,89.3748709081978,89.50803566886934,89.14611540232762,89.32707553559848,386.0
2025-09-13 13:09:00+00:00,89.32707553559848,89.48017639234601,89.24020580092372,89.36019109663486,401.0
2025-09-13 13:10:00+00:00,89.36019109663486,89.90524051591437,89.11819058712977,89.51171555152207,480.0
2025-09-13 13:11:00+00:00,89.51171555152207,89.50400881726092,89.43309944528154,89.46855413127123,435.0
2025-09-13 13:12:00+00:00,89.46855413127123,89.60153068561577,89.05192210746013,89.32672639653795,240.0
2025-09-13 13:13:00+00:00,89.32672639653795,89.65250695551394,89.08802085634507,89.3702639059295,302.0
2025-09-13 13:14:00+00:00,89.3702639059295,89.8481548022227,88.80482321768486,89.32648900995378,341.0
2025-09-13 13:15:00+00:00,89.32648900995378,89.49264930602985,89.11851179486669,89.30558055044827,435.0
2025-09-13 13:16:00+00:00,89.30558055044827,89.28592145703259,89.24708568343026,89.26650357023142,226.0
2025-09-13 13:17:00+00:00,89.26650357023142,89.84017605159889,89.29420472471026,89.56719038815457,190.0
2025-09-13 13:18:00+00:00,89.56719038815457,89.27594139259719,89.2573693093168,89.266655350957,382.0
2025-09-13 13:19:00+00:00,89.266655350957,89.24450325970966,89.18484191907095,89.2146725893903,479.0
2025-09-13 13:20:00+00:00,89.2146725893903,89.54638885668244,88.88196897918375,89.2141789179331,460.0
2025-09-13 13:21:00+00:00,89.2141789179331,89.73922818724094,88.48018512591364,89.10970665657729,116.0
2025-09-13 13:22:00+00:00,89.10970665657729,89.34056010342515,89.11956527021191,89.23006268681853,463.0
2025-09-13 13:23:00+00:00,89.23006268681853,89.44941660783321,89.22854270609174,89.33897965696248,405.0
2025-09-13 13:24:00+00:00,89.33897965696248,89.54899655174465,89.11616417391052,89.33258036282758,120.0
2025-09-13 13:25:00+00:00,89.33258036282758,89.70133344867277,88.89130204598213,89.29631774732745,52.0
2025-09-13 13:26:00+00:00,89.29631774732745,89.53274744151798,89.0298985722223,89.28132300687014,141.0
2025-09-13 13:27:00+00:00,89.28132300687014,89.5353561116605,88.99922563449464,89.26729087307757,468.0
2025-09-13 13:28:00+00:00,89.26729087307757,89.3045293507896,89.20906518531821,89.2567972680539,389.0
2025-09-13 13:29:00+00:00,89.2567972680539,89.65132535572671,88.81193568463165,89.23163052017918,308.0
2025-09-13 13:30:00+00:00,89.23163052017918,89.46665433648508,89.06419889266124,89.26542661457316,333.0
2025-09-13 13:31:00+00:00,89.26542661457316,89.73166424050449,89.00101036679031,89.3663373036474,235.0
2025-09-13 13:32:00+00:00,89.3663373036474,89.38069066705893,89.02245655709271,89.20157361207582,457.0
2025-09-13 13:33:00+00:00,89.20157361207582,89.0618158456613,89.06039019825951,89.0611030219604,120.0
2025-09-13 13:34:00+00:00,89.0611030219604,88.92664407027533,88.72899925301886,88.82782166164709,191.0
2025-09-13 13:35:00+00:00,88.82782166164709,89.00135798803709,88.88531600732202,88.94333699767955,140.0
2025-09-13 13:36:00+00:00,88.94333699767955,89.31464793594927,88.63883236808013,88.9767401520147,431.0
2025-09-13 13:37:00+00:00,88.9767401520147,89.20520202529671,88.88320057057989,89.0442012979383,293.0
2025-09-13 13:38:00+00:00,89.0442012979383,88.99668814585499,88.71025797801695,88.85347306193597,357.0
2025-09-13 13:39:00+00:00,88.85347306193597,89.36551359369757,88.81786657295866,89.09169008332812,463.0
2025-09-13 13:40:00+00:00,89.09169008332812,89.38851527078522,88.63220851304511,89.01036189191517,137.0
2025-09-13 13:41:00+00:00,89.01036189191517,89.21157070673283,88.85407492323563,89.03282281498423,483.0
2025-09-13 13:42:00+00:00,89.03282281498423,89.53424011005185,88.75975664776792,89.14699837890988,106.0
2025-09-13 13:43:00+00:00,89.14699837890988,89.46513142440847,88.56510178048288,89.01511660244567,389.0
2025-09-13 13:44:00+00:00,89.01511660244567,89.05619179330212,88.82820779466617,88.94219979398414,366.0
2025-09-13 13:45:00+00:00,88.94219979398414,89.19564237304722,88.73657143517427,88.96610690411075,421.0
2025-09-13 13:46:00+00:00,88.96610690411075,90.03688641512504,88.65961894521358,89.34825268016931,121.0
2025-09-13 13:47:00+00:00,89.34825268016931,89.43219674210968,89.34504175875375,89.38861925043172,481.0
2025-09-13 13:48:00+00:00,89.38861925043172,89.85116141115121,89.35736770322525,89.60426455718823,407.0
2025-09-13 13:49:00+00:00,89.60426455718823,89.97393640163891,89.55898632523532,89.76646136343712,99.0
2025-09-13 13:50:00+00:00,89.76646136343712,90.08990424301813,89.54215071874886,89.81602748088349,300.0
2025-09-13 13:51:00+00:00,89.81602748088349,89.74871243140205,89.61700327165539,89.68285785152872,417.0
2025-09-13 13:52:00+00:00,89.68285785152872,90.39510978484566,89.2559578574942,89.82553382116993,264.0
2025-09-13 13:53:00+00:00,89.82553382116993,89.71644268838682,89.53137252763474,89.62390760801078,221.0
2025-09-13 13:54:00+00:00,89.62390760801078,90.26237388611572,89.41638859492117,89.83938124051845,173.0
2025-09-13 13:55:00+00:00,89.83938124051845,90.12031757288914,89.61235805433539,89.86633781361226,282.0
2025-09-13 13:56:00+00:00,89.86633781361226,89.77446179750174,89.2451344798198,89.50979813866077,492.0
2025-09-13 13:57:00+00:00,89.50979813866077,89.57018885500987,89.35799487370254,89.4640918643562,323.0
2025-09-13 13:58:00+00:00,89.4640918643562,89.66859530664452,89.43518907701342,89.55189219182897,374.0
2025-09-13 13:59:00+00:00,89.55189219182897,89.5686456730434,89.47147222016777,89.52005894660559,400.0
2025-09-13 14:00:00+00:00,89.52005894660559,89.67031872517424,89.56192426458281,89.61612149487853,400.0
2025-09-13 14:01:00+00:00,89.61612149487853,89.75863533847064,89.24522567261596,89.5019305055433,230.0
2025-09-13 14:02:00+00:00,89.5019305055433,89.46578335218284,89.18775707460442,89.32677021339363,395.0
2025-09-13 14:03:00+00:00,89.32677021339363,89.68366291004627,88.95073258132003,89.31719774568315,197.0
2025-09-13 14:04:00+00:00,89.31719774568315,89.73005681420557,88.9127969482443,89.32142688122494,312.0
2025-09-13 14:05:00+00:00,89.32142688122494,89.30197459788252,89.24754899075037,89.27476179431645,186.0
2025-09-13 14:06:00+00:00,89.27476179431645,89.48649596033374,89.39202874480688,89.43926235257031,472.0
2025-09-13 14:07:00+00:00,89.43926235257031,89.38608073925656,89.26446360828194,89.32527217376925,378.0
2025-09-13 14:08:00+00:00,89.32527217376925,89.51235416875386,89.22213070203608,89.36724243539497,312.0
2025-09-13 14:09:00+00:00,89.36724243539497,89.79769494943676,88.95501371701445,89.3763543332256,253.0
2025-09-13 14:10:00+00:00,89.3763543332256,89.20369943734428,89.13209539125822,89.16789741430125,284.0
2025-09-13 14:11:00+00:00,89.16789741430125,89.04346044106198,88.93983777347601,88.991649107269,400.0
2025-09-13 14:12:00+00:00,88.991649107269,89.03712029696376,88.9493578889172,88.99323909294048,173.0
2025-09-13 14:13:00+00:00,88.99323909294048,89.48189714627459,89.03430798653746,89.25810256640602,422.0
2025-09-13 14:14:00+00:00,89.25810256640602,89.46434034466239,89.2070457699821,89.33569305732225,176.0
2025-09-13 14:15:00+00:00,89.33569305732225,89.20321564015285,89.00628616591192,89.10475090303238,113.0
2025-09-13 14:16:00+00:00,89.10475090303238,88.8531664027492,88.52679432370832,88.68998036322876,381.0
2025-09-13 14:17:00+00:00,88.68998036322876,89.19256344712831,88.38254807796837,88.78755576254834,368.0
2025-09-13 14:18:00+00:00,88.78755576254834,89.17131019890071,88.37817549546149,88.7747428471811,200.0
2025-09-13 14:19:00+00:00,88.7747428471811,88.94375555333077,88.90993723152967,88.92684639243022,341.0
2025-09-13 14:20:00+00:00,88.92684639243022,88.85333302633255,88.76555648751294,88.80944475692274,377.0
2025-09-13 14:21:00+00:00,88.80944475692274,88.98490939781834,88.72731116059975,88.85611027920905,404.0
2025-09-13 14:22:00+00:00,88.85611027920905,88.97341561546432,88.96451120027481,88.96896340786957,478.0
2025-09-13 14:23:00+00:00,88.96896340786957,89.03860084303139,88.77993491639538,88.90926787971338,434.0
2025-09-13 14:24:00+00:00,88.90926787971338,89.1291471153908,88.575776086097,88.8524616007439,247.0
2025-09-13 14:25:00+00:00,88.8524616007439,88.85821545590294,88.85344186736656,88.85582866163475,153.0
2025-09-13 14:26:00+00:00,88.85582866163475,89.22633240755988,88.63004367871176,88.92818804313582,93.0
2025-09-13 14:27:00+00:00,88.92818804313582,89.01228060674742,88.84027142948887,88.92627601811814,308.0
2025-09-13 14:28:00+00:00,88.92627601811814,89.47447452380968,88.63810901999216,89.05629177190092,349.0
2025-09-13 14:29:00+00:00,89.05629177190092,89.07210009285305,88.91711149328609,88.99460579306957,360.0
2025-09-13 14:30:00+00:00,88.99460579306957,89.14363429380528,88.49127038132157,88.81745233756342,54.0
2025-09-13 14:31:00+00:00,88.81745233756342,89.16664094333483,88.99581530913112,89.08122812623297,365.0
2025-09-13 14:32:00+00:00,89.08122812623297,89.19959494716676,88.80135001030033,89.00047247873354,404.0
2025-09-13 14:33:00+00:00,89.00047247873354,88.97516659792863,88.87406820547405,88.92461740170134,374.0
2025-09-13 14:34:00+00:00,88.92461740170134,89.28165368720057,88.55002737708678,88.91584053214368,286.0
2025-09-13 14:35:00+00:00,88.91584053214368,89.07428240326163,88.77531995848832,88.92480118087498,56.0
2025-09-13 14:36:00+00:00,88.92480118087498,89.20681841303893,88.53965656177299,88.87323748740596,270.0
2025-09-13 14:37:00+00:00,88.87323748740596,89.2474502471612,88.49437656783601,88.8709134074986,340.0
2025-09-13 14:38:00+00:00,88.8709134074986,88.89175353251647,88.8394724811391,88.86561300682779,306.0
2025-09-13 14:39:00+00:00,88.86561300682779,89.013429987941,88.76440841699106,88.88891920246603,308.0
2025-09-13 14:40:00+00:00,88.88891920246603,88.67270938503025,88.47757572384164,88.57514255443594,282.0
2025-09-13 14:41:00+00:00,88.57514255443594,88.95921514788284,88.69157232734017,88.8253937376115,298.0
2025-09-13 14:42:00+00:00,88.8253937376115,88.80841587237806,88.80312711086789,88.80577149162298,195.0
2025-09-13 14:43:00+00:00,88.80577149162298,88.94389860060804,88.82239968267294,88.88314914164049,322.0
2025-09-13 14:44:00+00:00,88.88314914164049,88.93755599507544,88.46165187355301,88.69960393431423,176.0
2025-09-13 14:45:00+00:00,88.69960393431423,88.73447807143926,88.53944145065624,88.63695976104775,271.0
2025-09-13 14:46:00+00:00,88.63695976104775,88.84012239316849,88.25511114097026,88.54761676706937,236.0
2025-09-13 14:47:00+00:00,88.54761676706937,88.93054931133199,88.55553650813374,88.74304290973286,371.0
2025-09-13 14:48:00+00:00,88.74304290973286,88.68480861202482,88.64538506413035,88.66509683807759,452.0
2025-09-13 14:49:00+00:00,88.66509683807759,88.79211996798543,88.73983410567814,88.76597703683179,334.0
2025-09-13 14:50:00+00:00,88.76597703683179,89.35886219384,87.99997072381242,88.67941645882621,110.0
2025-09-13 14:51:00+00:00,88.67941645882621,88.91738834083645,88.32107149345256,88.61922991714451,350.0
2025-09-13 14:52:00+00:00,88.61922991714451,88.61430040214891,88.55889005341972,88.58659522778431,196.0
2025-09-13 14:53:00+00:00,88.58659522778431,89.07327354890924,88.44144005399028,88.75735680144976,72.0
2025-09-13 14:54:00+00:00,88.75735680144976,88.5919091445993,88.42030205615464,88.50610560037697,136.0
2025-09-13 14:55:00+00:00,88.50610560037697,88.408259702618,88.25496320211617,88.33161145236708,499.0
2025-09-13 14:56:00+00:00,88.33161145236708,88.26000485900327,87.88794514744735,88.07397500322531,242.0
2025-09-13 14:57:00+00:00,88.07397500322531,88.02926959006254,87.83157274916596,87.93042116961425,140.0
2025-09-13 14:58:00+00:00,87.93042116961425,87.86544566435201,87.78143393746068,87.82343980090634,110.0
2025-09-13 14:59:00+00:00,87.82343980090634,87.70526465968537,87.516761696281,87.61101317798318,342.0
2025-09-13 15:00:00+00:00,87.61101317798318,87.82111830144642,87.20805597673807,87.51458713909224,392.0
2025-09-13 15:01:00+00:00,87.51458713909224,87.3927516724967,87.10827034664919,87.25051100957295,208.0
2025-09-13 15:02:00+00:00,87.25051100957295,87.20056594067621,87.03419930594698,87.1173826233116,96.0
2025-09-13 15:03:00+00:00,87.1173826233116,87.29049793449212,87.25828238972977,87.27439016211095,209.0
2025-09-13 15:04:00+00:00,87.27439016211095,87.44926882235299,87.20521220142822,87.32724051189061,349.0
2025-09-13 15:05:00+00:00,87.32724051189061,87.4030315854234,87.30056944783254,87.35180051662797,101.0
2025-09-13 15:06:00+00:00,87.35180051662797,87.2754948704408,87.16552016180093,87.22050751612086,170.0
2025-09-13 15:07:00+00:00,87.22050751612086,87.39413362128435,86.64540978032791,87.01977170080613,50.0
2025-09-13 15:08:00+00:00,87.01977170080613,86.98842348475536,86.7539865452441,86.87120501499973,262.0
2025-09-13 15:09:00+00:00,86.87120501499973,87.0166985875551,86.71445073818528,86.86557466287019,126.0
2025-09-13 15:10:00+00:00,86.86557466287019,87.1412300160327,86.81631071317247,86.97877036460258,139.0
2025-09-13 15:11:00+00:00,86.97877036460258,87.38322383407204,86.80993674599559,87.09658029003381,100.0
2025-09-13 15:12:00+00:00,87.09658029003381,87.21996115094646,87.13804992518268,87.17900553806457,378.0
2025-09-13 15:13:00+00:00,87.17900553806457,87.30539120213126,86.85982811801284,87.08260966007205,270.0
2025-09-13 15:14:00+00:00,87.08260966007205,87.08945204521436,87.08218098343798,87.08581651432617,476.0
2025-09-13 15:15:00+00:00,87.08581651432617,87.11973097551073,86.96796915334723,87.04385006442898,227.0
2025-09-13 15:16:00+00:00,87.04385006442898,87.08622500207022,86.94894605859514,87.01758553033268,149.0
2025-09-13 15:17:00+00:00,87.01758553033268,87.40696979133325,87.16081245576443,87.28389112354884,141.0
2025-09-13 15:18:00+00:00,87.28389112354884,87.17614799294357,86.93086072414293,87.05350435854325,478.0
2025-09-13 15:19:00+00:00,87.05350435854325,87.13111731099042,86.91461387438764,87.02286559268903,315.0
2025-09-13 15:20:00+00:00,87.02286559268903,87.25665907666895,87.10570937202722,87.18118422434809,196.0
2025-09-13 15:21:00+00:00,87.18118422434809,87.34941437952575,86.62998080197018,86.98969759074797,344.0
2025-09-13 15:22:00+00:00,86.98969759074797,87.0048937512813,86.80658433386476,86.90573904257303,301.0
2025-09-13 15:23:00+00:00,86.90573904257303,87.0033822749564,86.67022107836651,86.83680167666145,101.0
2025-09-13 15:24:00+00:00,86.83680167666145,86.8542380500349,86.76120574772364,86.80772189887927,365.0
2025-09-13 15:25:00+00:00,86.80772189887927,86.63288393750392,86.56743273651799,86.60015833701095,103.0
2025-09-13 15:26:00+00:00,86.60015833701095,87.08684387117177,86.26819747289241,86.67752067203209,139.0
2025-09-13 15:27:00+00:00,86.67752067203209,86.78177963758034,86.7466047033414,86.76419217046087,370.0
2025-09-13 15:28:00+00:00,86.76419217046087,86.94207320273405,86.71868792777671,86.83038056525538,250.0
2025-09-13 15:29:00+00:00,86.83038056525538,86.85522222957242,86.57896220579643,86.71709221768442,149.0
2025-09-13 15:30:00+00:00,86.71709221768442,86.75379323781878,86.70289855053274,86.72834589417576,80.0
2025-09-13 15:31:00+00:00,86.72834589417576,87.03953154453086,86.1832971460795,86.61141434530518,317.0
2025-09-13 15:32:00+00:00,86.61141434530518,86.84460169164241,86.29182855104857,86.56821512134549,363.0
2025-09-13 15:33:00+00:00,86.56821512134549,86.93754160531388,86.7590585055123,86.84830005541309,141.0
2025-09-13 15:34:00+00:00,86.84830005541309,87.12207052250034,86.59946432048915,86.86076742149474,237.0
2025-09-13 15:35:00+00:00,86.86076742149474,86.87694075119464,86.53542112770776,86.7061809394512,204.0
2025-09-13 15:36:00+00:00,86.7061809394512,86.7797733751311,86.6795034148297,86.7296383949804,451.0
2025-09-13 15:37:00+00:00,86.7296383949804,86.70105043994502,86.40686038615885,86.55395541305194,405.0
2025-09-13 15:38:00+00:00,86.55395541305194,86.50382473498655,86.29302861965948,86.39842667732302,173.0
2025-09-13 15:39:00+00:00,86.39842667732302,86.44163687180696,86.08557288401283,86.2636048779099,281.0
2025-09-13 15:40:00+00:00,86.2636048779099,86.59250116586983,85.81976369244975,86.2061324291598,465.0
2025-09-13 15:41:00+00:00,86.2061324291598,86.55235819887451,86.10239444212755,86.32737632050103,205.0
2025-09-13 15:42:00+00:00,86.32737632050103,86.84822074695721,85.95639169033159,86.4023062186444,113.0
2025-09-13 15:43:00+00:00,86.4023062186444,86.66411163095735,86.27611800225257,86.47011481660496,184.0
2025-09-13 15:44:00+00:00,86.47011481660496,86.65316810137946,86.00222395749819,86.32769602943883,323.0
2025-09-13 15:45:00+00:00,86.32769602943883,86.70138170135117,85.81387599438527,86.25762884786822,496.0
2025-09-13 15:46:00+00:00,86.25762884786822,86.34343797215043,86.24222059601702,86.29282928408372,188.0
2025-09-13 15:47:00+00:00,86.29282928408372,86.34913824398488,86.07393842360564,86.21153833379526,76.0
2025-09-13 15:48:00+00:00,86.21153833379526,86.22329809950811,86.12779839965906,86.17554824958358,131.0
2025-09-13 15:49:00+00:00,86.17554824958358,86.33466197555688,86.13057528411443,86.23261862983566,235.0
2025-09-13 15:50:00+00:00,86.23261862983566,86.52429065312464,85.85074345907961,86.18751705610212,92.0
2025-09-13 15:51:00+00:00,86.18751705610212,86.34014482562834,86.09334974174989,86.21674728368912,65.0
2025-09-13 15:52:00+00:00,86.21674728368912,86.7329926471166,86.11295401757668,86.42297333234664,345.0
2025-09-13 15:53:00+00:00,86.42297333234664,86.62657257922703,86.17482218298497,86.400697381106,420.0
2025-09-13 15:54:00+00:00,86.400697381106,86.71575321142164,86.39159891894444,86.55367606518304,154.0
2025-09-13 15:55:00+00:00,86.55367606518304,86.6291871395794,86.62347254960487,86.62632984459214,285.0
2025-09-13 15:56:00+00:00,86.62632984459214,86.4970709383784,86.37470267691334,86.43588680764587,307.0
2025-09-13 15:57:00+00:00,86.43588680764587,86.427942428831,86.15827471874228,86.29310857378664,350.0
2025-09-13 15:58:00+00:00,86.29310857378664,86.20185862605179,86.16869264312872,86.18527563459025,490.0
2025-09-13 15:59:00+00:00,86.18527563459025,86.20565591949936,85.94401444366441,86.07483518158189,448.0
2025-09-13 16:00:00+00:00,86.07483518158189,86.48520040430505,85.64115651257403,86.06317845843954,192.0
2025-09-13 16:01:00+00:00,86.06317845843954,86.16974991388021,86.11537484222852,86.14256237805436,489.0
2025-09-13 16:02:00+00:00,86.14256237805436,86.31380939360777,86.29598859046222,86.30489899203499,65.0
2025-09-13 16:03:00+00:00,86.30489899203499,86.67452267702517,86.0150848118124,86.34480374441878,482.0
2025-09-13 16:04:00+00:00,86.34480374441878,86.40556468708935,86.16863504080517,86.28709986394726,114.0
2025-09-13 16:05:00+00:00,86.28709986394726,86.3028100168747,85.73321892519024,86.01801447103247,101.0
2025-09-13 16:06:00+00:00,86.01801447103247,86.08094341439602,85.97330241745303,86.02712291592452,103.0
2025-09-13 16:07:00+00:00,86.02712291592452,86.26190793349737,85.79898883375948,86.03044838362842,104.0
2025-09-13 16:08:00+00:00,86.03044838362842,86.13173171423355,85.97638385905267,86.05405778664311,258.0
2025-09-13 16:09:00+00:00,86.05405778664311,86.34730102482808,86.30542598023379,86.32636350253094,338.0
2025-09-13 16:10:00+00:00,86.32636350253094,86.80032591287109,86.17398878504359,86.48715734895734,385.0
2025-09-13 16:11:00+00:00,86.48715734895734,86.60169921581554,86.5764285242826,86.58906387004907,57.0
2025-09-13 16:12:00+00:00,86.58906387004907,86.73075532702568,86.1976365810721,86.46419595404889,183.0
2025-09-13 16:13:00+00:00,86.46419595404889,86.66425018471904,86.13112587171344,86.39768802821624,109.0
2025-09-13 16:14:00+00:00,86.39768802821624,86.43825382503375,86.33254091571239,86.38539737037307,115.0
2025-09-13 16:15:00+00:00,86.38539737037307,86.36856528206668,86.20139472024151,86.2849800011541,385.0
2025-09-13 16:16:00+00:00,86.2849800011541,86.50039476456647,86.19916159002719,86.34977817729683,338.0
2025-09-13 16:17:00+00:00,86.34977817729683,86.44956795552073,86.34247015240902,86.39601905396488,144.0
2025-09-13 16:18:00+00:00,86.39601905396488,86.35068926009733,86.15950257956582,86.25509591983158,185.0
2025-09-13 16:19:00+00:00,86.25509591983158,86.50358382716038,86.31658078482315,86.41008230599176,466.0
2025-09-13 16:20:00+00:00,86.41008230599176,86.63439220640923,86.21229637387482,86.42334429014203,308.0
2025-09-13 16:21:00+00:00,86.42334429014203,86.5541939218722,85.84477917527774,86.19948654857497,157.0
2025-09-13 16:22:00+00:00,86.19948654857497,86.24938822886702,86.13630819545443,86.19284821216073,470.0
2025-09-13 16:23:00+00:00,86.19284821216073,86.3382753609529,86.12015035736536,86.22921285915913,139.0
2025-09-13 16:24:00+00:00,86.22921285915913,86.75199864268637,85.95826012570427,86.35512938419532,181.0
2025-09-13 16:25:00+00:00,86.35512938419532,86.71806301800127,85.90478942006801,86.31142621903464,361.0
2025-09-13 16:26:00+00:00,86.31142621903464,86.84876558489731,85.98860162739783,86.41868360614757,280.0
2025-09-13 16:27:00+00:00,86.41868360614757,86.64611074686451,86.23978096827324,86.44294585756887,81.0
2025-09-13 16:28:00+00:00,86.44294585756887,86.39540050969725,86.14979575764607,86.27259813367166,413.0
2025-09-13 16:29:00+00:00,86.27259813367166,86.27710720892291,85.90220719068547,86.0896571998042,152.0
2025-09-13 16:30:00+00:00,86.0896571998042,86.39823170701096,86.07124930430562,86.2347405056583,361.0
2025-09-13 16:31:00+00:00,86.2347405056583,86.46612315944498,86.31304170737414,86.38958243340956,200.0
2025-09-13 16:32:00+00:00,86.38958243340956,86.70783670967054,86.15503640887306,86.4314365592718,388.0
2025-09-13 16:33:00+00:00,86.4314365592718,86.62567123681765,86.62546550699781,86.62556837190773,454.0
2025-09-13 16:34:00+00:00,86.62556837190773,86.79075854237465,86.73518420212272,86.76297137224869,397.0
2025-09-13 16:35:00+00:00,86.76297137224869,87.18589722406702,86.51807776545317,86.8519874947601,464.0
2025-09-13 16:36:00+00:00,86.8519874947601,86.87315133857398,86.59353822652555,86.73334478254976,292.0
2025-09-13 16:37:00+00:00,86.73334478254976,87.01550924910278,86.9022836729139,86.95889646100834,79.0
2025-09-13 16:38:00+00:00,86.95889646100834,87.13000183529559,86.92775591882378,87.02887887705968,291.0
2025-09-13 16:39:00+00:00,87.02887887705968,87.02964938282516,86.9274001690071,86.97852477591613,257.0
2025-09-13 16:40:00+00:00,86.97852477591613,86.9306853236331,86.85207617875955,86.89138075119632,373.0
2025-09-13 16:41:00+00:00,86.89138075119632,86.93478975785399,86.91492152941589,86.92485564363494,161.0
2025-09-13 16:42:00+00:00,86.92485564363494,86.87775337197435,86.53673389779264,86.7072436348835,363.0
2025-09-13 16:43:00+00:00,86.7072436348835,86.84145034707178,86.75513268508716,86.79829151607947,248.0
2025-09-13 16:44:00+00:00,86.79829151607947,86.98954807008873,86.35890750703375,86.67422778856124,351.0
2025-09-13 16:45:00+00:00,86.67422778856124,86.84577746530017,86.59907141737897,86.72242444133957,238.0
2025-09-13 16:46:00+00:00,86.72242444133957,86.82985682834536,86.47933659086007,86.65459670960271,221.0
2025-09-13 16:47:00+00:00,86.65459670960271,86.9070035556407,86.33346420298781,86.62023387931426,146.0
2025-09-13 16:48:00+00:00,86.62023387931426,86.74306032352101,86.3008279203425,86.52194412193175,422.0
2025-09-13 16:49:00+00:00,86.52194412193175,86.56229317707505,86.43975047542088,86.50102182624796,80.0
2025-09-13 16:50:00+00:00,86.50102182624796,86.76745110813914,86.72558775699775,86.74651943256845,156.0
2025-09-13 16:51:00+00:00,86.74651943256845,87.39039940382298,86.46346145707017,86.92693043044657,242.0
2025-09-13 16:52:00+00:00,86.92693043044657,87.05658279953525,86.88974394446646,86.97316337200085,120.0
2025-09-13 16:53:00+00:00,86.97316337200085,87.22408325140366,86.71564385092456,86.96986355116411,462.0
2025-09-13 16:54:00+00:00,86.96986355116411,87.17831054221567,86.98181626402352,87.0800634031196,205.0
2025-09-13 16:55:00+00:00,87.0800634031196,87.2638707824369,87.19170001598198,87.22778539920944,159.0
2025-09-13 16:56:00+00:00,87.22778539920944,87.34643976732738,86.89211646182923,87.11927811457831,164.0
2025-09-13 16:57:00+00:00,87.11927811457831,87.28239507576407,86.93592307408741,87.10915907492574,136.0
2025-09-13 16:58:00+00:00,87.10915907492574,87.09332263195299,86.64951779151704,86.87142021173501,348.0
2025-09-13 16:59:00+00:00,86.87142021173501,87.62104619191496,86.41473734212539,87.01789176702017,266.0
2025-09-13 17:00:00+00:00,87.01789176702017,87.66613949166275,86.90956199048402,87.28785074107338,153.0
2025-09-13 17:01:00+00:00,87.28785074107338,87.43722847991715,87.15944498237796,87.29833673114756,442.0
2025-09-13 17:02:00+00:00,87.29833673114756,87.55601233560577,86.48501760989745,87.02051497275161,345.0
2025-09-13 17:03:00+00:00,87.02051497275161,87.27038178108288,86.92967867643694,87.1000302287599,231.0
2025-09-13 17:04:00+00:00,87.1000302287599,87.36546210654403,86.59851988304244,86.98199099479324,280.0
2025-09-13 17:05:00+00:00,86.98199099479324,86.8970529852799,86.89391672879462,86.89548485703726,345.0
2025-09-13 17:06:00+00:00,86.89548485703726,87.0370710180589,86.91731545637154,86.97719323721522,118.0
2025-09-13 17:07:00+00:00,86.97719323721522,87.15259911183202,86.8682212551495,87.01041018349076,413.0
2025-09-13 17:08:00+00:00,87.01041018349076,87.18038143732836,86.71307392705528,86.94672768219182,166.0
2025-09-13 17:09:00+00:00,86.94672768219182,86.88100368982252,86.84309094910635,86.86204731946444,63.0
2025-09-13 17:10:00+00:00,86.86204731946444,86.93072528445826,86.82616358154466,86.87844443300146,284.0
2025-09-13 17:11:00+00:00,86.87844443300146,86.93856322305733,86.71163721947168,86.8251002212645,444.0
2025-09-13 17:12:00+00:00,86.8251002212645,86.73630280693699,86.62520899443079,86.68075590068389,379.0
2025-09-13 17:13:00+00:00,86.68075590068389,86.71116446268283,86.56388842140149,86.63752644204216,188.0
2025-09-13 17:14:00+00:00,86.63752644204216,86.90642135243466,86.45691841055059,86.68166988149262,229.0
2025-09-13 17:15:00+00:00,86.68166988149262,86.93144171305846,86.38558931826464,86.65851551566155,318.0
2025-09-13 17:16:00+00:00,86.65851551566155,86.70931120484845,86.24063145554364,86.47497133019604,154.0
2025-09-13 17:17:00+00:00,86.47497133019604,86.63978369390206,86.56693740157202,86.60336054773704,419.0
2025-09-13 17:18:00+00:00,86.60336054773704,86.70968789122472,85.78692202541376,86.24830495831924,182.0
2025-09-13 17:19:00+00:00,86.24830495831924,86.22251184951739,86.15864200906424,86.19057692929081,147.0
2025-09-13 17:20:00+00:00,86.19057692929081,86.27360628535533,85.9472563562345,86.11043132079492,92.0
2025-09-13 17:21:00+00:00,86.11043132079492,86.15750596990662,86.1016401673881,86.12957306864736,361.0
2025-09-13 17:22:00+00:00,86.12957306864736,86.34679090525245,86.05754345861087,86.20216718193166,61.0
2025-09-13 17:23:00+00:00,86.20216718193166,86.35246183815,86.34350761453514,86.34798472634257,412.0
2025-09-13 17:24:00+00:00,86.34798472634257,86.47987070053186,86.03165314429803,86.25576192241495,487.0
2025-09-13 17:25:00+00:00,86.25576192241495,86.60810573064282,86.0552732303477,86.33168948049526,100.0
2025-09-13 17:26:00+00:00,86.33168948049526,86.6210212808333,86.09308112600152,86.35705120341741,93.0
2025-09-13 17:27:00+00:00,86.35705120341741,86.34443548706231,85.9268251384873,86.13563031277481,470.0
2025-09-13 17:28:00+00:00,86.13563031277481,86.38160862792134,86.38146539642455,86.38153701217294,106.0
2025-09-13 17:29:00+00:00,86.38153701217294,86.4009993893781,85.98962586133571,86.1953126253569,233.0
2025-09-13 17:30:00+00:00,86.1953126253569,86.44671358044829,86.05242190209148,86.24956774126989,441.0
2025-09-13 17:31:00+00:00,86.24956774126989,86.47152188084051,86.12854474801996,86.30003331443024,112.0
2025-09-13 17:32:00+00:00,86.30003331443024,86.40109238489306,86.27035138906864,86.33572188698085,348.0
2025-09-13 17:33:00+00:00,86.33572188698085,86.4278486445592,86.11554367729123,86.27169616092522,222.0
2025-09-13 17:34:00+00:00,86.27169616092522,86.67532965783889,86.08230102656412,86.3788153422015,246.0
2025-09-13 17:35:00+00:00,86.3788153422015,86.26844551649343,86.08530991594658,86.17687771622,468.0
2025-09-13 17:36:00+00:00,86.17687771622,86.56414058037446,85.77259693386581,86.16836875712013,342.0
2025-09-13 17:37:00+00:00,86.16836875712013,86.20927817869969,85.981756479654,86.09551732917684,193.0
2025-09-13 17:38:00+00:00,86.09551732917684,86.15782692593422,85.8583596155361,86.00809327073516,470.0
2025-09-13 17:39:00+00:00,86.00809327073516,86.19834979002273,85.92849967157379,86.06342473079826,311.0
2025-09-13 17:40:00+00:00,86.06342473079826,86.55177798051285,85.85349089406604,86.20263443728945,94.0
2025-09-13 17:41:00+00:00,86.20263443728945,86.17187019567358,86.14465287487899,86.15826153527628,226.0
2025-09-13 17:42:00+00:00,86.15826153527628,86.277597550669,86.24083009068578,86.25921382067739,159.0
2025-09-13 17:43:00+00:00,86.25921382067739,86.50821692017698,86.0230829734661,86.26564994682154,339.0
2025-09-13 17:44:00+00:00,86.26564994682154,86.18959046323015,86.11082767882108,86.15020907102561,437.0
